ply
format ascii 1.0
comment Created by Blender 3.3.1 - www.blender.org
element vertex 6624
property float x
property float y
property float z
property float nx
property float ny
property float nz
property uchar red
property uchar green
property uchar blue
property uchar alpha
element face 13248
property list uchar uint vertex_indices
end_header
17.025299 50.625000 -37.500000 -0.620606 -0.258137 -0.740414 255 128 0 255
17.424469 49.075195 -37.500000 -0.684759 -0.176367 -0.707107 255 128 0 255
17.025299 50.625000 -18.750000 -0.923314 -0.384046 0.000000 255 128 0 255
17.025299 50.625000 37.500000 -0.620606 -0.258137 0.740414 255 128 0 255
17.424469 49.075195 18.750000 -0.968395 -0.249421 0.000000 255 128 0 255
17.424469 49.075195 37.500000 -0.684759 -0.176367 0.707107 255 128 0 255
18.621979 44.425781 37.500000 -0.684230 -0.168137 0.709619 255 128 0 255
18.621979 44.425781 18.750000 -0.971110 -0.238633 0.000000 255 128 0 255
18.985725 42.871094 18.750000 -0.973704 -0.227815 0.000000 255 128 0 255
18.985725 42.871094 37.500000 -0.688513 -0.161090 0.707107 255 128 0 255
20.076965 38.207031 37.500000 -0.687499 -0.149790 0.710569 255 128 0 255
20.076965 38.207031 18.750000 -0.977078 -0.212883 0.000000 255 128 0 255
20.234497 37.426758 18.750000 -0.980222 -0.197900 0.000000 255 128 0 255
20.234497 37.426758 37.500000 -0.693122 -0.139936 0.707107 255 128 0 255
20.707092 35.085938 37.500000 -0.691881 -0.129578 0.710289 255 128 0 255
20.707092 35.085938 18.750000 -0.982911 -0.184083 0.000000 255 128 0 255
20.842476 34.302246 18.750000 -0.985404 -0.170230 0.000000 255 128 0 255
20.842476 34.302246 37.500000 -0.696786 -0.120371 0.707107 255 128 0 255
21.248627 31.951172 37.500000 -0.695017 -0.108569 0.710749 255 128 0 255
21.248627 31.951172 18.750000 -0.988018 -0.154339 0.000000 255 128 0 255
21.358696 31.163574 18.750000 -0.990375 -0.138408 0.000000 255 128 0 255
21.358696 31.163574 37.500000 -0.700301 -0.097869 0.707107 255 128 0 255
21.688904 28.800781 37.500000 -0.698311 -0.086948 0.710494 255 128 0 255
21.688904 28.800781 18.750000 -0.992337 -0.123557 0.000000 255 128 0 255
21.775223 28.011230 18.750000 -0.994077 -0.108679 0.000000 255 128 0 255
21.775223 28.011230 37.500000 -0.702919 -0.076848 0.707107 255 128 0 255
22.034180 25.642578 37.500000 -0.699895 -0.062887 0.711472 255 128 0 255
22.034180 25.642578 18.750000 -0.995988 -0.089491 0.000000 255 128 0 255
22.146072 24.054199 18.750000 -0.997528 -0.070270 0.000000 255 128 0 255
22.146072 24.054199 37.500000 -0.705359 -0.049689 0.707107 255 128 0 255
22.481750 19.289062 37.500000 -0.701663 -0.035357 0.711631 255 128 0 255
22.481750 19.289062 18.750000 -0.998733 -0.050326 0.000000 255 128 0 255
22.530266 17.691895 18.750000 -0.999539 -0.030362 0.000000 255 128 0 255
22.530266 17.691895 37.500000 -0.706781 -0.021469 0.707107 255 128 0 255
22.675812 12.900391 37.500000 -0.704001 -0.012066 0.710096 255 128 0 255
22.675812 12.900391 18.750000 -0.999853 -0.017137 0.000000 255 128 0 255
22.682076 11.298340 18.750000 -0.999992 -0.003910 0.000000 255 128 0 255
22.682076 11.298340 37.500000 -0.707101 -0.002765 0.707107 255 128 0 255
22.700867 6.492188 37.500000 -0.705618 0.001882 0.708590 255 128 0 255
22.700867 6.492188 18.750000 -0.999996 0.002667 0.000000 255 128 0 255
22.686020 4.886230 18.750000 -0.999957 0.009244 0.000000 255 128 0 255
22.686020 4.886230 37.500000 -0.707077 0.006537 0.707107 255 128 0 255
-0.142883 62.554688 -37.500000 0.001963 -0.664851 -0.746974 255 128 0 255
0.565514 62.436035 -37.500000 -0.116809 -0.697392 -0.707107 255 128 0 255
-0.142883 62.554688 -18.750000 0.002952 -0.999996 0.000000 255 128 0 255
-0.142883 62.554688 37.500000 0.001963 -0.664851 0.746974 255 128 0 255
0.565514 62.436035 18.750000 -0.165193 -0.986261 0.000000 255 128 0 255
0.565514 62.436035 37.500000 -0.116809 -0.697392 0.707107 255 128 0 255
2.690704 62.080078 37.500000 -0.133752 -0.688288 0.713000 255 128 0 255
2.690704 62.080078 18.750000 -0.190757 -0.981637 0.000000 255 128 0 255
3.376503 61.928223 18.750000 -0.216192 -0.976351 0.000000 255 128 0 255
3.376503 61.928223 37.500000 -0.152871 -0.690386 0.707105 255 128 0 255
5.433899 61.472656 37.500000 -0.176383 -0.675860 0.715613 255 128 0 255
5.433899 61.472656 18.750000 -0.252518 -0.967592 0.000000 255 128 0 255
5.761253 61.374023 18.750000 -0.288492 -0.957482 0.000000 255 128 0 255
5.761253 61.374023 37.500000 -0.203995 -0.677043 0.707106 255 128 0 255
6.743317 61.078125 37.500000 -0.226006 -0.661072 0.715475 255 128 0 255
6.743317 61.078125 18.750000 -0.323495 -0.946230 0.000000 255 128 0 255
7.056541 60.958008 18.750000 -0.358060 -0.933699 0.000000 255 128 0 255
7.056541 60.958008 37.500000 -0.253187 -0.660225 0.707107 255 128 0 255
7.996216 60.597656 37.500000 -0.277832 -0.639196 0.717104 255 128 0 255
7.996216 60.597656 18.750000 -0.398630 -0.917112 0.000000 255 128 0 255
8.292496 60.453125 18.750000 -0.438435 -0.898763 0.000000 255 128 0 255
8.292496 60.453125 37.500000 -0.310020 -0.635521 0.707107 255 128 0 255
9.181335 60.019531 37.500000 -0.337590 -0.607062 0.719380 255 128 0 255
9.181335 60.019531 18.750000 -0.486009 -0.873954 0.000000 255 128 0 255
9.457870 59.845703 18.750000 -0.532185 -0.846628 0.000000 255 128 0 255
9.457870 59.845703 37.500000 -0.376312 -0.598657 0.707106 255 128 0 255
10.287476 59.324219 37.500000 -0.402142 -0.565350 0.720181 255 128 0 255
10.287476 59.324219 18.750000 -0.579634 -0.814877 0.000000 255 128 0 255
10.543488 59.119141 18.750000 -0.625194 -0.780469 0.000000 255 128 0 255
10.543488 59.119141 37.500000 -0.442079 -0.551875 0.707107 255 128 0 255
11.311523 58.503906 37.500000 -0.460752 -0.521556 0.718113 255 128 0 255
11.311523 58.503906 18.750000 -0.662070 -0.749442 0.000000 255 128 0 255
11.549362 58.272461 18.750000 -0.697409 -0.716674 0.000000 255 128 0 255
11.549362 58.272461 37.500000 -0.493143 -0.506765 0.707106 255 128 0 255
12.262878 57.578125 37.500000 -0.506465 -0.479960 0.716332 255 128 0 255
12.262878 57.578125 18.750000 -0.725845 -0.687859 0.000000 255 128 0 255
12.485123 57.323730 18.750000 -0.753091 -0.657916 0.000000 255 128 0 255
12.485123 57.323730 37.500000 -0.532516 -0.465217 0.707107 255 128 0 255
13.151855 56.560547 37.500000 -0.541551 -0.442998 0.714476 255 128 0 255
13.151855 56.560547 18.750000 -0.774019 -0.633162 0.000000 255 128 0 255
13.361115 56.287109 18.750000 -0.794134 -0.607743 0.000000 255 128 0 255
13.361115 56.287109 37.500000 -0.561537 -0.429739 0.707107 255 128 0 255
13.988892 55.466797 37.500000 -0.569530 -0.405620 0.714919 255 128 0 255
13.988892 55.466797 18.750000 -0.814536 -0.580113 0.000000 255 128 0 255
14.378838 54.877441 18.750000 -0.833977 -0.551799 0.000000 255 128 0 255
14.378838 54.877441 37.500000 -0.589710 -0.390181 0.707107 255 128 0 255
15.548676 53.109375 37.500000 -0.594282 -0.372910 0.712577 255 128 0 255
15.548676 53.109375 18.750000 -0.847046 -0.531519 0.000000 255 128 0 255
15.917831 52.488281 18.750000 -0.859623 -0.510929 0.000000 255 128 0 255
15.917831 52.488281 37.500000 -0.607845 -0.361281 0.707107 255 128 0 255
-17.053772 50.621094 -37.500000 0.622175 -0.256060 -0.739819 255 128 0 255
-16.692093 51.238281 -37.500000 0.610072 -0.357509 -0.707107 255 128 0 255
-17.053772 50.621094 -18.750000 0.924746 -0.380585 0.000000 255 128 0 255
-17.053772 50.621094 37.500000 0.622175 -0.256060 0.739819 255 128 0 255
-16.692093 51.238281 18.750000 0.862771 -0.505594 0.000000 255 128 0 255
-16.692093 51.238281 37.500000 0.610072 -0.357509 0.707107 255 128 0 255
-15.607056 53.089844 37.500000 0.596865 -0.368984 0.712463 255 128 0 255
-15.607056 53.089844 18.750000 0.850586 -0.525835 0.000000 255 128 0 255
-15.224770 53.676758 18.750000 0.837927 -0.545783 0.000000 255 128 0 255
-15.224770 53.676758 37.500000 0.592504 -0.385927 0.707107 255 128 0 255
-14.077911 55.437500 37.500000 0.572491 -0.401468 0.714897 255 128 0 255
-14.077911 55.437500 18.750000 0.818745 -0.574158 0.000000 255 128 0 255
-13.872574 55.709961 18.750000 0.798602 -0.601859 0.000000 255 128 0 255
-13.872574 55.709961 37.500000 0.564697 -0.425578 0.707107 255 128 0 255
-13.256561 56.527344 37.500000 0.545026 -0.438847 0.714395 255 128 0 255
-13.256561 56.527344 18.750000 0.778894 -0.627155 0.000000 255 128 0 255
-13.038338 56.781250 18.750000 0.758386 -0.651806 0.000000 255 128 0 255
-13.038338 56.781250 37.500000 0.536260 -0.460896 0.707107 255 128 0 255
-12.383667 57.542969 37.500000 0.510203 -0.475918 0.716376 255 128 0 255
-12.383667 57.542969 18.750000 0.731250 -0.682110 0.000000 255 128 0 255
-12.149956 57.773926 18.750000 0.702903 -0.711286 0.000000 255 128 0 255
-12.149956 57.773926 37.500000 0.497028 -0.502955 0.707106 255 128 0 255
-11.448822 58.466797 37.500000 0.464531 -0.518088 0.718189 255 128 0 255
-11.448822 58.466797 18.750000 0.667576 -0.744542 0.000000 255 128 0 255
-11.197075 58.671387 18.750000 0.630677 -0.776046 0.000000 255 128 0 255
-11.197075 58.671387 37.500000 0.445956 -0.548747 0.707107 255 128 0 255
-10.441833 59.285156 37.500000 0.407500 -0.562088 0.719723 255 128 0 255
-10.441833 59.285156 18.750000 0.586954 -0.809620 0.000000 255 128 0 255
-10.169647 59.460449 18.750000 0.541448 -0.840734 0.000000 255 128 0 255
-10.169647 59.460449 37.500000 0.382862 -0.594489 0.707107 255 128 0 255
-9.353088 59.986328 37.500000 0.343798 -0.603401 0.719521 255 128 0 255
-9.353088 59.986328 18.750000 0.495050 -0.868864 0.000000 255 128 0 255
-9.061081 60.132324 18.750000 0.447195 -0.894437 0.000000 255 128 0 255
-9.061081 60.132324 37.500000 0.316215 -0.632462 0.707106 255 128 0 255
-8.185059 60.570312 37.500000 0.282634 -0.636580 0.717555 255 128 0 255
-8.185059 60.570312 18.750000 0.405790 -0.913966 0.000000 255 128 0 255
-7.875999 60.690918 18.750000 0.363535 -0.931581 0.000000 255 128 0 255
-7.875999 60.690918 37.500000 0.257058 -0.658727 0.707107 255 128 0 255
-6.948822 61.052734 37.500000 0.230536 -0.659727 0.715271 255 128 0 255
-6.948822 61.052734 18.750000 0.329881 -0.944023 0.000000 255 128 0 255
-6.625572 61.152832 18.750000 0.295803 -0.955249 0.000000 255 128 0 255
-6.625572 61.152832 37.500000 0.209164 -0.675463 0.707107 255 128 0 255
-5.655823 61.453125 37.500000 0.180662 -0.674435 0.715890 255 128 0 255
-5.655823 61.453125 18.750000 0.258749 -0.965945 0.000000 255 128 0 255
-4.978065 61.606934 18.750000 0.221310 -0.975204 0.000000 255 128 0 255
-4.978065 61.606934 37.500000 0.156490 -0.689573 0.707107 255 128 0 255
-2.944794 62.068359 37.500000 0.137602 -0.687607 0.712925 255 128 0 255
-2.944794 62.068359 18.750000 0.196226 -0.980559 0.000000 255 128 0 255
-2.244316 62.189941 18.750000 0.171013 -0.985269 0.000000 255 128 0 255
-2.244316 62.189941 37.500000 0.120925 -0.696690 0.707107 255 128 0 255
-22.641571 0.068359 -37.500000 0.708980 0.000593 -0.705228 255 128 0 255
-22.656349 1.673828 -37.500000 0.707077 0.006509 -0.707107 255 128 0 255
-22.641571 0.068359 -18.750000 1.000000 0.000836 0.000000 255 128 0 255
-22.641571 0.068359 37.500000 0.708980 0.000593 0.705228 255 128 0 255
-22.656349 1.673828 18.750000 0.999958 0.009204 0.000000 255 128 0 255
-22.656349 1.673828 37.500000 0.707077 0.006509 0.707107 255 128 0 255
-22.700684 6.490234 37.500000 0.705624 0.001875 0.708583 255 128 0 255
-22.700684 6.490234 18.750000 0.999996 0.002657 0.000000 255 128 0 255
-22.694450 8.092285 18.750000 0.999992 -0.003891 0.000000 255 128 0 255
-22.694450 8.092285 37.500000 0.707101 -0.002751 0.707107 255 128 0 255
-22.675751 12.898438 37.500000 0.704016 -0.012011 0.710083 255 128 0 255
-22.675751 12.898438 18.750000 0.999855 -0.017058 0.000000 255 128 0 255
-22.627472 14.495117 18.750000 0.999543 -0.030223 0.000000 255 128 0 255
-22.627472 14.495117 37.500000 0.706784 -0.021371 0.707107 255 128 0 255
-22.482635 19.285156 37.500000 0.701694 -0.035191 0.711609 255 128 0 255
-22.482635 19.285156 18.750000 0.998745 -0.050089 0.000000 255 128 0 255
-22.371315 20.873047 18.750000 0.997552 -0.069934 0.000000 255 128 0 255
-22.371315 20.873047 37.500000 0.705376 -0.049451 0.707107 255 128 0 255
-22.037354 25.636719 37.500000 0.699957 -0.062555 0.711440 255 128 0 255
-22.037354 25.636719 18.750000 0.996030 -0.089015 0.000000 255 128 0 255
-21.951477 26.426758 18.750000 0.994144 -0.108062 0.000000 255 128 0 255
-21.951477 26.426758 37.500000 0.702966 -0.076412 0.707107 255 128 0 255
-21.693848 28.796875 37.500000 0.698348 -0.086550 0.710506 255 128 0 255
-21.693848 28.796875 18.750000 0.992407 -0.122994 0.000000 255 128 0 255
-21.584328 29.583496 18.750000 0.990446 -0.137898 0.000000 255 128 0 255
-21.584328 29.583496 37.500000 0.700352 -0.097509 0.707106 255 128 0 255
-21.255768 31.943359 37.500000 0.695129 -0.108100 0.710711 255 128 0 255
-21.255768 31.943359 18.750000 0.988123 -0.153664 0.000000 255 128 0 255
-21.121071 32.727051 18.750000 0.985549 -0.169391 0.000000 255 128 0 255
-21.121071 32.727051 37.500000 0.696889 -0.119778 0.707107 255 128 0 255
-20.716980 35.078125 37.500000 0.692035 -0.128909 0.710261 255 128 0 255
-20.716980 35.078125 18.750000 0.983090 -0.183125 0.000000 255 128 0 255
-20.560242 35.858887 18.750000 0.980439 -0.196824 0.000000 255 128 0 255
-20.560242 35.858887 37.500000 0.693275 -0.139175 0.707107 255 128 0 255
-20.090027 38.201172 37.500000 0.687668 -0.149028 0.710565 255 128 0 255
-20.090027 38.201172 18.750000 0.977313 -0.211798 0.000000 255 128 0 255
-19.728119 39.755859 18.750000 0.973959 -0.226723 0.000000 255 128 0 255
-19.728119 39.755859 37.500000 0.688693 -0.160317 0.707107 255 128 0 255
-18.642395 44.419922 37.500000 0.684452 -0.167315 0.709600 255 128 0 255
-18.642395 44.419922 18.750000 0.971397 -0.237460 0.000000 255 128 0 255
-18.245239 45.970215 18.750000 0.968717 -0.248167 0.000000 255 128 0 255
-18.245239 45.970215 37.500000 0.684987 -0.175481 0.707107 255 128 0 255
-17.105896 -50.203125 -37.500000 0.627219 0.249427 -0.737823 255 128 0 255
-17.494980 -48.660645 -37.500000 0.685630 0.172947 -0.707107 255 128 0 255
-17.105896 -50.203125 -18.750000 0.929221 0.369525 0.000000 255 128 0 255
-17.105896 -50.203125 37.500000 0.627219 0.249427 0.737823 255 128 0 255
-17.494980 -48.660645 18.750000 0.969628 0.244584 0.000000 255 128 0 255
-17.494980 -48.660645 37.500000 0.685631 0.172947 0.707107 255 128 0 255
-18.662231 -44.033203 37.500000 0.685083 0.165013 0.709530 255 128 0 255
-18.662231 -44.033203 18.750000 0.972196 0.234168 0.000000 255 128 0 255
-19.017418 -42.485840 18.750000 0.974652 0.223725 0.000000 255 128 0 255
-19.017418 -42.485840 37.500000 0.689183 0.158197 0.707107 255 128 0 255
-20.082977 -37.843750 37.500000 0.688167 0.147329 0.710437 255 128 0 255
-20.082977 -37.843750 18.750000 0.977842 0.209345 0.000000 255 128 0 255
-20.237267 -37.067383 18.750000 0.980819 0.194920 0.000000 255 128 0 255
-20.237267 -37.067383 37.500000 0.693544 0.137830 0.707107 255 128 0 255
-20.700134 -34.738281 37.500000 0.692328 0.127901 0.710157 255 128 0 255
-20.700134 -34.738281 18.750000 0.983360 0.181666 0.000000 255 128 0 255
-20.833252 -33.958984 18.750000 0.985722 0.168379 0.000000 255 128 0 255
-20.833252 -33.958984 37.500000 0.697011 0.119062 0.707107 255 128 0 255
-21.232605 -31.621094 37.500000 0.695278 0.107623 0.710638 255 128 0 255
-21.232605 -31.621094 18.750000 0.988231 0.152969 0.000000 255 128 0 255
-21.341278 -30.838379 18.750000 0.990499 0.137522 0.000000 255 128 0 255
-21.341278 -30.838379 37.500000 0.700388 0.097243 0.707107 255 128 0 255
-21.667297 -28.490234 37.500000 0.698414 0.086453 0.710454 255 128 0 255
-21.667297 -28.490234 18.750000 0.992426 0.122847 0.000000 255 128 0 255
-21.752762 -27.704590 18.750000 0.994135 0.108145 0.000000 255 128 0 255
-21.752762 -27.704590 37.500000 0.702959 0.076470 0.707107 255 128 0 255
-22.009155 -25.347656 37.500000 0.699996 0.062806 0.711379 255 128 0 255
-22.009155 -25.347656 18.750000 0.995999 0.089364 0.000000 255 128 0 255
-22.120842 -23.768555 18.750000 0.997508 0.070552 0.000000 255 128 0 255
-22.120842 -23.768555 37.500000 0.705345 0.049888 0.707107 255 128 0 255
-22.455902 -19.031250 37.500000 0.701725 0.035819 0.711547 255 128 0 255
-22.455902 -19.031250 18.750000 0.998700 0.050977 0.000000 255 128 0 255
-22.505730 -17.444336 18.750000 0.999507 0.031384 0.000000 255 128 0 255
-22.505730 -17.444336 37.500000 0.706758 0.022192 0.707107 255 128 0 255
-22.655212 -12.683594 37.500000 0.704039 0.012953 0.710043 255 128 0 255
-22.655212 -12.683594 18.750000 0.999831 0.018395 0.000000 255 128 0 255
-22.663818 -11.090820 18.750000 0.999985 0.005403 0.000000 255 128 0 255
-22.663818 -11.090820 37.500000 0.707096 0.003821 0.707107 255 128 0 255
-22.689636 -6.312500 37.500000 0.705645 -0.000751 0.708565 255 128 0 255
-22.689636 -6.312500 18.750000 0.999999 -0.001065 0.000000 255 128 0 255
-22.677620 -4.717285 18.750000 0.999972 -0.007533 0.000000 255 128 0 255
-22.677620 -4.717285 37.500000 0.707087 -0.005326 0.707107 255 128 0 255
-0.142883 -62.554688 -37.500000 0.003896 0.663949 -0.747768 255 128 0 255
-0.853973 -62.426758 -37.500000 0.125203 0.695935 -0.707106 255 128 0 255
-0.142883 -62.554688 -18.750000 0.005867 0.999983 0.000000 255 128 0 255
-0.142883 -62.554688 37.500000 0.003896 0.663948 0.747769 255 128 0 255
-0.853973 -62.426758 18.750000 0.177064 0.984199 0.000000 255 128 0 255
-0.853973 -62.426758 37.500000 0.125203 0.695935 0.707106 255 128 0 255
-2.987244 -62.042969 37.500000 0.142592 0.686304 0.713200 255 128 0 255
-2.987244 -62.042969 18.750000 0.203424 0.979091 0.000000 255 128 0 255
-3.674316 -61.880859 18.750000 0.229637 0.973276 0.000000 255 128 0 255
-3.674316 -61.880859 37.500000 0.162378 0.688211 0.707106 255 128 0 255
-5.735535 -61.394531 37.500000 0.187374 0.672217 0.716251 255 128 0 255
-5.735535 -61.394531 18.750000 0.268505 0.963278 0.000000 255 128 0 255
-6.062561 -61.289062 18.750000 0.306940 0.951729 0.000000 255 128 0 255
-6.062561 -61.289062 37.500000 0.217040 0.672975 0.707106 255 128 0 255
-7.043640 -60.972656 37.500000 0.237838 0.657298 0.715117 255 128 0 255
-7.043640 -60.972656 18.750000 0.340252 0.940334 0.000000 255 128 0 255
-7.355652 -60.847168 18.750000 0.373142 0.927774 0.000000 255 128 0 255
-7.355652 -60.847168 37.500000 0.263851 0.656035 0.707107 255 128 0 255
-8.291687 -60.470703 37.500000 0.289946 0.632915 0.717879 255 128 0 255
-8.291687 -60.470703 18.750000 0.416488 0.909141 0.000000 255 128 0 255
-8.585693 -60.318848 18.750000 0.458906 0.888485 0.000000 255 128 0 255
-8.585693 -60.318848 37.500000 0.324495 0.628253 0.707107 255 128 0 255
-9.467712 -59.863281 37.500000 0.352094 0.598364 0.719716 255 128 0 255
-9.467712 -59.863281 18.750000 0.507143 0.861862 0.000000 255 128 0 255
-9.740784 -59.681641 18.750000 0.553841 0.832622 0.000000 255 128 0 255
-9.740784 -59.681641 37.500000 0.391625 0.588753 0.707106 255 128 0 255
-10.559998 -59.136719 37.500000 0.416307 0.555209 0.720022 255 128 0 255
-10.559998 -59.136719 18.750000 0.599908 0.800069 0.000000 255 128 0 255
-10.811691 -58.924805 18.750000 0.644067 0.764969 0.000000 255 128 0 255
-10.811691 -58.924805 37.500000 0.455424 0.540914 0.707108 255 128 0 255
-11.566772 -58.289062 37.500000 0.473659 0.509575 0.718318 255 128 0 255
-11.566772 -58.289062 18.750000 0.680823 0.732448 0.000000 255 128 0 255
-11.799614 -58.050293 18.750000 0.715938 0.698163 0.000000 255 128 0 255
-11.799614 -58.050293 37.500000 0.506245 0.493676 0.707107 255 128 0 255
-12.498138 -57.333984 37.500000 0.519043 0.466107 0.716476 255 128 0 255
-12.498138 -57.333984 18.750000 0.744029 0.668147 0.000000 255 128 0 255
-12.714813 -57.071777 18.750000 0.770862 0.637002 0.000000 255 128 0 255
-12.714813 -57.071777 37.500000 0.545082 0.450428 0.707107 255 128 0 255
-13.364838 -56.285156 37.500000 0.553512 0.427946 0.714483 255 128 0 255
-13.364838 -56.285156 18.750000 0.791125 0.611655 0.000000 255 128 0 255
-13.568054 -56.003906 18.750000 0.810554 0.585664 0.000000 255 128 0 255
-13.568054 -56.003906 37.500000 0.573148 0.414127 0.707107 255 128 0 255
-14.177704 -55.160156 37.500000 0.580401 0.390064 0.714832 255 128 0 255
-14.177704 -55.160156 18.750000 0.829979 0.557795 0.000000 255 128 0 255
-14.554497 -54.556152 18.750000 0.848446 0.529282 0.000000 255 128 0 255
-14.554497 -54.556152 37.500000 0.599942 0.374259 0.707107 255 128 0 255
-15.684875 -52.744141 37.500000 0.604018 0.357018 0.712531 255 128 0 255
-15.684875 -52.744141 18.750000 0.860865 0.508834 0.000000 255 128 0 255
-16.040131 -52.108887 18.750000 0.872791 0.488094 0.000000 255 128 0 255
-16.040131 -52.108887 37.500000 0.617157 0.345135 0.707107 255 128 0 255
16.970886 -50.714844 -37.500000 -0.619244 0.260248 -0.740816 255 128 0 255
16.600761 -51.330078 -37.500000 -0.605911 0.364516 -0.707107 255 128 0 255
16.970886 -50.714844 -18.750000 -0.921894 0.387441 0.000000 255 128 0 255
16.970886 -50.714844 37.500000 -0.619244 0.260248 0.740815 255 128 0 255
16.600761 -51.330078 18.750000 -0.856888 0.515503 0.000000 255 128 0 255
16.600761 -51.330078 37.500000 -0.605911 0.364516 0.707107 255 128 0 255
15.490387 -53.175781 37.500000 -0.592617 0.375801 0.712445 255 128 0 255
15.490387 -53.175781 18.750000 -0.844512 0.535537 0.000000 255 128 0 255
15.099831 -53.760742 18.750000 -0.831668 0.555273 0.000000 255 128 0 255
15.099831 -53.760742 37.500000 -0.588078 0.392638 0.707107 255 128 0 255
13.928162 -55.515625 37.500000 -0.567470 0.408253 0.715057 255 128 0 255
13.928162 -55.515625 18.750000 -0.811755 0.583998 0.000000 255 128 0 255
13.718826 -55.786133 18.750000 -0.790851 0.612009 0.000000 255 128 0 255
13.718826 -55.786133 37.500000 -0.559216 0.432756 0.707106 255 128 0 255
13.090820 -56.597656 37.500000 -0.540054 0.445349 0.714147 255 128 0 255
13.090820 -56.597656 18.750000 -0.771511 0.636216 0.000000 255 128 0 255
12.868729 -56.850586 18.750000 -0.751430 0.659813 0.000000 255 128 0 255
12.868729 -56.850586 37.500000 -0.531341 0.466558 0.707107 255 128 0 255
12.202454 -57.609375 37.500000 -0.504982 0.481378 0.716428 255 128 0 255
12.202454 -57.609375 18.750000 -0.723821 0.689987 0.000000 255 128 0 255
11.965034 -57.838867 18.750000 -0.695002 0.719008 0.000000 255 128 0 255
11.965034 -57.838867 37.500000 -0.491440 0.508415 0.707107 255 128 0 255
11.252777 -58.527344 37.500000 -0.459024 0.523088 0.718105 255 128 0 255
11.252777 -58.527344 18.750000 -0.659580 0.751635 0.000000 255 128 0 255
10.997490 -58.730469 18.750000 -0.622628 0.782518 0.000000 255 128 0 255
10.997490 -58.730469 37.500000 -0.440264 0.553324 0.707107 255 128 0 255
10.231628 -59.339844 37.500000 -0.401154 0.566418 0.719894 255 128 0 255
10.231628 -59.339844 18.750000 -0.577961 0.816064 0.000000 255 128 0 255
9.956146 -59.512695 18.750000 -0.531491 0.847064 0.000000 255 128 0 255
9.956146 -59.512695 37.500000 -0.375821 0.598965 0.707106 255 128 0 255
9.129700 -60.031250 37.500000 -0.337554 0.607257 0.719233 255 128 0 255
9.129700 -60.031250 18.750000 -0.485851 0.874042 0.000000 255 128 0 255
8.834763 -60.175293 18.750000 -0.438845 0.898563 0.000000 255 128 0 255
8.834763 -60.175293 37.500000 -0.310310 0.635380 0.707107 255 128 0 255
7.949951 -60.607422 37.500000 -0.278071 0.639073 0.717121 255 128 0 255
7.949951 -60.607422 18.750000 -0.398983 0.916959 0.000000 255 128 0 255
7.638290 -60.727051 18.750000 -0.358351 0.933587 0.000000 255 128 0 255
7.638290 -60.727051 37.500000 -0.253393 0.660146 0.707107 255 128 0 255
6.703308 -61.085938 37.500000 -0.226141 0.661002 0.715497 255 128 0 255
6.703308 -61.085938 18.750000 -0.323699 0.946160 0.000000 255 128 0 255
6.377716 -61.184082 18.750000 -0.288607 0.957448 0.000000 255 128 0 255
6.377716 -61.184082 37.500000 -0.204076 0.677018 0.707106 255 128 0 255
5.400940 -61.478516 37.500000 -0.176370 0.675832 0.715643 255 128 0 255
5.400940 -61.478516 18.750000 -0.252510 0.967594 0.000000 255 128 0 255
4.719109 -61.629395 18.750000 -0.216058 0.976381 0.000000 255 128 0 255
4.719109 -61.629395 37.500000 -0.152776 0.690406 0.707106 255 128 0 255
2.673615 -62.082031 37.500000 -0.133823 0.688328 0.712949 255 128 0 255
2.673615 -62.082031 18.750000 -0.190844 0.981620 0.000000 255 128 0 255
1.969490 -62.200195 18.750000 -0.165503 0.986209 0.000000 255 128 0 255
1.969490 -62.200195 37.500000 -0.117028 0.697355 0.707107 255 128 0 255
22.641479 0.068359 -37.500000 -0.709234 -0.000186 -0.704973 255 128 0 255
22.657234 -1.544434 -37.500000 -0.707073 -0.006907 -0.707107 255 128 0 255
22.641479 0.068359 -18.750000 -1.000000 -0.000262 0.000000 255 128 0 255
22.641479 0.068359 37.500000 -0.709234 -0.000186 0.704973 255 128 0 255
22.657234 -1.544434 18.750000 -0.999952 -0.009768 0.000000 255 128 0 255
22.657234 -1.544434 37.500000 -0.707073 -0.006907 0.707107 255 128 0 255
22.704498 -6.382812 37.500000 -0.705604 -0.002211 0.708603 255 128 0 255
22.704498 -6.382812 18.750000 -0.999995 -0.003134 0.000000 255 128 0 255
22.698860 -7.993164 18.750000 -0.999994 0.003501 0.000000 255 128 0 255
22.698860 -7.993164 37.500000 -0.707102 0.002476 0.707107 255 128 0 255
22.681946 -12.824219 37.500000 -0.703981 0.011852 0.710120 255 128 0 255
22.681946 -12.824219 18.750000 -0.999858 0.016833 0.000000 255 128 0 255
22.633545 -14.428223 18.750000 -0.999545 0.030161 0.000000 255 128 0 255
22.633545 -14.428223 37.500000 -0.706785 0.021327 0.707107 255 128 0 255
22.488342 -19.240234 37.500000 -0.701632 0.035315 0.711664 255 128 0 255
22.488342 -19.240234 18.750000 -0.998736 0.050268 0.000000 255 128 0 255
22.375763 -20.836426 18.750000 -0.997522 0.070355 0.000000 255 128 0 255
22.375763 -20.836426 37.500000 -0.705355 0.049749 0.707107 255 128 0 255
22.038025 -25.625000 37.500000 -0.699849 0.063040 0.711504 255 128 0 255
22.038025 -25.625000 18.750000 -0.995968 0.089714 0.000000 255 128 0 255
21.950989 -26.418457 18.750000 -0.994038 0.109038 0.000000 255 128 0 255
21.950989 -26.418457 37.500000 -0.702891 0.077102 0.707107 255 128 0 255
21.689880 -28.798828 37.500000 -0.698216 0.087337 0.710540 255 128 0 255
21.689880 -28.798828 18.750000 -0.992267 0.124119 0.000000 255 128 0 255
21.578781 -29.589355 18.750000 -0.990268 0.139170 0.000000 255 128 0 255
21.578781 -29.589355 37.500000 -0.700226 0.098408 0.707107 255 128 0 255
21.245483 -31.960938 37.500000 -0.694895 0.109178 0.710775 255 128 0 255
21.245483 -31.960938 18.750000 -0.987881 0.155210 0.000000 255 128 0 255
21.108704 -32.748047 18.750000 -0.985235 0.171209 0.000000 255 128 0 255
21.108704 -32.748047 37.500000 -0.696666 0.121063 0.707107 255 128 0 255
20.698364 -35.109375 37.500000 -0.691687 0.130385 0.710330 255 128 0 255
20.698364 -35.109375 18.750000 -0.982693 0.185240 0.000000 255 128 0 255
20.539032 -35.893066 18.750000 -0.979952 0.199234 0.000000 255 128 0 255
20.539032 -35.893066 37.500000 -0.692931 0.140880 0.707107 255 128 0 255
20.061035 -38.244141 37.500000 -0.687208 0.150873 0.710621 255 128 0 255
20.061035 -38.244141 18.750000 -0.976738 0.214437 0.000000 255 128 0 255
19.692802 -39.805176 18.750000 -0.973288 0.229589 0.000000 255 128 0 255
19.692802 -39.805176 37.500000 -0.688218 0.162344 0.707107 255 128 0 255
18.588104 -44.488281 37.500000 -0.683882 0.169450 0.709643 255 128 0 255
18.588104 -44.488281 18.750000 -0.970648 0.240504 0.000000 255 128 0 255
18.183800 -46.044922 18.750000 -0.967886 0.251388 0.000000 255 128 0 255
18.183800 -46.044922 37.500000 -0.684399 0.177758 0.707107 255 128 0 255
-0.002289 -103.048828 -37.500000 0.072527 -0.740943 -0.667640 255 128 0 255
2.299850 -102.376465 -37.500000 0.198236 -0.678751 -0.707107 255 128 0 255
-0.002289 -103.048828 -18.750000 0.097418 -0.995244 0.000000 255 128 0 255
-0.002289 -103.048828 37.500000 0.072527 -0.740944 0.667639 255 128 0 255
2.299850 -102.376465 18.750000 0.280348 -0.959898 0.000000 255 128 0 255
2.299850 -102.376465 37.500000 0.198236 -0.678751 0.707107 255 128 0 255
9.206268 -100.359375 37.500000 0.204839 -0.678867 0.705110 255 128 0 255
9.206268 -100.359375 18.750000 0.288873 -0.957367 0.000000 255 128 0 255
11.468437 -99.654785 18.750000 0.297376 -0.954760 0.000000 255 128 0 255
11.468437 -99.654785 37.500000 0.210277 -0.675118 0.707107 255 128 0 255
18.254944 -97.541016 37.500000 0.219937 -0.675085 0.704193 255 128 0 255
18.254944 -97.541016 18.750000 0.309767 -0.950812 0.000000 255 128 0 255
19.358543 -97.165527 18.750000 0.322106 -0.946704 0.000000 255 128 0 255
19.358543 -97.165527 37.500000 0.227763 -0.669421 0.707106 255 128 0 255
22.669342 -96.039062 37.500000 0.236194 -0.669185 0.704559 255 128 0 255
22.669342 -96.039062 18.750000 0.332834 -0.942985 0.000000 255 128 0 255
23.747948 -95.644531 18.750000 0.343520 -0.939146 0.000000 255 128 0 255
23.747948 -95.644531 37.500000 0.242905 -0.664077 0.707106 255 128 0 255
26.983765 -94.460938 37.500000 0.254121 -0.663476 0.703720 255 128 0 255
26.983765 -94.460938 18.750000 0.357677 -0.933846 0.000000 255 128 0 255
28.032387 -94.041016 18.750000 0.371752 -0.928332 0.000000 255 128 0 255
28.032387 -94.041016 37.500000 0.262868 -0.656430 0.707107 255 128 0 255
31.178253 -92.781250 37.500000 0.275997 -0.655303 0.703138 255 128 0 255
31.178253 -92.781250 18.750000 0.388152 -0.921595 0.000000 255 128 0 255
32.191895 -92.333008 18.750000 0.404431 -0.914568 0.000000 255 128 0 255
32.191895 -92.333008 37.500000 0.285976 -0.646697 0.707107 255 128 0 255
35.232819 -90.988281 37.500000 0.301635 -0.644752 0.702361 255 128 0 255
35.232819 -90.988281 18.750000 0.423751 -0.905779 0.000000 255 128 0 255
36.206482 -90.507324 18.750000 0.442881 -0.896581 0.000000 255 128 0 255
36.206482 -90.507324 37.500000 0.313164 -0.633978 0.707107 255 128 0 255
39.127472 -89.064453 37.500000 0.331211 -0.630908 0.701608 255 128 0 255
39.127472 -89.064453 18.750000 0.464817 -0.885407 0.000000 255 128 0 255
40.056160 -88.547363 18.750000 0.486471 -0.873697 0.000000 255 128 0 255
40.056160 -88.547363 37.500000 0.343987 -0.617797 0.707107 255 128 0 255
42.842224 -86.996094 37.500000 0.365111 -0.613052 0.700615 255 128 0 255
42.842224 -86.996094 18.750000 0.511690 -0.859170 0.000000 255 128 0 255
43.720932 -86.437500 18.750000 0.536476 -0.843915 0.000000 255 128 0 255
43.720932 -86.437500 37.500000 0.379346 -0.596738 0.707107 255 128 0 255
46.357056 -84.761719 37.500000 0.402537 -0.590030 0.699878 255 128 0 255
46.357056 -84.761719 18.750000 0.563569 -0.826069 0.000000 255 128 0 255
47.180801 -84.159668 18.750000 0.590070 -0.807353 0.000000 255 128 0 255
47.180801 -84.159668 37.500000 0.417242 -0.570884 0.707107 255 128 0 255
49.652039 -82.353516 37.500000 0.443590 -0.561259 0.698725 255 128 0 255
49.652039 -82.353516 18.750000 0.620066 -0.784549 0.000000 255 128 0 255
50.415802 -81.701660 18.750000 0.649183 -0.760632 0.000000 255 128 0 255
50.415802 -81.701660 37.500000 0.459042 -0.537848 0.707107 255 128 0 255
52.707092 -79.746094 37.500000 0.479975 -0.528483 0.700235 255 128 0 255
52.707092 -79.746094 18.750000 0.672316 -0.740264 0.000000 255 128 0 255
53.064926 -79.400391 18.750000 0.694811 -0.719192 0.000000 255 128 0 255
53.064926 -79.400391 37.500000 0.491306 -0.508546 0.707106 255 128 0 255
54.138428 -78.363281 37.500000 0.505690 -0.501134 0.702241 255 128 0 255
54.138428 -78.363281 18.750000 0.710300 -0.703899 0.000000 255 128 0 255
54.479385 -78.003906 18.750000 0.725452 -0.688273 0.000000 255 128 0 255
54.479385 -78.003906 37.500000 0.512972 -0.486683 0.707107 255 128 0 255
55.502258 -76.925781 37.500000 0.527243 -0.478520 0.702164 255 128 0 255
55.502258 -76.925781 18.750000 0.740493 -0.672064 0.000000 255 128 0 255
55.826080 -76.552734 18.750000 0.755173 -0.655525 0.000000 255 128 0 255
55.826080 -76.552734 37.500000 0.533988 -0.463526 0.707107 255 128 0 255
56.797546 -75.433594 37.500000 0.547739 -0.454836 0.702215 255 128 0 255
56.797546 -75.433594 18.750000 0.769335 -0.638846 0.000000 255 128 0 255
57.104630 -75.046875 18.750000 0.783128 -0.621861 0.000000 255 128 0 255
57.104630 -75.046875 37.500000 0.553755 -0.439722 0.707107 255 128 0 255
58.025879 -73.886719 37.500000 0.572945 -0.426184 0.700072 255 128 0 255
58.025879 -73.886719 18.750000 0.802363 -0.596836 0.000000 255 128 0 255
58.591660 -73.073730 18.750000 0.820799 -0.571217 0.000000 255 128 0 255
58.591660 -73.073730 37.500000 0.580393 -0.403911 0.707107 255 128 0 255
60.289001 -70.634766 37.500000 0.603229 -0.385320 0.698314 255 128 0 255
60.289001 -70.634766 18.750000 0.842744 -0.538314 0.000000 255 128 0 255
60.793518 -69.771484 18.750000 0.863371 -0.504569 0.000000 255 128 0 255
60.793518 -69.771484 37.500000 0.610496 -0.356784 0.707107 255 128 0 255
62.307068 -67.181641 37.500000 0.629885 -0.338365 0.699110 255 128 0 255
62.307068 -67.181641 18.750000 0.880940 -0.473228 0.000000 255 128 0 255
62.754150 -66.272461 18.750000 0.897372 -0.441276 0.000000 255 128 0 255
62.754150 -66.272461 37.500000 0.634537 -0.312029 0.707107 255 128 0 255
64.095398 -63.544922 37.500000 0.651041 -0.294006 0.699790 255 128 0 255
64.095398 -63.544922 18.750000 0.911377 -0.411572 0.000000 255 128 0 255
64.488876 -62.591309 18.750000 0.924400 -0.381424 0.000000 255 128 0 255
64.488876 -62.591309 37.500000 0.653649 -0.269708 0.707107 255 128 0 255
65.669312 -59.730469 37.500000 0.667299 -0.252770 0.700585 255 128 0 255
65.669312 -59.730469 18.750000 0.935157 -0.354234 0.000000 255 128 0 255
66.013000 -58.736328 18.750000 0.945114 -0.326740 0.000000 255 128 0 255
66.013000 -58.736328 37.500000 0.668297 -0.231040 0.707107 255 128 0 255
67.044067 -55.753906 37.500000 0.679518 -0.215397 0.701327 255 128 0 255
67.044067 -55.753906 18.750000 0.953255 -0.302167 0.000000 255 128 0 255
67.341812 -54.722656 18.750000 0.960757 -0.277392 0.000000 255 128 0 255
67.341812 -54.722656 37.500000 0.679358 -0.196146 0.707107 255 128 0 255
68.235046 -51.628906 37.500000 0.688570 -0.181858 0.701997 255 128 0 255
68.235046 -51.628906 18.750000 0.966848 -0.255354 0.000000 255 128 0 255
68.490646 -50.562988 18.750000 0.972433 -0.233183 0.000000 255 128 0 255
68.490646 -50.562988 37.500000 0.687614 -0.164885 0.707107 255 128 0 255
69.257446 -47.365234 37.500000 0.695066 -0.152140 0.702664 255 128 0 255
69.257446 -47.365234 18.750000 0.976872 -0.213823 0.000000 255 128 0 255
69.474762 -46.268555 18.750000 0.980927 -0.194378 0.000000 255 128 0 255
69.474762 -46.268555 37.500000 0.693620 -0.137446 0.707107 255 128 0 255
70.126709 -42.978516 37.500000 0.699666 -0.126146 0.703246 255 128 0 255
70.126709 -42.978516 18.750000 0.984133 -0.177434 0.000000 255 128 0 255
70.309570 -41.853516 18.750000 0.987046 -0.160438 0.000000 255 128 0 255
70.309570 -41.853516 37.500000 0.697947 -0.113447 0.707107 255 128 0 255
70.858154 -38.478516 37.500000 0.702802 -0.103613 0.703799 255 128 0 255
70.858154 -38.478516 18.750000 0.989307 -0.145851 0.000000 255 128 0 255
71.010376 -37.328613 18.750000 0.991351 -0.131233 0.000000 255 128 0 255
71.010376 -37.328613 37.500000 0.700992 -0.092796 0.707107 255 128 0 255
71.467041 -33.878906 37.500000 0.704866 -0.084362 0.704306 255 128 0 255
71.467041 -33.878906 18.750000 0.992914 -0.118838 0.000000 255 128 0 255
71.592468 -32.707031 18.750000 0.994321 -0.106423 0.000000 255 128 0 255
71.592468 -32.707031 37.500000 0.703091 -0.075253 0.707107 255 128 0 255
71.968750 -29.191406 37.500000 0.706154 -0.068151 0.704771 255 128 0 255
71.968750 -29.191406 18.750000 0.995375 -0.096064 0.000000 255 128 0 255
72.071182 -28.000488 18.750000 0.996321 -0.085695 0.000000 255 128 0 255
72.071182 -28.000488 37.500000 0.704506 -0.060595 0.707107 255 128 0 255
72.378479 -24.427734 37.500000 0.706873 -0.054802 0.705215 255 128 0 255
72.378479 -24.427734 18.750000 0.997008 -0.077295 0.000000 255 128 0 255
72.461761 -23.221680 18.750000 0.997624 -0.068890 0.000000 255 128 0 255
72.461761 -23.221680 37.500000 0.705427 -0.048712 0.707107 255 128 0 255
72.711609 -19.603516 37.500000 0.707862 -0.042443 0.705074 255 128 0 255
72.711609 -19.603516 18.750000 0.998207 -0.059852 0.000000 255 128 0 255
72.836090 -17.156738 18.750000 0.998708 -0.050810 0.000000 255 128 0 255
72.836090 -17.156738 37.500000 0.706193 -0.035928 0.707107 255 128 0 255
73.209534 -9.816406 37.500000 0.707852 -0.031445 0.705661 255 128 0 255
73.209534 -9.816406 18.750000 0.999015 -0.044379 0.000000 255 128 0 255
73.303375 -7.345215 18.750000 0.999280 -0.037947 0.000000 255 128 0 255
73.303375 -7.345215 37.500000 0.706598 -0.026832 0.707107 255 128 0 255
-55.096893 -76.527344 -37.500000 -0.604756 -0.420815 -0.676154 255 128 0 255
-53.701828 -78.018555 -37.500000 -0.516369 -0.483076 -0.707107 255 128 0 255
-55.096893 -76.527344 -18.750000 -0.820832 -0.571170 0.000000 255 128 0 255
-55.096893 -76.527344 37.500000 -0.604756 -0.420815 0.676154 255 128 0 255
-53.701828 -78.018555 18.750000 -0.730256 -0.683173 0.000000 255 128 0 255
-53.701828 -78.018555 37.500000 -0.516369 -0.483076 0.707107 255 128 0 255
-49.516632 -82.492188 37.500000 -0.511725 -0.492586 0.703915 255 128 0 255
-49.516632 -82.492188 18.750000 -0.720452 -0.693505 0.000000 255 128 0 255
-48.805733 -83.209961 18.750000 -0.710501 -0.703696 0.000000 255 128 0 255
-48.805733 -83.209961 37.500000 -0.502400 -0.497588 0.707107 255 128 0 255
-46.673035 -85.363281 37.500000 -0.496555 -0.508688 0.703327 255 128 0 255
-46.673035 -85.363281 18.750000 -0.698521 -0.715589 0.000000 255 128 0 255
-45.946083 -86.049316 18.750000 -0.686343 -0.727278 0.000000 255 128 0 255
-45.946083 -86.049316 37.500000 -0.485318 -0.514264 0.707106 255 128 0 255
-43.765228 -88.107422 37.500000 -0.476597 -0.529383 0.701862 255 128 0 255
-43.765228 -88.107422 18.750000 -0.669083 -0.743188 0.000000 255 128 0 255
-43.016876 -88.750000 18.750000 -0.651454 -0.758689 0.000000 255 128 0 255
-43.016876 -88.750000 37.500000 -0.460647 -0.536474 0.707107 255 128 0 255
-40.771820 -90.677734 37.500000 -0.448472 -0.555265 0.700396 255 128 0 255
-40.771820 -90.677734 18.750000 -0.628328 -0.777949 0.000000 255 128 0 255
-39.996727 -91.266113 18.750000 -0.604632 -0.796505 0.000000 255 128 0 255
-39.996727 -91.266113 37.500000 -0.427540 -0.563214 0.707107 255 128 0 255
-37.671448 -93.031250 37.500000 -0.411088 -0.585304 0.698874 255 128 0 255
-37.671448 -93.031250 18.750000 -0.574752 -0.818327 0.000000 255 128 0 255
-36.864258 -93.554688 18.750000 -0.544085 -0.839030 0.000000 255 128 0 255
-36.864258 -93.554688 37.500000 -0.384726 -0.593284 0.707107 255 128 0 255
-34.442688 -95.125000 37.500000 -0.368859 -0.611707 0.699827 255 128 0 255
-34.442688 -95.125000 18.750000 -0.516384 -0.856357 0.000000 255 128 0 255
-34.025375 -95.358398 18.750000 -0.488131 -0.872770 0.000000 255 128 0 255
-34.025375 -95.358398 37.500000 -0.345161 -0.617142 0.707106 255 128 0 255
-32.773438 -96.058594 37.500000 -0.333296 -0.629394 0.701980 255 128 0 255
-32.773438 -96.058594 18.750000 -0.467984 -0.883737 0.000000 255 128 0 255
-32.346153 -96.272461 18.750000 -0.447590 -0.894239 0.000000 255 128 0 255
-32.346153 -96.272461 37.500000 -0.316494 -0.632322 0.707107 255 128 0 255
-31.064301 -96.914062 37.500000 -0.303586 -0.644468 0.701781 255 128 0 255
-31.064301 -96.914062 18.750000 -0.426150 -0.904652 0.000000 255 128 0 255
-30.627090 -97.107422 18.750000 -0.404467 -0.914552 0.000000 255 128 0 255
-30.627090 -97.107422 37.500000 -0.286001 -0.646685 0.707108 255 128 0 255
-29.315460 -97.687500 37.500000 -0.273794 -0.657155 0.702271 255 128 0 255
-29.315460 -97.687500 18.750000 -0.384591 -0.923087 0.000000 255 128 0 255
-28.868927 -97.862305 18.750000 -0.364534 -0.931190 0.000000 255 128 0 255
-28.868927 -97.862305 37.500000 -0.257764 -0.658451 0.707106 255 128 0 255
-27.529327 -98.386719 37.500000 -0.239972 -0.672242 0.700360 255 128 0 255
-27.529327 -98.386719 18.750000 -0.336194 -0.941793 0.000000 255 128 0 255
-26.610809 -98.683594 18.750000 -0.307546 -0.951533 0.000000 255 128 0 255
-26.610809 -98.683594 37.500000 -0.217468 -0.672836 0.707107 255 128 0 255
-23.855255 -99.574219 37.500000 -0.196715 -0.686923 0.699600 255 128 0 255
-23.855255 -99.574219 18.750000 -0.275305 -0.961357 0.000000 255 128 0 255
-22.906929 -99.811523 18.750000 -0.242750 -0.970089 0.000000 255 128 0 255
-22.906929 -99.811523 37.500000 -0.171650 -0.685956 0.707107 255 128 0 255
-20.061951 -100.523438 37.500000 -0.153925 -0.696421 0.700931 255 128 0 255
-20.061951 -100.523438 18.750000 -0.215815 -0.976434 0.000000 255 128 0 255
-19.088776 -100.710449 18.750000 -0.188714 -0.982032 0.000000 255 128 0 255
-19.088776 -100.710449 37.500000 -0.133441 -0.694402 0.707107 255 128 0 255
-16.169250 -101.271484 37.500000 -0.118989 -0.701964 0.702202 255 128 0 255
-16.169250 -101.271484 18.750000 -0.167125 -0.985936 0.000000 255 128 0 255
-15.176208 -101.417480 18.750000 -0.145455 -0.989365 0.000000 255 128 0 255
-15.176208 -101.417480 37.500000 -0.102853 -0.699587 0.707106 255 128 0 255
-12.197083 -101.855469 37.500000 -0.092384 -0.704551 0.703614 255 128 0 255
-12.197083 -101.855469 18.750000 -0.130011 -0.991512 0.000000 255 128 0 255
-11.189133 -101.971680 18.750000 -0.114536 -0.993419 0.000000 255 128 0 255
-11.189133 -101.971680 37.500000 -0.080989 -0.702454 0.707106 255 128 0 255
-8.165283 -102.320312 37.500000 -0.072222 -0.706302 0.704217 255 128 0 255
-8.165283 -102.320312 18.750000 -0.101723 -0.994813 0.000000 255 128 0 255
-6.124535 -102.502441 18.750000 -0.088893 -0.996041 0.000000 255 128 0 255
-6.124535 -102.502441 37.500000 -0.062857 -0.704308 0.707106 255 128 0 255
-73.584930 0.068359 -37.500000 -0.714244 0.003838 -0.699886 255 128 0 255
-73.516632 -2.457520 -37.500000 -0.706848 -0.019113 -0.707107 255 128 0 255
-73.584930 0.068359 -18.750000 -0.999985 0.005374 0.000000 255 128 0 255
-73.584930 0.068359 37.500000 -0.714244 0.003838 0.699886 255 128 0 255
-73.516632 -2.457520 18.750000 -0.999635 -0.027030 0.000000 255 128 0 255
-73.516632 -2.457520 37.500000 -0.706848 -0.019113 0.707107 255 128 0 255
-73.311737 -10.035156 37.500000 -0.708377 -0.024518 0.705408 255 128 0 255
-73.311737 -10.035156 18.750000 -0.999402 -0.034591 0.000000 255 128 0 255
-73.258652 -11.293457 18.750000 -0.999111 -0.042151 0.000000 255 128 0 255
-73.258652 -11.293457 37.500000 -0.706478 -0.029805 0.707107 255 128 0 255
-73.099396 -15.068359 37.500000 -0.708223 -0.036380 0.705051 255 128 0 255
-73.099396 -15.068359 18.750000 -0.998683 -0.051300 0.000000 255 128 0 255
-73.023613 -16.319824 18.750000 -0.998172 -0.060445 0.000000 255 128 0 255
-73.023613 -16.319824 37.500000 -0.705814 -0.042741 0.707107 255 128 0 255
-72.796265 -20.074219 37.500000 -0.707969 -0.051596 0.704356 255 128 0 255
-72.796265 -20.074219 18.750000 -0.997355 -0.072686 0.000000 255 128 0 255
-72.690193 -21.318848 18.750000 -0.996388 -0.084916 0.000000 255 128 0 255
-72.690193 -21.318848 37.500000 -0.704553 -0.060044 0.707107 255 128 0 255
-72.371979 -25.052734 37.500000 -0.706976 -0.071306 0.703634 255 128 0 255
-72.371979 -25.052734 18.750000 -0.994952 -0.100352 0.000000 255 128 0 255
-72.228058 -26.287598 18.750000 -0.993277 -0.115764 0.000000 255 128 0 255
-72.228058 -26.287598 37.500000 -0.702353 -0.081858 0.707107 255 128 0 255
-71.796295 -29.992188 37.500000 -0.704834 -0.095612 0.702899 255 128 0 255
-71.796295 -29.992188 18.750000 -0.990924 -0.134420 0.000000 255 128 0 255
-71.606964 -31.214844 18.750000 -0.988222 -0.153028 0.000000 255 128 0 255
-71.606964 -31.214844 37.500000 -0.698778 -0.108207 0.707107 255 128 0 255
-71.038971 -34.882812 37.500000 -0.701046 -0.124476 0.702168 255 128 0 255
-71.038971 -34.882812 18.750000 -0.984600 -0.174824 0.000000 255 128 0 255
-70.796638 -36.091797 18.750000 -0.980497 -0.196534 0.000000 255 128 0 255
-70.796638 -36.091797 37.500000 -0.693316 -0.138970 0.707107 255 128 0 255
-70.069641 -39.718750 37.500000 -0.695054 -0.157832 0.701419 255 128 0 255
-70.069641 -39.718750 18.750000 -0.975174 -0.221441 0.000000 255 128 0 255
-69.766747 -40.911133 18.750000 -0.969218 -0.246205 0.000000 255 128 0 255
-69.766747 -40.911133 37.500000 -0.685340 -0.174093 0.707107 255 128 0 255
-68.858063 -44.488281 37.500000 -0.686139 -0.194118 0.701093 255 128 0 255
-68.858063 -44.488281 18.750000 -0.962233 -0.272229 0.000000 255 128 0 255
-68.490623 -45.665039 18.750000 -0.954549 -0.298055 0.000000 255 128 0 255
-68.490623 -45.665039 37.500000 -0.674968 -0.210757 0.707107 255 128 0 255
-67.388306 -49.195312 37.500000 -0.674757 -0.228546 0.701762 255 128 0 255
-67.388306 -49.195312 18.750000 -0.947145 -0.320806 0.000000 255 128 0 255
-66.963615 -50.356934 18.750000 -0.939199 -0.343373 0.000000 255 128 0 255
-66.963615 -50.356934 37.500000 -0.664114 -0.242801 0.707107 255 128 0 255
-65.689545 -53.841797 37.500000 -0.663285 -0.257433 0.702696 255 128 0 255
-65.689545 -53.841797 18.750000 -0.932247 -0.361822 0.000000 255 128 0 255
-65.217155 -54.991211 18.750000 -0.924933 -0.380131 0.000000 255 128 0 255
-65.217155 -54.991211 37.500000 -0.654026 -0.268793 0.707107 255 128 0 255
-63.799988 -58.439453 37.500000 -0.652941 -0.280410 0.703590 255 128 0 255
-63.799988 -58.439453 18.750000 -0.918850 -0.394607 0.000000 255 128 0 255
-63.289436 -59.578613 18.750000 -0.912541 -0.408985 0.000000 255 128 0 255
-63.289436 -59.578613 37.500000 -0.645264 -0.289196 0.707107 255 128 0 255
-61.757782 -62.996094 37.500000 -0.644211 -0.297819 0.704483 255 128 0 255
-61.757782 -62.996094 18.750000 -0.907696 -0.419629 0.000000 255 128 0 255
-61.218613 -64.127441 18.750000 -0.902727 -0.430215 0.000000 255 128 0 255
-61.218613 -64.127441 37.500000 -0.638324 -0.304208 0.707107 255 128 0 255
-59.601105 -67.521484 37.500000 -0.637314 -0.311202 0.704971 255 128 0 255
-59.601105 -67.521484 18.750000 -0.898592 -0.438785 0.000000 255 128 0 255
-58.475052 -69.772949 18.750000 -0.894376 -0.447315 0.000000 255 128 0 255
-58.475052 -69.772949 37.500000 -0.632420 -0.316300 0.707107 255 128 0 255
-0.142883 103.046875 -37.500000 -0.072163 0.741117 -0.667487 255 128 0 255
-2.441071 102.375000 -37.500000 -0.198417 0.678698 -0.707107 255 128 0 255
-0.142883 103.046875 -18.750000 -0.096912 0.995293 0.000000 255 128 0 255
-0.142883 103.046875 37.500000 -0.072163 0.741117 0.667487 255 128 0 255
-2.441071 102.375000 18.750000 -0.280604 0.959823 0.000000 255 128 0 255
-2.441071 102.375000 37.500000 -0.198417 0.678698 0.707107 255 128 0 255
-9.335632 100.359375 37.500000 -0.205032 0.678812 0.705107 255 128 0 255
-9.335632 100.359375 18.750000 -0.289143 0.957286 0.000000 255 128 0 255
-11.593872 99.655273 18.750000 -0.297659 0.954672 0.000000 255 128 0 255
-11.593872 99.655273 37.500000 -0.210477 0.675055 0.707107 255 128 0 255
-18.368591 97.542969 37.500000 -0.220078 0.675022 0.704209 255 128 0 255
-18.368591 97.542969 18.750000 -0.309972 0.950745 0.000000 255 128 0 255
-19.470268 97.167969 18.750000 -0.322234 0.946660 0.000000 255 128 0 255
-19.470268 97.167969 37.500000 -0.227854 0.669390 0.707107 255 128 0 255
-22.775299 96.042969 37.500000 -0.236592 0.669142 0.704467 255 128 0 255
-22.775299 96.042969 18.750000 -0.333351 0.942803 0.000000 255 128 0 255
-23.852028 95.647949 18.750000 -0.344423 0.938815 0.000000 255 128 0 255
-23.852028 95.647949 37.500000 -0.243544 0.663842 0.707107 255 128 0 255
-27.082214 94.462891 37.500000 -0.254480 0.663249 0.703804 255 128 0 255
-27.082214 94.462891 18.750000 -0.358223 0.933636 0.000000 255 128 0 255
-28.128983 94.043457 18.750000 -0.371946 0.928254 0.000000 255 128 0 255
-28.128983 94.043457 37.500000 -0.263005 0.656375 0.707107 255 128 0 255
-31.269287 92.785156 37.500000 -0.276003 0.655259 0.703177 255 128 0 255
-31.269287 92.785156 18.750000 -0.388181 0.921583 0.000000 255 128 0 255
-32.281120 92.337891 18.750000 -0.404297 0.914628 0.000000 255 128 0 255
-32.281120 92.337891 37.500000 -0.285881 0.646739 0.707107 255 128 0 255
-35.316620 90.996094 37.500000 -0.301710 0.644773 0.702310 255 128 0 255
-35.316620 90.996094 18.750000 -0.423827 0.905743 0.000000 255 128 0 255
-36.288528 90.515625 18.750000 -0.443161 0.896442 0.000000 255 128 0 255
-36.288528 90.515625 37.500000 -0.313362 0.633880 0.707107 255 128 0 255
-39.204254 89.074219 37.500000 -0.331431 0.630801 0.701601 255 128 0 255
-39.204254 89.074219 18.750000 -0.465121 0.885247 0.000000 255 128 0 255
-40.131248 88.557617 18.750000 -0.486798 0.873515 0.000000 255 128 0 255
-40.131248 88.557617 37.500000 -0.344218 0.617668 0.707106 255 128 0 255
-42.912231 87.007812 37.500000 -0.365223 0.612944 0.700651 255 128 0 255
-42.912231 87.007812 18.750000 -0.511873 0.859061 0.000000 255 128 0 255
-43.789307 86.450195 18.750000 -0.536518 0.843889 0.000000 255 128 0 255
-43.789307 86.450195 37.500000 -0.379376 0.596720 0.707107 255 128 0 255
-46.420532 84.777344 37.500000 -0.402874 0.589913 0.699783 255 128 0 255
-46.420532 84.777344 18.750000 -0.563968 0.825797 0.000000 255 128 0 255
-47.242699 84.175293 18.750000 -0.590807 0.806813 0.000000 255 128 0 255
-47.242699 84.175293 37.500000 -0.417764 0.570503 0.707107 255 128 0 255
-49.709198 82.369141 37.500000 -0.443989 0.560898 0.698761 255 128 0 255
-49.709198 82.369141 18.750000 -0.620656 0.784083 0.000000 255 128 0 255
-50.471481 81.717773 18.750000 -0.649630 0.760250 0.000000 255 128 0 255
-50.471481 81.717773 37.500000 -0.459358 0.537578 0.707107 255 128 0 255
-52.758331 79.763672 37.500000 -0.479945 0.528362 0.700347 255 128 0 255
-52.758331 79.763672 18.750000 -0.672378 0.740208 0.000000 255 128 0 255
-53.115456 79.418945 18.750000 -0.694508 0.719485 0.000000 255 128 0 255
-53.115456 79.418945 37.500000 -0.491091 0.508753 0.707107 255 128 0 255
-54.186829 78.384766 37.500000 -0.505721 0.501217 0.702159 255 128 0 255
-54.186829 78.384766 18.750000 -0.710263 0.703937 0.000000 255 128 0 255
-54.527107 78.025879 18.750000 -0.725669 0.688044 0.000000 255 128 0 255
-54.527107 78.025879 37.500000 -0.513125 0.486520 0.707107 255 128 0 255
-55.547943 76.949219 37.500000 -0.527414 0.478341 0.702157 255 128 0 255
-55.547943 76.949219 18.750000 -0.740727 0.671806 0.000000 255 128 0 255
-55.871094 76.576660 18.750000 -0.755422 0.655239 0.000000 255 128 0 255
-55.871094 76.576660 37.500000 -0.534164 0.463324 0.707106 255 128 0 255
-56.840546 75.458984 37.500000 -0.547922 0.454621 0.702211 255 128 0 255
-56.840546 75.458984 18.750000 -0.769588 0.638541 0.000000 255 128 0 255
-57.146980 75.072754 18.750000 -0.783385 0.621537 0.000000 255 128 0 255
-57.146980 75.072754 37.500000 -0.553937 0.439493 0.707107 255 128 0 255
-58.066284 73.914062 37.500000 -0.573036 0.426010 0.700103 255 128 0 255
-58.066284 73.914062 18.750000 -0.802525 0.596618 0.000000 255 128 0 255
-58.630890 73.102539 18.750000 -0.820873 0.571111 0.000000 255 128 0 255
-58.630890 73.102539 37.500000 -0.580445 0.403836 0.707107 255 128 0 255
-60.324707 70.667969 37.500000 -0.603364 0.385169 0.698281 255 128 0 255
-60.324707 70.667969 18.750000 -0.842895 0.538078 0.000000 255 128 0 255
-60.828156 69.805664 18.750000 -0.863588 0.504198 0.000000 255 128 0 255
-60.828156 69.805664 37.500000 -0.610649 0.356522 0.707107 255 128 0 255
-62.338501 67.218750 37.500000 -0.630089 0.338035 0.699085 255 128 0 255
-62.338501 67.218750 18.750000 -0.881196 0.472751 0.000000 255 128 0 255
-62.784607 66.310059 18.750000 -0.897659 0.440690 0.000000 255 128 0 255
-62.784607 66.310059 37.500000 -0.634741 0.311615 0.707107 255 128 0 255
-64.122925 63.583984 37.500000 -0.651134 0.293694 0.699835 255 128 0 255
-64.122925 63.583984 18.750000 -0.911563 0.411160 0.000000 255 128 0 255
-64.515518 62.631836 18.750000 -0.924496 0.381192 0.000000 255 128 0 255
-64.515518 62.631836 37.500000 -0.653717 0.269543 0.707107 255 128 0 255
-65.693298 59.775391 37.500000 -0.667331 0.252643 0.700600 255 128 0 255
-65.693298 59.775391 18.750000 -0.935222 0.354063 0.000000 255 128 0 255
-66.036186 58.783203 18.750000 -0.945151 0.326633 0.000000 255 128 0 255
-66.036186 58.783203 37.500000 -0.668323 0.230964 0.707107 255 128 0 255
-67.064850 55.806641 37.500000 -0.679576 0.215271 0.701310 255 128 0 255
-67.064850 55.806641 18.750000 -0.953313 0.301984 0.000000 255 128 0 255
-67.361870 54.776855 18.750000 -0.960832 0.277132 0.000000 255 128 0 255
-67.361870 54.776855 37.500000 -0.679411 0.195962 0.707107 255 128 0 255
-68.252930 51.687500 37.500000 -0.688613 0.181680 0.702000 255 128 0 255
-68.252930 51.687500 18.750000 -0.966913 0.255105 0.000000 255 128 0 255
-68.507904 50.623047 18.750000 -0.972490 0.232946 0.000000 255 128 0 255
-68.507904 50.623047 37.500000 -0.687654 0.164718 0.707107 255 128 0 255
-69.272827 47.429688 37.500000 -0.695089 0.151997 0.702673 255 128 0 255
-69.272827 47.429688 18.750000 -0.976916 0.213624 0.000000 255 128 0 255
-69.489571 46.334961 18.750000 -0.980958 0.194219 0.000000 255 128 0 255
-69.489571 46.334961 37.500000 -0.693642 0.137333 0.707107 255 128 0 255
-70.139801 43.050781 37.500000 -0.699712 0.125983 0.703229 255 128 0 255
-70.139801 43.050781 18.750000 -0.984175 0.177201 0.000000 255 128 0 255
-70.322144 41.926758 18.750000 -0.987096 0.160130 0.000000 255 128 0 255
-70.322144 41.926758 37.500000 -0.697982 0.113229 0.707107 255 128 0 255
-70.869171 38.554688 37.500000 -0.702810 0.103443 0.703816 255 128 0 255
-70.869171 38.554688 18.750000 -0.989341 0.145616 0.000000 255 128 0 255
-71.020943 37.406738 18.750000 -0.991373 0.131070 0.000000 255 128 0 255
-71.020943 37.406738 37.500000 -0.701007 0.092681 0.707107 255 128 0 255
-71.476257 33.962891 37.500000 -0.704882 0.084242 0.704304 255 128 0 255
-71.476257 33.962891 18.750000 -0.992934 0.118668 0.000000 255 128 0 255
-71.601265 32.792969 18.750000 -0.994340 0.106246 0.000000 255 128 0 255
-71.601265 32.792969 37.500000 -0.703104 0.075128 0.707107 255 128 0 255
-71.976288 29.283203 37.500000 -0.706160 0.068040 0.704775 255 128 0 255
-71.976288 29.283203 18.750000 -0.995390 0.095908 0.000000 255 128 0 255
-72.078346 28.094727 18.750000 -0.996333 0.085558 0.000000 255 128 0 255
-72.078346 28.094727 37.500000 -0.704514 0.060499 0.707107 255 128 0 255
-72.384521 24.529297 37.500000 -0.706886 0.054690 0.705210 255 128 0 255
-72.384521 24.529297 18.750000 -0.997021 0.077136 0.000000 255 128 0 255
-72.467484 23.324707 18.750000 -0.997637 0.068709 0.000000 255 128 0 255
-72.467484 23.324707 37.500000 -0.705436 0.048584 0.707107 255 128 0 255
-72.716370 19.710938 37.500000 -0.707869 0.042318 0.705075 255 128 0 255
-72.716370 19.710938 18.750000 -0.998218 0.059676 0.000000 255 128 0 255
-72.840233 17.268066 18.750000 -0.998717 0.050639 0.000000 255 128 0 255
-72.840233 17.268066 37.500000 -0.706200 0.035807 0.707107 255 128 0 255
-73.211823 9.939453 37.500000 -0.707858 0.031322 0.705660 255 128 0 255
-73.211823 9.939453 18.750000 -0.999022 0.044206 0.000000 255 128 0 255
-73.305099 7.471680 18.750000 -0.999286 0.037771 0.000000 255 128 0 255
-73.305099 7.471680 37.500000 -0.706602 0.026708 0.707107 255 128 0 255
54.735046 76.953125 -37.500000 0.600322 0.427482 -0.675924 255 128 0 255
53.334137 78.415039 -37.500000 0.510539 0.489234 -0.707107 255 128 0 255
54.735046 76.953125 -18.750000 0.814580 0.580052 0.000000 255 128 0 255
54.735046 76.953125 37.500000 0.600322 0.427482 0.675924 255 128 0 255
53.334137 78.415039 18.750000 0.722011 0.691882 0.000000 255 128 0 255
53.334137 78.415039 37.500000 0.510539 0.489234 0.707107 255 128 0 255
49.131409 82.800781 37.500000 0.505901 0.498456 0.703993 255 128 0 255
49.131409 82.800781 18.750000 0.712329 0.701846 0.000000 255 128 0 255
48.418121 83.504883 18.750000 0.702509 0.711674 0.000000 255 128 0 255
48.418121 83.504883 37.500000 0.496749 0.503230 0.707106 255 128 0 255
46.278259 85.617188 37.500000 0.490859 0.514121 0.703376 255 128 0 255
46.278259 85.617188 18.750000 0.690554 0.723280 0.000000 255 128 0 255
45.549591 86.290039 18.750000 0.678408 0.734685 0.000000 255 128 0 255
45.549591 86.290039 37.500000 0.479707 0.519501 0.707107 255 128 0 255
43.363586 88.308594 37.500000 0.470985 0.534259 0.701954 255 128 0 255
43.363586 88.308594 18.750000 0.661290 0.750130 0.000000 255 128 0 255
42.614395 88.938965 18.750000 0.643821 0.765176 0.000000 255 128 0 255
42.614395 88.938965 37.500000 0.455250 0.541061 0.707107 255 128 0 255
40.366821 90.830078 37.500000 0.443255 0.559198 0.700587 255 128 0 255
40.366821 90.830078 18.750000 0.621182 0.783667 0.000000 255 128 0 255
39.591988 91.408203 18.750000 0.598012 0.801487 0.000000 255 128 0 255
39.591988 91.408203 37.500000 0.422858 0.566737 0.707107 255 128 0 255
37.267487 93.142578 37.500000 0.406468 0.588386 0.698989 255 128 0 255
37.267487 93.142578 18.750000 0.568382 0.822765 0.000000 255 128 0 255
36.461884 93.656738 18.750000 0.537995 0.842948 0.000000 255 128 0 255
36.461884 93.656738 37.500000 0.380420 0.596054 0.707107 255 128 0 255
34.045074 95.199219 37.500000 0.365242 0.613462 0.700187 255 128 0 255
34.045074 95.199219 18.750000 0.511573 0.859240 0.000000 255 128 0 255
33.629128 95.429688 18.750000 0.484658 0.874704 0.000000 255 128 0 255
33.629128 95.429688 37.500000 0.342705 0.618509 0.707107 255 128 0 255
32.381287 96.121094 37.500000 0.330333 0.631168 0.701789 255 128 0 255
32.381287 96.121094 18.750000 0.463700 0.885992 0.000000 255 128 0 255
31.955757 96.331055 18.750000 0.442480 0.896778 0.000000 255 128 0 255
31.955757 96.331055 37.500000 0.312881 0.634118 0.707107 255 128 0 255
30.679169 96.960938 37.500000 0.294640 0.650855 0.699696 255 128 0 255
30.679169 96.960938 18.750000 0.412406 0.911000 0.000000 255 128 0 255
29.799957 97.324219 18.750000 0.381876 0.924214 0.000000 255 128 0 255
29.799957 97.324219 37.500000 0.270027 0.653518 0.707107 255 128 0 255
27.162323 98.414062 37.500000 0.246472 0.672209 0.698131 255 128 0 255
27.162323 98.414062 18.750000 0.344248 0.938879 0.000000 255 128 0 255
26.249512 98.707520 18.750000 0.306060 0.952012 0.000000 255 128 0 255
26.249512 98.707520 37.500000 0.216417 0.673174 0.707107 255 128 0 255
23.511078 99.587891 37.500000 0.195895 0.687067 0.699689 255 128 0 255
23.511078 99.587891 18.750000 0.274191 0.961675 0.000000 255 128 0 255
22.569489 99.822754 18.750000 0.242018 0.970272 0.000000 255 128 0 255
22.569489 99.822754 37.500000 0.171132 0.686086 0.707107 255 128 0 255
19.744720 100.527344 37.500000 0.153483 0.696490 0.700960 255 128 0 255
19.744720 100.527344 18.750000 0.215203 0.976569 0.000000 255 128 0 255
18.779121 100.712402 18.750000 0.188226 0.982126 0.000000 255 128 0 255
18.779121 100.712402 37.500000 0.133096 0.694468 0.707107 255 128 0 255
15.882324 101.267578 37.500000 0.119207 0.701738 0.702391 255 128 0 255
15.882324 101.267578 18.750000 0.167475 0.985876 0.000000 255 128 0 255
14.897545 101.413574 18.750000 0.146650 0.989188 0.000000 255 128 0 255
14.897545 101.413574 37.500000 0.103697 0.699462 0.707107 255 128 0 255
11.943207 101.851562 37.500000 0.093001 0.704547 0.703537 255 128 0 255
11.943207 101.851562 18.750000 0.130866 0.991400 0.000000 255 128 0 255
10.944031 101.967285 18.750000 0.115049 0.993360 0.000000 255 128 0 255
10.944031 101.967285 37.500000 0.081352 0.702412 0.707107 255 128 0 255
7.946503 102.314453 37.500000 0.072849 0.706152 0.704303 255 128 0 255
7.946503 102.314453 18.750000 0.102619 0.994721 0.000000 255 128 0 255
5.924156 102.497559 18.750000 0.090172 0.995926 0.000000 255 128 0 255
5.924156 102.497559 37.500000 0.063761 0.704226 0.707107 255 128 0 255
73.584900 0.068359 -37.500000 0.714127 -0.004341 -0.700003 255 128 0 255
73.519318 2.609863 -37.500000 0.706871 0.018240 -0.707107 255 128 0 255
73.584900 0.068359 -18.750000 0.999982 -0.006079 0.000000 255 128 0 255
73.584900 0.068359 37.500000 0.714127 -0.004341 0.700003 255 128 0 255
73.519318 2.609863 18.750000 0.999667 0.025796 0.000000 255 128 0 255
73.519318 2.609863 37.500000 0.706871 0.018240 0.707107 255 128 0 255
73.322571 10.234375 37.500000 0.708435 0.023744 0.705377 255 128 0 255
73.322571 10.234375 18.750000 0.999439 0.033498 0.000000 255 128 0 255
73.270386 11.500000 18.750000 0.999151 0.041198 0.000000 255 128 0 255
73.270386 11.500000 37.500000 0.706506 0.029131 0.707107 255 128 0 255
73.113831 15.296875 37.500000 0.708283 0.035802 0.705020 255 128 0 255
73.113831 15.296875 18.750000 0.998725 0.050483 0.000000 255 128 0 255
73.038406 16.556641 18.750000 0.998212 0.059765 0.000000 255 128 0 255
73.038406 16.556641 37.500000 0.705843 0.042260 0.707107 255 128 0 255
72.812134 20.335938 37.500000 0.708053 0.051321 0.704292 255 128 0 255
72.812134 20.335938 18.750000 0.997384 0.072292 0.000000 255 128 0 255
72.705658 21.586914 18.750000 0.996397 0.084808 0.000000 255 128 0 255
72.705658 21.586914 37.500000 0.704560 0.059968 0.707107 255 128 0 255
72.386230 25.339844 37.500000 0.707030 0.071461 0.703564 255 128 0 255
72.386230 25.339844 18.750000 0.994931 0.100559 0.000000 255 128 0 255
72.240967 26.580566 18.750000 0.993216 0.116286 0.000000 255 128 0 255
72.240967 26.580566 37.500000 0.702310 0.082226 0.707107 255 128 0 255
71.805176 30.302734 37.500000 0.704823 0.096219 0.702827 255 128 0 255
71.805176 30.302734 18.750000 0.990810 0.135260 0.000000 255 128 0 255
71.613388 31.531738 18.750000 0.988042 0.154185 0.000000 255 128 0 255
71.613388 31.531738 37.500000 0.698651 0.109025 0.707107 255 128 0 255
71.038025 35.218750 37.500000 0.700946 0.125674 0.702055 255 128 0 255
71.038025 35.218750 18.750000 0.984304 0.176478 0.000000 255 128 0 255
70.791946 36.432617 18.750000 0.980064 0.198681 0.000000 255 128 0 255
70.791946 36.432617 37.500000 0.693010 0.140489 0.707107 255 128 0 255
70.053711 40.074219 37.500000 0.694732 0.159710 0.701313 255 128 0 255
70.053711 40.074219 18.750000 0.974579 0.224044 0.000000 255 128 0 255
69.745560 41.271484 18.750000 0.968438 0.249256 0.000000 255 128 0 255
69.745560 41.271484 37.500000 0.684789 0.176250 0.707106 255 128 0 255
68.821106 44.863281 37.500000 0.685536 0.196918 0.700902 255 128 0 255
68.821106 44.863281 18.750000 0.961134 0.276083 0.000000 255 128 0 255
68.446442 46.042969 18.750000 0.953087 0.302697 0.000000 255 128 0 255
68.446442 46.042969 37.500000 0.673934 0.214039 0.707107 255 128 0 255
67.322449 49.582031 37.500000 0.673622 0.232258 0.701633 255 128 0 255
67.322449 49.582031 18.750000 0.945384 0.325958 0.000000 255 128 0 255
66.888535 50.747070 18.750000 0.937114 0.349024 0.000000 255 128 0 255
66.888535 50.747070 37.500000 0.662639 0.246797 0.707107 255 128 0 255
65.586792 54.242188 37.500000 0.661675 0.262029 0.702515 255 128 0 255
65.586792 54.242188 18.750000 0.929751 0.368190 0.000000 255 128 0 255
65.103470 55.393066 18.750000 0.921996 0.387200 0.000000 255 128 0 255
65.103470 55.393066 37.500000 0.651949 0.273792 0.707107 255 128 0 255
63.653503 58.845703 37.500000 0.650749 0.285634 0.703519 255 128 0 255
63.653503 58.845703 18.750000 0.915675 0.401919 0.000000 255 128 0 255
63.130676 59.986816 18.750000 0.909120 0.416534 0.000000 255 128 0 255
63.130676 59.986816 37.500000 0.642845 0.294534 0.707107 255 128 0 255
61.562195 63.410156 37.500000 0.641684 0.303418 0.704399 255 128 0 255
61.562195 63.410156 18.750000 0.904031 0.427468 0.000000 255 128 0 255
61.009735 64.542969 18.750000 0.898810 0.438339 0.000000 255 128 0 255
61.009735 64.542969 37.500000 0.635554 0.309953 0.707107 255 128 0 255
59.352356 67.941406 37.500000 0.634439 0.317199 0.704892 255 128 0 255
59.352356 67.941406 18.750000 0.894439 0.447190 0.000000 255 128 0 255
58.198029 70.194336 18.750000 0.889981 0.455997 0.000000 255 128 0 255
58.198029 70.194336 37.500000 0.629312 0.322439 0.707107 255 128 0 255
60.667145 9.298828 37.500000 0.000000 0.000000 1.000000 255 128 0 255
73.388153 7.692871 37.500000 0.706871 0.018240 0.707107 255 128 0 255
60.863892 1.674316 37.500000 0.000000 0.000000 1.000000 255 128 0 255
60.849045 0.068359 37.500000 0.000000 0.000000 1.000000 255 128 0 255
60.864799 -1.544434 37.500000 0.000000 0.000000 1.000000 255 128 0 255
35.356293 7.427734 37.500000 0.000000 0.000000 1.000000 255 128 0 255
22.694603 8.094238 37.500000 -0.707101 -0.002765 0.707107 255 128 0 255
35.337502 12.233887 37.500000 0.000000 0.000000 1.000000 255 128 0 255
35.285316 13.499512 37.500000 0.000000 0.000000 1.000000 255 128 0 255
35.209892 14.759277 37.500000 0.000000 0.000000 1.000000 255 128 0 255
22.627296 14.497559 37.500000 -0.706781 -0.021469 0.707107 255 128 0 255
35.064346 19.550781 37.500000 0.000000 0.000000 1.000000 255 128 0 255
34.957870 20.801758 37.500000 0.000000 0.000000 1.000000 255 128 0 255
34.812607 22.042480 37.500000 0.000000 0.000000 1.000000 255 128 0 255
59.474319 27.549316 37.500000 0.000000 0.000000 1.000000 255 128 0 255
34.620819 23.271484 37.500000 0.000000 0.000000 1.000000 255 128 0 255
22.369858 20.877441 37.500000 -0.705359 -0.049689 0.707107 255 128 0 255
34.285141 28.036621 37.500000 0.000000 0.000000 1.000000 255 128 0 255
34.039062 29.250488 37.500000 0.000000 0.000000 1.000000 255 128 0 255
33.730911 30.447754 37.500000 0.000000 0.000000 1.000000 255 128 0 255
21.947861 26.432129 37.500000 -0.702919 -0.076848 0.707107 255 128 0 255
33.471954 32.816406 37.500000 0.000000 0.000000 1.000000 255 128 0 255
33.097290 33.996094 37.500000 0.000000 0.000000 1.000000 255 128 0 255
32.663376 35.161133 37.500000 0.000000 0.000000 1.000000 255 128 0 255
21.578835 29.588379 37.500000 -0.700301 -0.097869 0.707107 255 128 0 255
32.333168 37.523926 37.500000 0.000000 0.000000 1.000000 255 128 0 255
31.849846 38.674805 37.500000 0.000000 0.000000 1.000000 255 128 0 255
21.113243 32.734863 37.500000 -0.696786 -0.120371 0.707107 255 128 0 255
31.443695 41.025879 37.500000 0.000000 0.000000 1.000000 255 128 0 255
30.920868 42.166992 37.500000 0.000000 0.000000 1.000000 255 128 0 255
20.549561 35.866211 37.500000 -0.693122 -0.139936 0.707107 255 128 0 255
30.448273 44.507812 37.500000 0.000000 0.000000 1.000000 255 128 0 255
19.713219 39.761719 37.500000 -0.688513 -0.161090 0.707107 255 128 0 255
29.357033 49.171875 37.500000 0.000000 0.000000 1.000000 255 128 0 255
18.222809 45.975586 37.500000 -0.684759 -0.176367 0.707107 255 128 0 255
28.159523 53.821289 37.500000 0.000000 0.000000 1.000000 255 128 0 255
16.656143 51.246094 37.500000 -0.607845 -0.361281 0.707107 255 128 0 255
27.052055 55.684570 37.500000 0.000000 0.000000 1.000000 255 128 0 255
15.158730 53.698730 37.500000 -0.589710 -0.390181 0.707107 255 128 0 255
25.882217 57.452637 37.500000 0.000000 0.000000 1.000000 255 128 0 255
13.779633 55.740234 37.500000 -0.561537 -0.429739 0.707107 255 128 0 255
25.254440 58.272949 37.500000 0.000000 0.000000 1.000000 255 128 0 255
12.929611 56.814941 37.500000 -0.532516 -0.465217 0.707107 255 128 0 255
24.587708 59.036133 37.500000 0.000000 0.000000 1.000000 255 128 0 255
12.025040 57.809570 37.500000 -0.493143 -0.506765 0.707106 255 128 0 255
23.874191 59.730469 37.500000 0.000000 0.000000 1.000000 255 128 0 255
11.055511 58.708984 37.500000 -0.442079 -0.551875 0.707107 255 128 0 255
23.106155 60.345703 37.500000 0.000000 0.000000 1.000000 255 128 0 255
10.010941 59.498047 37.500000 -0.376312 -0.598657 0.707106 255 128 0 255
22.276550 60.867188 37.500000 0.000000 0.000000 1.000000 255 128 0 255
8.885056 60.164062 37.500000 -0.310020 -0.635521 0.707107 255 128 0 255
21.387711 61.300781 37.500000 0.000000 0.000000 1.000000 255 128 0 255
7.682991 60.717773 37.500000 -0.253187 -0.660225 0.707107 255 128 0 255
20.448036 61.661133 37.500000 0.000000 0.000000 1.000000 255 128 0 255
6.415962 61.176758 37.500000 -0.203995 -0.677043 0.707106 255 128 0 255
19.465973 61.957031 37.500000 0.000000 0.000000 1.000000 255 128 0 255
4.748100 61.624512 37.500000 -0.152871 -0.690386 0.707105 255 128 0 255
17.408577 62.412598 37.500000 0.000000 0.000000 1.000000 255 128 0 255
1.982307 62.198730 37.500000 -0.116809 -0.697392 0.707107 255 128 0 255
15.283386 62.768555 37.500000 0.000000 0.000000 1.000000 255 128 0 255
14.730927 63.901367 37.500000 0.000000 0.000000 1.000000 255 128 0 255
12.175690 67.616211 37.500000 0.000000 0.000000 1.000000 255 128 0 255
51.686646 79.085938 37.500000 0.000000 0.000000 1.000000 255 128 0 255
50.532318 81.338867 37.500000 0.510539 0.489234 0.707107 255 128 0 255
36.812836 77.739258 37.500000 0.000000 0.000000 1.000000 255 128 0 255
11.462402 68.320312 37.500000 0.000000 0.000000 1.000000 255 128 0 255
10.733734 68.993164 37.500000 0.000000 0.000000 1.000000 255 128 0 255
9.984543 69.623535 37.500000 0.000000 0.000000 1.000000 255 128 0 255
30.239395 83.761230 37.500000 0.000000 0.000000 1.000000 255 128 0 255
9.209709 70.201660 37.500000 0.000000 0.000000 1.000000 255 128 0 255
8.404106 70.715820 37.500000 0.000000 0.000000 1.000000 255 128 0 255
7.988159 70.946289 37.500000 0.000000 0.000000 1.000000 255 128 0 255
24.250244 87.729492 37.500000 0.000000 0.000000 1.000000 255 128 0 255
7.562630 71.156250 37.500000 0.000000 0.000000 1.000000 255 128 0 255
6.683418 71.519531 37.500000 0.000000 0.000000 1.000000 255 128 0 255
5.770607 71.812988 37.500000 0.000000 0.000000 1.000000 255 128 0 255
17.597588 90.329590 37.500000 0.000000 0.000000 1.000000 255 128 0 255
4.829018 72.047852 37.500000 0.000000 0.000000 1.000000 255 128 0 255
3.863419 72.232910 37.500000 0.000000 0.000000 1.000000 255 128 0 255
2.878639 72.378906 37.500000 0.000000 0.000000 1.000000 255 128 0 255
8.921684 92.027344 37.500000 0.000000 0.000000 1.000000 255 128 0 255
1.879463 72.494629 37.500000 0.000000 0.000000 1.000000 255 128 0 255
-0.142883 72.677734 37.500000 0.000000 0.000000 1.000000 255 128 0 255
-2.441071 72.005859 37.500000 0.000000 0.000000 1.000000 255 128 0 255
-15.513649 88.420410 37.500000 0.000000 0.000000 1.000000 255 128 0 255
-16.110352 98.247070 37.500000 -0.210477 0.675055 0.707107 255 128 0 255
-8.738930 90.532715 37.500000 0.000000 0.000000 1.000000 255 128 0 255
-8.415680 90.632812 37.500000 0.000000 0.000000 1.000000 255 128 0 255
-7.737923 90.786621 37.500000 0.000000 0.000000 1.000000 255 128 0 255
-19.691933 86.853516 37.500000 0.000000 0.000000 1.000000 255 128 0 255
-21.673622 96.417969 37.500000 -0.227854 0.669390 0.707107 255 128 0 255
-16.386902 87.978516 37.500000 0.000000 0.000000 1.000000 255 128 0 255
-16.114716 88.153809 37.500000 0.000000 0.000000 1.000000 255 128 0 255
-15.822708 88.299805 37.500000 0.000000 0.000000 1.000000 255 128 0 255
-23.407578 85.232910 37.500000 0.000000 0.000000 1.000000 255 128 0 255
-26.005486 94.857910 37.500000 -0.243544 0.663842 0.707107 255 128 0 255
-20.177391 86.417969 37.500000 0.000000 0.000000 1.000000 255 128 0 255
-19.943680 86.648926 37.500000 0.000000 0.000000 1.000000 255 128 0 255
-26.971443 83.448242 37.500000 0.000000 0.000000 1.000000 255 128 0 255
-30.222519 93.204590 37.500000 -0.263005 0.656375 0.707107 255 128 0 255
-23.831139 84.706543 37.500000 0.000000 0.000000 1.000000 255 128 0 255
-23.625801 84.979004 37.500000 0.000000 0.000000 1.000000 255 128 0 255
-18.375755 64.774414 37.500000 0.000000 0.000000 1.000000 255 128 0 255
-14.460197 54.850586 37.500000 0.592504 -0.385927 0.707107 255 128 0 255
-19.522614 63.013672 37.500000 0.000000 0.000000 1.000000 255 128 0 255
-20.534447 62.566406 37.500000 0.000000 0.000000 1.000000 255 128 0 255
-15.968735 52.472656 37.500000 0.610072 -0.357509 0.707107 255 128 0 255
-21.619484 60.714844 37.500000 0.000000 0.000000 1.000000 255 128 0 255
-22.591393 60.234375 37.500000 0.000000 0.000000 1.000000 255 128 0 255
-23.518387 59.717773 37.500000 0.000000 0.000000 1.000000 255 128 0 255
-36.447617 77.911133 37.500000 0.000000 0.000000 1.000000 255 128 0 255
-24.395462 59.160156 37.500000 0.000000 0.000000 1.000000 255 128 0 255
-17.450928 49.070801 37.500000 0.684987 -0.175481 0.707107 255 128 0 255
-25.586929 54.509277 37.500000 0.000000 0.000000 1.000000 255 128 0 255
-26.409096 53.907227 37.500000 0.000000 0.000000 1.000000 255 128 0 255
-27.171379 53.255859 37.500000 0.000000 0.000000 1.000000 255 128 0 255
-44.229347 70.927734 37.500000 0.000000 0.000000 1.000000 255 128 0 255
-27.528503 52.911133 37.500000 0.000000 0.000000 1.000000 255 128 0 255
-27.868782 52.552246 37.500000 0.000000 0.000000 1.000000 255 128 0 255
-19.004303 42.865234 37.500000 0.688693 -0.160317 0.707107 255 128 0 255
-28.954506 47.888184 37.500000 0.000000 0.000000 1.000000 255 128 0 255
-29.277657 47.515625 37.500000 0.000000 0.000000 1.000000 255 128 0 255
-29.584091 47.129395 37.500000 0.000000 0.000000 1.000000 255 128 0 255
-48.572220 64.985840 37.500000 0.000000 0.000000 1.000000 255 128 0 255
-30.148697 46.317871 37.500000 0.000000 0.000000 1.000000 255 128 0 255
-30.652145 45.455566 37.500000 0.000000 0.000000 1.000000 255 128 0 255
-31.098251 44.546875 37.500000 0.000000 0.000000 1.000000 255 128 0 255
-20.246765 37.420410 37.500000 0.693275 -0.139175 0.707107 255 128 0 255
-31.568466 42.204590 37.500000 0.000000 0.000000 1.000000 255 128 0 255
-31.961060 41.252441 37.500000 0.000000 0.000000 1.000000 255 128 0 255
-32.303947 40.260254 37.500000 0.000000 0.000000 1.000000 255 128 0 255
-20.851677 34.294434 37.500000 0.696889 -0.119778 0.707107 255 128 0 255
-32.708038 37.909180 37.500000 0.000000 0.000000 1.000000 255 128 0 255
-33.005058 36.879395 37.500000 0.000000 0.000000 1.000000 255 128 0 255
-33.260033 35.814941 37.500000 0.000000 0.000000 1.000000 255 128 0 255
-21.365288 31.156738 37.500000 0.700352 -0.097509 0.707106 255 128 0 255
-33.588593 33.455078 37.500000 0.000000 0.000000 1.000000 255 128 0 255
-33.805336 32.360352 37.500000 0.000000 0.000000 1.000000 255 128 0 255
-33.987679 31.236328 37.500000 0.000000 0.000000 1.000000 255 128 0 255
-21.779724 28.006836 37.500000 0.702966 -0.076412 0.707107 255 128 0 255
-34.245308 28.866211 37.500000 0.000000 0.000000 1.000000 255 128 0 255
-34.397079 27.718262 37.500000 0.000000 0.000000 1.000000 255 128 0 255
-34.522087 26.548340 37.500000 0.000000 0.000000 1.000000 255 128 0 255
-22.148674 24.048828 37.500000 0.705376 -0.049451 0.707107 255 128 0 255
-34.856049 21.784668 37.500000 0.000000 0.000000 1.000000 255 128 0 255
-34.958107 20.596191 37.500000 0.000000 0.000000 1.000000 255 128 0 255
-35.041069 19.391602 37.500000 0.000000 0.000000 1.000000 255 128 0 255
-22.530914 17.688477 37.500000 0.706784 -0.021371 0.707107 255 128 0 255
-35.185905 14.601562 37.500000 0.000000 0.000000 1.000000 255 128 0 255
-35.309769 12.158691 37.500000 0.000000 0.000000 1.000000 255 128 0 255
-22.681984 11.296387 37.500000 0.707101 -0.002751 0.707107 255 128 0 255
-35.328468 7.352539 37.500000 0.000000 0.000000 1.000000 255 128 0 255
-35.421745 4.884766 37.500000 0.000000 0.000000 1.000000 255 128 0 255
-22.685905 4.884766 37.500000 0.707077 0.006509 0.707107 255 128 0 255
-35.377411 0.068359 37.500000 0.000000 0.000000 1.000000 255 128 0 255
-22.653587 -1.526855 37.500000 0.707087 -0.005326 0.707107 255 128 0 255
-35.413460 -4.717285 37.500000 0.000000 0.000000 1.000000 255 128 0 255
-35.345161 -7.243164 37.500000 0.000000 0.000000 1.000000 255 128 0 255
-22.681030 -7.905273 37.500000 0.707096 0.003821 0.707107 255 128 0 255
-35.319344 -12.021484 37.500000 0.000000 0.000000 1.000000 255 128 0 255
-35.266258 -13.279785 37.500000 0.000000 0.000000 1.000000 255 128 0 255
-35.190475 -14.531250 37.500000 0.000000 0.000000 1.000000 255 128 0 255
-22.605385 -14.270508 37.500000 0.706758 0.022192 0.707107 255 128 0 255
-35.040993 -19.291992 37.500000 0.000000 0.000000 1.000000 255 128 0 255
-34.934921 -20.536621 37.500000 0.000000 0.000000 1.000000 255 128 0 255
-34.791000 -21.771484 37.500000 0.000000 0.000000 1.000000 255 128 0 255
-59.461197 -27.251953 37.500000 0.000000 0.000000 1.000000 255 128 0 255
-34.601669 -22.994141 37.500000 0.000000 0.000000 1.000000 255 128 0 255
-22.344215 -20.610352 37.500000 0.705345 0.049888 0.707107 255 128 0 255
-34.266609 -27.731445 37.500000 0.000000 0.000000 1.000000 255 128 0 255
-34.024277 -28.940430 37.500000 0.000000 0.000000 1.000000 255 128 0 255
-33.721382 -30.132812 37.500000 0.000000 0.000000 1.000000 255 128 0 255
-21.923691 -26.133301 37.500000 0.702959 0.076470 0.707107 255 128 0 255
-33.464989 -32.489746 37.500000 0.000000 0.000000 1.000000 255 128 0 255
-33.097549 -33.666504 37.500000 0.000000 0.000000 1.000000 255 128 0 255
-32.672859 -34.828125 37.500000 0.000000 0.000000 1.000000 255 128 0 255
-21.558624 -29.272949 37.500000 0.700388 0.097243 0.707107 255 128 0 255
-32.346840 -37.176270 37.500000 0.000000 0.000000 1.000000 255 128 0 255
-31.874451 -38.325684 37.500000 0.000000 0.000000 1.000000 255 128 0 255
-21.099487 -32.400391 37.500000 0.697011 0.119062 0.707107 255 128 0 255
-31.475098 -40.663574 37.500000 0.000000 0.000000 1.000000 255 128 0 255
-30.964546 -41.802734 37.500000 0.000000 0.000000 1.000000 255 128 0 255
-20.545845 -35.514648 37.500000 0.693544 0.137830 0.707107 255 128 0 255
-30.501678 -44.131836 37.500000 0.000000 0.000000 1.000000 255 128 0 255
-19.727791 -39.391113 37.500000 0.689183 0.158197 0.707107 255 128 0 255
-29.436119 -48.773926 37.500000 0.000000 0.000000 1.000000 255 128 0 255
-18.273148 -45.575684 37.500000 0.685631 0.172947 0.707107 255 128 0 255
-28.268867 -53.401367 37.500000 0.000000 0.000000 1.000000 255 128 0 255
-16.750641 -50.838379 37.500000 0.617157 0.345135 0.707107 255 128 0 255
-27.203102 -55.307129 37.500000 0.000000 0.000000 1.000000 255 128 0 255
-15.308083 -53.348145 37.500000 0.599942 0.374259 0.707107 255 128 0 255
-26.072723 -57.119141 37.500000 0.000000 0.000000 1.000000 255 128 0 255
-13.974487 -55.441406 37.500000 0.573148 0.414127 0.707107 255 128 0 255
-25.463074 -57.962891 37.500000 0.000000 0.000000 1.000000 255 128 0 255
-13.148163 -56.547363 37.500000 0.545082 0.450428 0.707107 255 128 0 255
-24.813049 -58.749512 37.500000 0.000000 0.000000 1.000000 255 128 0 255
-12.265297 -57.572754 37.500000 0.506245 0.493676 0.707107 255 128 0 255
-24.114525 -59.465820 37.500000 0.000000 0.000000 1.000000 255 128 0 255
-11.315079 -58.500977 37.500000 0.455424 0.540914 0.707108 255 128 0 255
-23.359444 -60.101562 37.500000 0.000000 0.000000 1.000000 255 128 0 255
-10.286926 -59.318359 37.500000 0.391625 0.588753 0.707106 255 128 0 255
-22.540230 -60.646484 37.500000 0.000000 0.000000 1.000000 255 128 0 255
-9.173706 -60.015137 37.500000 0.324495 0.628253 0.707107 255 128 0 255
-21.658211 -61.102051 37.500000 0.000000 0.000000 1.000000 255 128 0 255
-7.979675 -60.596191 37.500000 0.263851 0.656035 0.707107 255 128 0 255
-20.722176 -61.478516 37.500000 0.000000 0.000000 1.000000 255 128 0 255
-6.716614 -61.078125 37.500000 0.217040 0.672975 0.707106 255 128 0 255
-19.741096 -61.794922 37.500000 0.000000 0.000000 1.000000 255 128 0 255
-5.048462 -61.556641 37.500000 0.162378 0.688211 0.707106 255 128 0 255
-17.679878 -62.281250 37.500000 0.000000 0.000000 1.000000 255 128 0 255
-2.276154 -62.170898 37.500000 0.125203 0.695935 0.707106 255 128 0 255
-15.546608 -62.665039 37.500000 0.000000 0.000000 1.000000 255 128 0 255
-15.007439 -63.796387 37.500000 0.000000 0.000000 1.000000 255 128 0 255
-12.486320 -67.539062 37.500000 0.000000 0.000000 1.000000 255 128 0 255
-52.037750 -78.749512 37.500000 0.000000 0.000000 1.000000 255 128 0 255
-50.911697 -81.000977 37.500000 -0.516369 -0.483076 0.707107 255 128 0 255
-37.173195 -77.507812 37.500000 0.000000 0.000000 1.000000 255 128 0 255
-11.775421 -68.256836 37.500000 0.000000 0.000000 1.000000 255 128 0 255
-11.048470 -68.942871 37.500000 0.000000 0.000000 1.000000 255 128 0 255
-10.300117 -69.585449 37.500000 0.000000 0.000000 1.000000 255 128 0 255
-30.614586 -83.646973 37.500000 0.000000 0.000000 1.000000 255 128 0 255
-9.525024 -70.173828 37.500000 0.000000 0.000000 1.000000 255 128 0 255
6.638779 -70.531250 37.500000 0.000000 0.000000 1.000000 255 128 0 255
0.561241 -62.436523 37.500000 -0.117028 0.697355 0.707107 255 128 0 255
8.751152 -70.176758 37.500000 0.000000 0.000000 1.000000 255 128 0 255
9.799774 -69.756836 37.500000 0.000000 0.000000 1.000000 255 128 0 255
3.355446 -61.931152 37.500000 -0.152776 0.690406 0.707106 255 128 0 255
11.845268 -69.304199 37.500000 0.000000 0.000000 1.000000 255 128 0 255
5.726532 -61.380371 37.500000 -0.204076 0.677018 0.707106 255 128 0 255
12.822044 -69.009766 37.500000 0.000000 0.000000 1.000000 255 128 0 255
7.014969 -60.966309 37.500000 -0.253393 0.660146 0.707107 255 128 0 255
13.757027 -68.650879 37.500000 0.000000 0.000000 1.000000 255 128 0 255
8.244888 -60.463379 37.500000 -0.310310 0.635380 0.707107 255 128 0 255
14.641838 -68.218750 37.500000 0.000000 0.000000 1.000000 255 128 0 255
9.405182 -59.858398 37.500000 -0.375821 0.598965 0.707106 255 128 0 255
15.468285 -67.700195 37.500000 0.000000 0.000000 1.000000 255 128 0 255
10.486916 -59.136719 37.500000 -0.440264 0.553324 0.707107 255 128 0 255
16.234146 -67.090820 37.500000 0.000000 0.000000 1.000000 255 128 0 255
11.490196 -58.297852 37.500000 -0.491440 0.508415 0.707107 255 128 0 255
16.946404 -66.402344 37.500000 0.000000 0.000000 1.000000 255 128 0 255
12.424545 -57.356445 37.500000 -0.531341 0.466558 0.707107 255 128 0 255
17.612679 -65.643555 37.500000 0.000000 0.000000 1.000000 255 128 0 255
13.300156 -56.327148 37.500000 -0.559216 0.432756 0.707106 255 128 0 255
18.240685 -64.832031 37.500000 0.000000 0.000000 1.000000 255 128 0 255
14.318718 -54.930664 37.500000 -0.588078 0.392638 0.707107 255 128 0 255
19.412354 -63.077148 37.500000 0.000000 0.000000 1.000000 255 128 0 255
20.425995 -62.628906 37.500000 0.000000 0.000000 1.000000 255 128 0 255
15.860512 -52.560547 37.500000 -0.605911 0.364516 0.707107 255 128 0 255
21.536369 -60.783203 37.500000 0.000000 0.000000 1.000000 255 128 0 255
22.510033 -60.302246 37.500000 0.000000 0.000000 1.000000 255 128 0 255
23.438721 -59.785156 37.500000 0.000000 0.000000 1.000000 255 128 0 255
-21.507645 -93.388672 37.500000 0.000000 0.000000 1.000000 255 128 0 255
11.627151 -94.626953 37.500000 0.000000 0.000000 1.000000 255 128 0 255
25.905159 -94.855469 37.500000 0.242905 -0.664077 0.707106 255 128 0 255
8.391335 -95.810547 37.500000 0.000000 0.000000 1.000000 255 128 0 255
8.808647 -96.043945 37.500000 0.000000 0.000000 1.000000 255 128 0 255
21.565742 -96.414551 37.500000 0.227763 -0.669421 0.707106 255 128 0 255
5.497849 -97.170410 37.500000 0.000000 0.000000 1.000000 255 128 0 255
5.925133 -97.384277 37.500000 0.000000 0.000000 1.000000 255 128 0 255
6.362343 -97.577637 37.500000 0.000000 0.000000 1.000000 255 128 0 255
15.992775 -98.245605 37.500000 0.210277 -0.675118 0.707107 255 128 0 255
-0.424164 -99.691406 37.500000 0.000000 0.000000 1.000000 255 128 0 255
0.022369 -99.866211 37.500000 0.000000 0.000000 1.000000 255 128 0 255
0.940887 -100.163086 37.500000 0.000000 0.000000 1.000000 255 128 0 255
-15.589874 -99.770508 37.500000 0.000000 0.000000 1.000000 255 128 0 255
1.889214 -100.400391 37.500000 0.000000 0.000000 1.000000 255 128 0 255
6.904129 -101.031738 37.500000 0.198236 -0.678751 0.707107 255 128 0 255
-5.017204 -102.417480 37.500000 0.000000 0.000000 1.000000 255 128 0 255
-4.044029 -102.604492 37.500000 0.000000 0.000000 1.000000 255 128 0 255
-3.050987 -102.750488 37.500000 0.000000 0.000000 1.000000 255 128 0 255
-9.148384 -102.153809 37.500000 0.000000 0.000000 1.000000 255 128 0 255
36.374390 -77.925781 37.500000 0.000000 0.000000 1.000000 255 128 0 255
24.317429 -59.226562 37.500000 0.000000 0.000000 1.000000 255 128 0 255
17.375191 -49.158203 37.500000 -0.684399 0.177758 0.707107 255 128 0 255
25.530342 -54.556641 37.500000 0.000000 0.000000 1.000000 255 128 0 255
26.354088 -53.954590 37.500000 0.000000 0.000000 1.000000 255 128 0 255
27.117851 -53.302734 37.500000 0.000000 0.000000 1.000000 255 128 0 255
44.177345 -70.931641 37.500000 0.000000 0.000000 1.000000 255 128 0 255
27.475685 -52.957031 37.500000 0.000000 0.000000 1.000000 255 128 0 255
27.816643 -52.597656 37.500000 0.000000 0.000000 1.000000 255 128 0 255
18.956337 -42.927246 37.500000 -0.688218 0.162344 0.707107 255 128 0 255
28.921341 -47.914551 37.500000 0.000000 0.000000 1.000000 255 128 0 255
29.245163 -47.541504 37.500000 0.000000 0.000000 1.000000 255 128 0 255
29.552246 -47.154785 37.500000 0.000000 0.000000 1.000000 255 128 0 255
48.534668 -64.976074 37.500000 0.000000 0.000000 1.000000 255 128 0 255
30.118027 -46.341797 37.500000 0.000000 0.000000 1.000000 255 128 0 255
30.622543 -45.478516 37.500000 0.000000 0.000000 1.000000 255 128 0 255
31.069626 -44.569336 37.500000 0.000000 0.000000 1.000000 255 128 0 255
20.220367 -37.460449 37.500000 -0.692931 0.140880 0.707107 255 128 0 255
31.547623 -42.218262 37.500000 0.000000 0.000000 1.000000 255 128 0 255
31.941101 -41.264648 37.500000 0.000000 0.000000 1.000000 255 128 0 255
32.284790 -40.270508 37.500000 0.000000 0.000000 1.000000 255 128 0 255
20.835144 -34.322266 37.500000 -0.696666 0.121063 0.707107 255 128 0 255
32.695129 -37.909180 37.500000 0.000000 0.000000 1.000000 255 128 0 255
32.992874 -36.877930 37.500000 0.000000 0.000000 1.000000 255 128 0 255
33.248474 -35.812012 37.500000 0.000000 0.000000 1.000000 255 128 0 255
21.356583 -31.170410 37.500000 -0.700226 0.098408 0.707107 255 128 0 255
33.581772 -33.440430 37.500000 0.000000 0.000000 1.000000 255 128 0 255
33.799088 -32.343750 37.500000 0.000000 0.000000 1.000000 255 128 0 255
33.981949 -31.218750 37.500000 0.000000 0.000000 1.000000 255 128 0 255
21.776917 -28.005371 37.500000 -0.702891 0.077102 0.707107 255 128 0 255
34.243057 -28.838379 37.500000 0.000000 0.000000 1.000000 255 128 0 255
34.395279 -27.688477 37.500000 0.000000 0.000000 1.000000 255 128 0 255
34.520706 -26.516602 37.500000 0.000000 0.000000 1.000000 255 128 0 255
22.150604 -24.028809 37.500000 -0.705355 0.049749 0.707107 255 128 0 255
34.858444 -21.728027 37.500000 0.000000 0.000000 1.000000 255 128 0 255
34.960876 -20.537109 37.500000 0.000000 0.000000 1.000000 255 128 0 255
35.044159 -19.331055 37.500000 0.000000 0.000000 1.000000 255 128 0 255
22.536743 -17.636230 37.500000 -0.706785 0.021327 0.707107 255 128 0 255
35.189362 -14.519043 37.500000 0.000000 0.000000 1.000000 255 128 0 255
35.313843 -12.072266 37.500000 0.000000 0.000000 1.000000 255 128 0 255
22.687584 -11.213867 37.500000 -0.707102 0.002476 0.707107 255 128 0 255
35.330757 -7.241211 37.500000 0.000000 0.000000 1.000000 255 128 0 255
35.424599 -4.770020 37.500000 0.000000 0.000000 1.000000 255 128 0 255
-10.730942 69.813477 37.500000 0.000000 0.000000 1.000000 255 128 0 255
-4.542503 71.641113 37.500000 0.000000 0.000000 1.000000 255 128 0 255
55.889374 74.700195 -37.500000 0.629312 0.322439 -0.707107 255 128 0 255
49.131409 82.800781 -37.500000 0.505901 0.498456 -0.703993 255 128 0 255
51.686646 79.085938 -37.500000 0.000000 0.000000 -1.000000 255 128 0 255
36.812836 77.739258 -37.500000 0.000000 0.000000 -1.000000 255 128 0 255
48.418121 83.504883 -37.500000 0.496749 0.503230 -0.707106 255 128 0 255
46.278259 85.617188 -37.500000 0.490859 0.514121 -0.703376 255 128 0 255
34.672974 79.851562 -37.500000 0.000000 0.000000 -1.000000 255 128 0 255
45.549591 86.290039 -37.500000 0.479707 0.519501 -0.707107 255 128 0 255
43.363586 88.308594 -37.500000 0.470985 0.534259 -0.701954 255 128 0 255
32.486969 81.870117 -37.500000 0.000000 0.000000 -1.000000 255 128 0 255
42.614395 88.938965 -37.500000 0.455250 0.541061 -0.707107 255 128 0 255
40.366821 90.830078 -37.500000 0.443255 0.559198 -0.700587 255 128 0 255
30.239395 83.761230 -37.500000 0.000000 0.000000 -1.000000 255 128 0 255
39.591988 91.408203 -37.500000 0.422858 0.566737 -0.707107 255 128 0 255
37.267487 93.142578 -37.500000 0.406468 0.588386 -0.698989 255 128 0 255
27.914894 85.495605 -37.500000 0.000000 0.000000 -1.000000 255 128 0 255
36.461884 93.656738 -37.500000 0.380420 0.596054 -0.707107 255 128 0 255
34.045074 95.199219 -37.500000 0.365242 0.613462 -0.700187 255 128 0 255
25.498085 87.038086 -37.500000 0.000000 0.000000 -1.000000 255 128 0 255
33.629128 95.429688 -37.500000 0.342705 0.618509 -0.707107 255 128 0 255
32.381287 96.121094 -37.500000 0.330333 0.631168 -0.701788 255 128 0 255
24.250244 87.729492 -37.500000 0.000000 0.000000 -1.000000 255 128 0 255
31.955757 96.331055 -37.500000 0.312881 0.634118 -0.707107 255 128 0 255
30.679169 96.960938 -37.500000 0.294640 0.650855 -0.699696 255 128 0 255
22.973656 88.359375 -37.500000 0.000000 0.000000 -1.000000 255 128 0 255
29.799957 97.324219 -37.500000 0.270027 0.653518 -0.707107 255 128 0 255
27.162323 98.414062 -37.500000 0.246472 0.672209 -0.698131 255 128 0 255
20.336021 89.449219 -37.500000 0.000000 0.000000 -1.000000 255 128 0 255
26.249512 98.707520 -37.500000 0.216417 0.673174 -0.707107 255 128 0 255
23.511078 99.587891 -37.500000 0.195895 0.687067 -0.699689 255 128 0 255
17.597588 90.329590 -37.500000 0.000000 0.000000 -1.000000 255 128 0 255
22.569489 99.822754 -37.500000 0.171132 0.686086 -0.707107 255 128 0 255
19.744720 100.527344 -37.500000 0.153483 0.696490 -0.700960 255 128 0 255
14.772820 91.034180 -37.500000 0.000000 0.000000 -1.000000 255 128 0 255
18.779121 100.712402 -37.500000 0.133096 0.694468 -0.707107 255 128 0 255
15.882324 101.267578 -37.500000 0.119207 0.701738 -0.702392 255 128 0 255
11.876022 91.589355 -37.500000 0.000000 0.000000 -1.000000 255 128 0 255
14.897545 101.413574 -37.500000 0.103697 0.699462 -0.707107 255 128 0 255
11.943207 101.851562 -37.500000 0.093001 0.704547 -0.703537 255 128 0 255
8.921684 92.027344 -37.500000 0.000000 0.000000 -1.000000 255 128 0 255
10.944031 101.967285 -37.500000 0.081352 0.702411 -0.707107 255 128 0 255
7.946503 102.314453 -37.500000 0.072849 0.706152 -0.704303 255 128 0 255
5.924156 92.374512 -37.500000 0.000000 0.000000 -1.000000 255 128 0 255
5.924156 102.497559 -37.500000 0.063761 0.704226 -0.707107 255 128 0 255
-0.142883 92.923828 -37.500000 0.000000 0.000000 -1.000000 255 128 0 255
-9.335632 100.359375 -37.500000 -0.205032 0.678812 -0.705107 255 128 0 255
-7.037445 90.908203 -37.500000 0.000000 0.000000 -1.000000 255 128 0 255
-7.737923 90.786621 -37.500000 0.000000 0.000000 -1.000000 255 128 0 255
-8.415680 90.632812 -37.500000 0.000000 0.000000 -1.000000 255 128 0 255
59.352356 67.941406 -37.500000 0.634439 0.317198 -0.704892 255 128 0 255
59.904816 66.808594 -37.500000 0.635554 0.309953 -0.707107 255 128 0 255
44.478546 66.594727 -37.500000 0.000000 0.000000 -1.000000 255 128 0 255
15.283386 62.768555 -37.500000 0.000000 0.000000 -1.000000 255 128 0 255
2.690704 62.080078 -37.500000 -0.133752 -0.688288 -0.713001 255 128 0 255
17.408577 62.412598 -37.500000 0.000000 0.000000 -1.000000 255 128 0 255
3.376503 61.928223 -37.500000 -0.152871 -0.690386 -0.707105 255 128 0 255
5.433899 61.472656 -37.500000 -0.176383 -0.675860 -0.715613 255 128 0 255
19.465973 61.957031 -37.500000 0.000000 0.000000 -1.000000 255 128 0 255
5.761253 61.374023 -37.500000 -0.203995 -0.677043 -0.707106 255 128 0 255
6.743317 61.078125 -37.500000 -0.226006 -0.661073 -0.715475 255 128 0 255
20.448036 61.661133 -37.500000 0.000000 0.000000 -1.000000 255 128 0 255
7.056541 60.958008 -37.500000 -0.253187 -0.660225 -0.707107 255 128 0 255
7.996216 60.597656 -37.500000 -0.277832 -0.639196 -0.717104 255 128 0 255
21.387711 61.300781 -37.500000 0.000000 0.000000 -1.000000 255 128 0 255
8.292496 60.453125 -37.500000 -0.310020 -0.635521 -0.707107 255 128 0 255
9.181335 60.019531 -37.500000 -0.337590 -0.607062 -0.719381 255 128 0 255
22.276550 60.867188 -37.500000 0.000000 0.000000 -1.000000 255 128 0 255
9.457870 59.845703 -37.500000 -0.376312 -0.598657 -0.707106 255 128 0 255
10.287476 59.324219 -37.500000 -0.402143 -0.565351 -0.720180 255 128 0 255
23.106155 60.345703 -37.500000 0.000000 0.000000 -1.000000 255 128 0 255
10.543488 59.119141 -37.500000 -0.442079 -0.551875 -0.707107 255 128 0 255
11.311523 58.503906 -37.500000 -0.460752 -0.521556 -0.718114 255 128 0 255
23.874191 59.730469 -37.500000 0.000000 0.000000 -1.000000 255 128 0 255
11.549362 58.272461 -37.500000 -0.493143 -0.506765 -0.707106 255 128 0 255
12.262878 57.578125 -37.500000 -0.506466 -0.479960 -0.716331 255 128 0 255
24.587708 59.036133 -37.500000 0.000000 0.000000 -1.000000 255 128 0 255
12.485123 57.323730 -37.500000 -0.532516 -0.465217 -0.707107 255 128 0 255
13.151855 56.560547 -37.500000 -0.541551 -0.442999 -0.714475 255 128 0 255
25.254440 58.272949 -37.500000 0.000000 0.000000 -1.000000 255 128 0 255
13.361115 56.287109 -37.500000 -0.561537 -0.429739 -0.707107 255 128 0 255
13.988892 55.466797 -37.500000 -0.569529 -0.405619 -0.714919 255 128 0 255
25.882217 57.452637 -37.500000 0.000000 0.000000 -1.000000 255 128 0 255
14.378838 54.877441 -37.500000 -0.589710 -0.390181 -0.707107 255 128 0 255
15.548676 53.109375 -37.500000 -0.594282 -0.372910 -0.712578 255 128 0 255
27.052055 55.684570 -37.500000 0.000000 0.000000 -1.000000 255 128 0 255
15.917831 52.488281 -37.500000 -0.607845 -0.361281 -0.707107 255 128 0 255
28.159523 53.821289 -37.500000 0.000000 0.000000 -1.000000 255 128 0 255
18.621979 44.425781 -37.500000 -0.684230 -0.168137 -0.709619 255 128 0 255
29.357033 49.171875 -37.500000 0.000000 0.000000 -1.000000 255 128 0 255
18.985725 42.871094 -37.500000 -0.688513 -0.161090 -0.707107 255 128 0 255
20.076965 38.207031 -37.500000 -0.687499 -0.149790 -0.710569 255 128 0 255
30.448273 44.507812 -37.500000 0.000000 0.000000 -1.000000 255 128 0 255
20.234497 37.426758 -37.500000 -0.693122 -0.139936 -0.707107 255 128 0 255
20.707092 35.085938 -37.500000 -0.691881 -0.129578 -0.710289 255 128 0 255
30.920868 42.166992 -37.500000 0.000000 0.000000 -1.000000 255 128 0 255
31.443695 41.025879 -37.500000 0.000000 0.000000 -1.000000 255 128 0 255
20.842476 34.302246 -37.500000 -0.696786 -0.120371 -0.707107 255 128 0 255
21.248627 31.951172 -37.500000 -0.695017 -0.108569 -0.710749 255 128 0 255
31.849846 38.674805 -37.500000 0.000000 0.000000 -1.000000 255 128 0 255
32.333168 37.523926 -37.500000 0.000000 0.000000 -1.000000 255 128 0 255
21.358696 31.163574 -37.500000 -0.700301 -0.097869 -0.707107 255 128 0 255
21.688904 28.800781 -37.500000 -0.698311 -0.086948 -0.710494 255 128 0 255
32.663376 35.161133 -37.500000 0.000000 0.000000 -1.000000 255 128 0 255
33.097290 33.996094 -37.500000 0.000000 0.000000 -1.000000 255 128 0 255
33.471954 32.816406 -37.500000 0.000000 0.000000 -1.000000 255 128 0 255
21.775223 28.011230 -37.500000 -0.702919 -0.076848 -0.707107 255 128 0 255
22.034180 25.642578 -37.500000 -0.699894 -0.062887 -0.711472 255 128 0 255
33.730911 30.447754 -37.500000 0.000000 0.000000 -1.000000 255 128 0 255
34.039062 29.250488 -37.500000 0.000000 0.000000 -1.000000 255 128 0 255
34.285141 28.036621 -37.500000 0.000000 0.000000 -1.000000 255 128 0 255
22.146072 24.054199 -37.500000 -0.705359 -0.049689 -0.707107 255 128 0 255
22.481750 19.289062 -37.500000 -0.701663 -0.035357 -0.711631 255 128 0 255
34.620819 23.271484 -37.500000 0.000000 0.000000 -1.000000 255 128 0 255
34.812607 22.042480 -37.500000 0.000000 0.000000 -1.000000 255 128 0 255
34.957870 20.801758 -37.500000 0.000000 0.000000 -1.000000 255 128 0 255
72.386230 25.339844 -37.500000 0.707030 0.071461 -0.703563 255 128 0 255
72.492706 24.088867 -37.500000 0.704560 0.059968 -0.707106 255 128 0 255
59.910110 23.827148 -37.500000 0.000000 0.000000 -1.000000 255 128 0 255
35.064346 19.550781 -37.500000 0.000000 0.000000 -1.000000 255 128 0 255
22.530266 17.691895 -37.500000 -0.706781 -0.021469 -0.707107 255 128 0 255
22.675812 12.900391 -37.500000 -0.704001 -0.012066 -0.710096 255 128 0 255
35.209892 14.759277 -37.500000 0.000000 0.000000 -1.000000 255 128 0 255
35.285316 13.499512 -37.500000 0.000000 0.000000 -1.000000 255 128 0 255
35.337502 12.233887 -37.500000 0.000000 0.000000 -1.000000 255 128 0 255
22.682076 11.298340 -37.500000 -0.707101 -0.002765 -0.707107 255 128 0 255
22.700867 6.492188 -37.500000 -0.705618 0.001882 -0.708590 255 128 0 255
35.356293 7.427734 -37.500000 0.000000 0.000000 -1.000000 255 128 0 255
35.421875 4.886230 -37.500000 0.000000 0.000000 -1.000000 255 128 0 255
22.686020 4.886230 -37.500000 -0.707077 0.006537 -0.707107 255 128 0 255
35.377335 0.068359 -37.500000 0.000000 0.000000 -1.000000 255 128 0 255
22.704498 -6.382812 -37.500000 -0.705604 -0.002211 -0.708603 255 128 0 255
35.424599 -4.770020 -37.500000 0.000000 0.000000 -1.000000 255 128 0 255
35.330757 -7.241211 -37.500000 0.000000 0.000000 -1.000000 255 128 0 255
22.698860 -7.993164 -37.500000 -0.707102 0.002476 -0.707107 255 128 0 255
22.681946 -12.824219 -37.500000 -0.703981 0.011852 -0.710120 255 128 0 255
35.313843 -12.072266 -37.500000 0.000000 0.000000 -1.000000 255 128 0 255
35.189362 -14.519043 -37.500000 0.000000 0.000000 -1.000000 255 128 0 255
22.633545 -14.428223 -37.500000 -0.706785 0.021327 -0.707107 255 128 0 255
22.488342 -19.240234 -37.500000 -0.701632 0.035315 -0.711664 255 128 0 255
35.044159 -19.331055 -37.500000 0.000000 0.000000 -1.000000 255 128 0 255
34.960876 -20.537109 -37.500000 0.000000 0.000000 -1.000000 255 128 0 255
34.858444 -21.728027 -37.500000 0.000000 0.000000 -1.000000 255 128 0 255
22.375763 -20.836426 -37.500000 -0.705355 0.049749 -0.707107 255 128 0 255
22.038025 -25.625000 -37.500000 -0.699849 0.063040 -0.711504 255 128 0 255
34.520706 -26.516602 -37.500000 0.000000 0.000000 -1.000000 255 128 0 255
34.395279 -27.688477 -37.500000 0.000000 0.000000 -1.000000 255 128 0 255
34.243057 -28.838379 -37.500000 0.000000 0.000000 -1.000000 255 128 0 255
21.950989 -26.418457 -37.500000 -0.702891 0.077102 -0.707107 255 128 0 255
21.689880 -28.798828 -37.500000 -0.698215 0.087337 -0.710540 255 128 0 255
33.981949 -31.218750 -37.500000 0.000000 0.000000 -1.000000 255 128 0 255
33.799088 -32.343750 -37.500000 0.000000 0.000000 -1.000000 255 128 0 255
33.581772 -33.440430 -37.500000 0.000000 0.000000 -1.000000 255 128 0 255
21.578781 -29.589355 -37.500000 -0.700226 0.098408 -0.707107 255 128 0 255
21.245483 -31.960938 -37.500000 -0.694895 0.109178 -0.710775 255 128 0 255
33.248474 -35.812012 -37.500000 0.000000 0.000000 -1.000000 255 128 0 255
32.992874 -36.877930 -37.500000 0.000000 0.000000 -1.000000 255 128 0 255
32.695129 -37.909180 -37.500000 0.000000 0.000000 -1.000000 255 128 0 255
21.108704 -32.748047 -37.500000 -0.696666 0.121063 -0.707107 255 128 0 255
20.698364 -35.109375 -37.500000 -0.691687 0.130385 -0.710331 255 128 0 255
32.284790 -40.270508 -37.500000 0.000000 0.000000 -1.000000 255 128 0 255
31.941101 -41.264648 -37.500000 0.000000 0.000000 -1.000000 255 128 0 255
31.547623 -42.218262 -37.500000 0.000000 0.000000 -1.000000 255 128 0 255
20.539032 -35.893066 -37.500000 -0.692931 0.140880 -0.707107 255 128 0 255
20.061035 -38.244141 -37.500000 -0.687208 0.150873 -0.710621 255 128 0 255
31.069626 -44.569336 -37.500000 0.000000 0.000000 -1.000000 255 128 0 255
30.622543 -45.478516 -37.500000 0.000000 0.000000 -1.000000 255 128 0 255
30.118027 -46.341797 -37.500000 0.000000 0.000000 -1.000000 255 128 0 255
60.289001 -70.634766 -37.500000 0.603229 -0.385320 -0.698314 255 128 0 255
59.723221 -71.447754 -37.500000 0.580393 -0.403911 -0.707107 255 128 0 255
50.232010 -62.537109 -37.500000 0.000000 0.000000 -1.000000 255 128 0 255
29.552246 -47.154785 -37.500000 0.000000 0.000000 -1.000000 255 128 0 255
29.245163 -47.541504 -37.500000 0.000000 0.000000 -1.000000 255 128 0 255
28.921341 -47.914551 -37.500000 0.000000 0.000000 -1.000000 255 128 0 255
19.692802 -39.805176 -37.500000 -0.688218 0.162344 -0.707107 255 128 0 255
18.588104 -44.488281 -37.500000 -0.683882 0.169450 -0.709643 255 128 0 255
27.816643 -52.597656 -37.500000 0.000000 0.000000 -1.000000 255 128 0 255
27.475685 -52.957031 -37.500000 0.000000 0.000000 -1.000000 255 128 0 255
27.117851 -53.302734 -37.500000 0.000000 0.000000 -1.000000 255 128 0 255
52.707092 -79.746094 -37.500000 0.479975 -0.528483 -0.700236 255 128 0 255
51.943329 -80.397949 -37.500000 0.459042 -0.537848 -0.707107 255 128 0 255
44.177345 -70.931641 -37.500000 0.000000 0.000000 -1.000000 255 128 0 255
26.354088 -53.954590 -37.500000 0.000000 0.000000 -1.000000 255 128 0 255
25.530342 -54.556641 -37.500000 0.000000 0.000000 -1.000000 255 128 0 255
18.183800 -46.044922 -37.500000 -0.684399 0.177758 -0.707107 255 128 0 255
24.317429 -59.226562 -37.500000 0.000000 0.000000 -1.000000 255 128 0 255
23.438721 -59.785156 -37.500000 0.000000 0.000000 -1.000000 255 128 0 255
22.510033 -60.302246 -37.500000 0.000000 0.000000 -1.000000 255 128 0 255
39.127472 -89.064453 -37.500000 0.331211 -0.630908 -0.701608 255 128 0 255
38.153809 -89.545410 -37.500000 0.313164 -0.633978 -0.707107 255 128 0 255
33.588326 -79.477051 -37.500000 0.000000 0.000000 -1.000000 255 128 0 255
21.536369 -60.783203 -37.500000 0.000000 0.000000 -1.000000 255 128 0 255
15.490387 -53.175781 -37.500000 -0.592618 0.375801 -0.712445 255 128 0 255
20.425995 -62.628906 -37.500000 0.000000 0.000000 -1.000000 255 128 0 255
19.412354 -63.077148 -37.500000 0.000000 0.000000 -1.000000 255 128 0 255
15.099831 -53.760742 -37.500000 -0.588078 0.392638 -0.707107 255 128 0 255
13.928162 -55.515625 -37.500000 -0.567470 0.408253 -0.715058 255 128 0 255
18.240685 -64.832031 -37.500000 0.000000 0.000000 -1.000000 255 128 0 255
17.192062 -65.251953 -37.500000 0.000000 0.000000 -1.000000 255 128 0 255
13.718826 -55.786133 -37.500000 -0.559217 0.432756 -0.707106 255 128 0 255
13.090820 -56.597656 -37.500000 -0.540055 0.445349 -0.714147 255 128 0 255
16.564056 -66.063477 -37.500000 0.000000 0.000000 -1.000000 255 128 0 255
12.868729 -56.850586 -37.500000 -0.531341 0.466558 -0.707107 255 128 0 255
12.202454 -57.609375 -37.500000 -0.504982 0.481378 -0.716427 255 128 0 255
15.897781 -66.822266 -37.500000 0.000000 0.000000 -1.000000 255 128 0 255
14.819176 -67.216797 -37.500000 0.000000 0.000000 -1.000000 255 128 0 255
11.965034 -57.838867 -37.500000 -0.491440 0.508415 -0.707107 255 128 0 255
11.252777 -58.527344 -37.500000 -0.459024 0.523088 -0.718106 255 128 0 255
14.106918 -67.905273 -37.500000 0.000000 0.000000 -1.000000 255 128 0 255
10.997490 -58.730469 -37.500000 -0.440264 0.553324 -0.707107 255 128 0 255
10.231628 -59.339844 -37.500000 -0.401154 0.566417 -0.719894 255 128 0 255
13.341057 -68.514648 -37.500000 0.000000 0.000000 -1.000000 255 128 0 255
12.237457 -68.890137 -37.500000 0.000000 0.000000 -1.000000 255 128 0 255
9.956146 -59.512695 -37.500000 -0.375821 0.598965 -0.707107 255 128 0 255
9.129700 -60.031250 -37.500000 -0.337554 0.607258 -0.719232 255 128 0 255
11.411011 -69.408691 -37.500000 0.000000 0.000000 -1.000000 255 128 0 255
8.834763 -60.175293 -37.500000 -0.310310 0.635380 -0.707107 255 128 0 255
7.949951 -60.607422 -37.500000 -0.278070 0.639073 -0.717121 255 128 0 255
10.526199 -69.840820 -37.500000 0.000000 0.000000 -1.000000 255 128 0 255
7.638290 -60.727051 -37.500000 -0.253393 0.660146 -0.707107 255 128 0 255
6.703308 -61.085938 -37.500000 -0.226141 0.661002 -0.715497 255 128 0 255
9.591217 -70.199707 -37.500000 0.000000 0.000000 -1.000000 255 128 0 255
7.329048 -70.904297 -37.500000 0.000000 0.000000 -1.000000 255 128 0 255
6.377716 -61.184082 -37.500000 -0.204076 0.677018 -0.707106 255 128 0 255
5.400940 -61.478516 -37.500000 -0.176370 0.675832 -0.715643 255 128 0 255
6.352272 -71.198730 -37.500000 0.000000 0.000000 -1.000000 255 128 0 255
4.719109 -61.629395 -37.500000 -0.152776 0.690405 -0.707107 255 128 0 255
2.673615 -62.082031 -37.500000 -0.133823 0.688328 -0.712949 255 128 0 255
4.306778 -71.651367 -37.500000 0.000000 0.000000 -1.000000 255 128 0 255
1.969490 -62.200195 -37.500000 -0.117028 0.697355 -0.707107 255 128 0 255
2.194405 -72.005859 -37.500000 0.000000 0.000000 -1.000000 255 128 0 255
-0.107735 -72.678223 -37.500000 0.000000 0.000000 -1.000000 255 128 0 255
-2.148483 -72.496094 -37.500000 0.000000 0.000000 -1.000000 255 128 0 255
-8.165283 -102.320312 -37.500000 -0.072222 -0.706302 -0.704217 255 128 0 255
-9.173233 -102.204102 -37.500000 -0.080989 -0.702454 -0.707106 255 128 0 255
-6.159683 -92.378906 -37.500000 0.000000 0.000000 -1.000000 255 128 0 255
-3.156433 -72.379883 -37.500000 0.000000 0.000000 -1.000000 255 128 0 255
-4.149475 -72.233887 -37.500000 0.000000 0.000000 -1.000000 255 128 0 255
-5.122650 -72.046875 -37.500000 0.000000 0.000000 -1.000000 255 128 0 255
-20.061951 -100.523438 -37.500000 -0.153925 -0.696421 -0.700932 255 128 0 255
-21.010277 -100.286133 -37.500000 -0.171651 -0.685957 -0.707107 255 128 0 255
-15.082184 -91.031250 -37.500000 0.000000 0.000000 -1.000000 255 128 0 255
-6.070976 -71.809570 -37.500000 0.000000 0.000000 -1.000000 255 128 0 255
-6.989494 -71.512695 -37.500000 0.000000 0.000000 -1.000000 255 128 0 255
-7.436028 -71.337891 -37.500000 0.000000 0.000000 -1.000000 255 128 0 255
-29.315460 -97.687500 -37.500000 -0.273794 -0.657155 -0.702270 255 128 0 255
-29.752670 -97.494141 -37.500000 -0.286002 -0.646686 -0.707106 255 128 0 255
-22.022316 -88.904297 -37.500000 0.000000 0.000000 -1.000000 255 128 0 255
-7.873238 -71.144531 -37.500000 0.000000 0.000000 -1.000000 255 128 0 255
-8.300522 -70.930664 -37.500000 0.000000 0.000000 -1.000000 255 128 0 255
-8.717834 -70.697266 -37.500000 0.000000 0.000000 -1.000000 255 128 0 255
-34.442688 -95.125000 -37.500000 -0.368859 -0.611707 -0.699827 255 128 0 255
-35.249878 -94.601562 -37.500000 -0.384726 -0.593284 -0.707107 255 128 0 255
-25.867737 -86.982422 -37.500000 0.000000 0.000000 -1.000000 255 128 0 255
-9.525024 -70.173828 -37.500000 0.000000 0.000000 -1.000000 255 128 0 255
-10.300117 -69.585449 -37.500000 0.000000 0.000000 -1.000000 255 128 0 255
-11.048470 -68.942871 -37.500000 0.000000 0.000000 -1.000000 255 128 0 255
-43.765228 -88.107422 -37.500000 -0.476597 -0.529383 -0.701861 255 128 0 255
-44.492180 -87.421387 -37.500000 -0.485318 -0.514263 -0.707106 255 128 0 255
-32.859642 -81.719238 -37.500000 0.000000 0.000000 -1.000000 255 128 0 255
-11.775421 -68.256836 -37.500000 0.000000 0.000000 -1.000000 255 128 0 255
-12.486320 -67.539062 -37.500000 0.000000 0.000000 -1.000000 255 128 0 255
-15.007439 -63.796387 -37.500000 0.000000 0.000000 -1.000000 255 128 0 255
-59.601105 -67.521484 -37.500000 -0.637314 -0.311202 -0.704971 255 128 0 255
-57.079987 -71.264160 -37.500000 0.000000 0.000000 -1.000000 255 128 0 255
-58.475052 -69.772949 -37.500000 -0.632420 -0.316300 -0.707107 255 128 0 255
-60.140274 -66.390137 -37.500000 -0.638324 -0.304208 -0.707107 255 128 0 255
-44.736549 -66.279785 -37.500000 0.000000 0.000000 -1.000000 255 128 0 255
-15.546608 -62.665039 -37.500000 0.000000 0.000000 -1.000000 255 128 0 255
-2.987244 -62.042969 -37.500000 0.142592 0.686304 -0.713200 255 128 0 255
-17.679878 -62.281250 -37.500000 0.000000 0.000000 -1.000000 255 128 0 255
-3.674316 -61.880859 -37.500000 0.162378 0.688211 -0.707106 255 128 0 255
-5.735535 -61.394531 -37.500000 0.187374 0.672217 -0.716251 255 128 0 255
-19.741096 -61.794922 -37.500000 0.000000 0.000000 -1.000000 255 128 0 255
-6.062561 -61.289062 -37.500000 0.217040 0.672975 -0.707106 255 128 0 255
-7.043640 -60.972656 -37.500000 0.237838 0.657299 -0.715116 255 128 0 255
-20.722176 -61.478516 -37.500000 0.000000 0.000000 -1.000000 255 128 0 255
-7.355652 -60.847168 -37.500000 0.263851 0.656035 -0.707107 255 128 0 255
-8.291687 -60.470703 -37.500000 0.289945 0.632915 -0.717879 255 128 0 255
-21.658211 -61.102051 -37.500000 0.000000 0.000000 -1.000000 255 128 0 255
-8.585693 -60.318848 -37.500000 0.324495 0.628253 -0.707107 255 128 0 255
-9.467712 -59.863281 -37.500000 0.352094 0.598364 -0.719716 255 128 0 255
-22.540230 -60.646484 -37.500000 0.000000 0.000000 -1.000000 255 128 0 255
-9.740784 -59.681641 -37.500000 0.391625 0.588753 -0.707106 255 128 0 255
-10.559998 -59.136719 -37.500000 0.416308 0.555209 -0.720021 255 128 0 255
-23.359444 -60.101562 -37.500000 0.000000 0.000000 -1.000000 255 128 0 255
-23.869995 -58.962402 -37.500000 0.000000 0.000000 -1.000000 255 128 0 255
-10.811691 -58.924805 -37.500000 0.455424 0.540914 -0.707107 255 128 0 255
-11.566772 -58.289062 -37.500000 0.473658 0.509575 -0.718319 255 128 0 255
-24.625076 -58.326660 -37.500000 0.000000 0.000000 -1.000000 255 128 0 255
-11.799614 -58.050293 -37.500000 0.506245 0.493676 -0.707107 255 128 0 255
-12.498138 -57.333984 -37.500000 0.519044 0.466108 -0.716476 255 128 0 255
-25.323601 -57.610352 -37.500000 0.000000 0.000000 -1.000000 255 128 0 255
-12.714813 -57.071777 -37.500000 0.545081 0.450428 -0.707107 255 128 0 255
-13.364838 -56.285156 -37.500000 0.553512 0.427946 -0.714484 255 128 0 255
-25.973625 -56.823730 -37.500000 0.000000 0.000000 -1.000000 255 128 0 255
-13.568054 -56.003906 -37.500000 0.573148 0.414127 -0.707107 255 128 0 255
-14.177704 -55.160156 -37.500000 0.580401 0.390064 -0.714832 255 128 0 255
-26.583275 -55.979980 -37.500000 0.000000 0.000000 -1.000000 255 128 0 255
-27.055664 -54.830566 -37.500000 0.000000 0.000000 -1.000000 255 128 0 255
-14.554497 -54.556152 -37.500000 0.599942 0.374259 -0.707107 255 128 0 255
-15.684875 -52.744141 -37.500000 0.604018 0.357018 -0.712531 255 128 0 255
-28.186043 -53.018555 -37.500000 0.000000 0.000000 -1.000000 255 128 0 255
-16.040131 -52.108887 -37.500000 0.617157 0.345135 -0.707107 255 128 0 255
-29.251808 -51.112793 -37.500000 0.000000 0.000000 -1.000000 255 128 0 255
-29.676498 -49.951172 -37.500000 0.000000 0.000000 -1.000000 255 128 0 255
-30.043938 -48.774414 -37.500000 0.000000 0.000000 -1.000000 255 128 0 255
-18.662231 -44.033203 -37.500000 0.685083 0.165012 -0.709530 255 128 0 255
-31.211189 -44.146973 -37.500000 0.000000 0.000000 -1.000000 255 128 0 255
-31.514084 -42.954590 -37.500000 0.000000 0.000000 -1.000000 255 128 0 255
-19.017418 -42.485840 -37.500000 0.689183 0.158197 -0.707107 255 128 0 255
-20.082977 -37.843750 -37.500000 0.688167 0.147329 -0.710437 255 128 0 255
-32.579643 -38.312500 -37.500000 0.000000 0.000000 -1.000000 255 128 0 255
-32.821976 -37.103516 -37.500000 0.000000 0.000000 -1.000000 255 128 0 255
-20.237267 -37.067383 -37.500000 0.693544 0.137830 -0.707107 255 128 0 255
-20.700134 -34.738281 -37.500000 0.692328 0.127901 -0.710157 255 128 0 255
-33.284843 -34.774414 -37.500000 0.000000 0.000000 -1.000000 255 128 0 255
-20.833252 -33.958984 -37.500000 0.697011 0.119062 -0.707107 255 128 0 255
-21.232605 -31.621094 -37.500000 0.695278 0.107623 -0.710638 255 128 0 255
-33.684196 -32.436523 -37.500000 0.000000 0.000000 -1.000000 255 128 0 255
-33.873528 -31.213867 -37.500000 0.000000 0.000000 -1.000000 255 128 0 255
-21.341278 -30.838379 -37.500000 0.700389 0.097243 -0.707107 255 128 0 255
-21.667297 -28.490234 -37.500000 0.698414 0.086453 -0.710453 255 128 0 255
-34.199547 -28.865723 -37.500000 0.000000 0.000000 -1.000000 255 128 0 255
-21.752762 -27.704590 -37.500000 0.702960 0.076470 -0.707107 255 128 0 255
-22.009155 -25.347656 -37.500000 0.699996 0.062806 -0.711379 255 128 0 255
-34.455940 -26.508789 -37.500000 0.000000 0.000000 -1.000000 255 128 0 255
-34.599861 -25.273926 -37.500000 0.000000 0.000000 -1.000000 255 128 0 255
-34.705933 -24.029297 -37.500000 0.000000 0.000000 -1.000000 255 128 0 255
-22.120842 -23.768555 -37.500000 0.705345 0.049888 -0.707107 255 128 0 255
-22.455902 -19.031250 -37.500000 0.701725 0.035819 -0.711547 255 128 0 255
-35.040993 -19.291992 -37.500000 0.000000 0.000000 -1.000000 255 128 0 255
-35.116776 -18.040527 -37.500000 0.000000 0.000000 -1.000000 255 128 0 255
-22.505730 -17.444336 -37.500000 0.706758 0.022192 -0.707107 255 128 0 255
-22.655212 -12.683594 -37.500000 0.704039 0.012953 -0.710043 255 128 0 255
-35.266258 -13.279785 -37.500000 0.000000 0.000000 -1.000000 255 128 0 255
-35.319344 -12.021484 -37.500000 0.000000 0.000000 -1.000000 255 128 0 255
-22.663818 -11.090820 -37.500000 0.707096 0.003821 -0.707107 255 128 0 255
-22.689636 -6.312500 -37.500000 0.705645 -0.000751 -0.708566 255 128 0 255
-35.345161 -7.243164 -37.500000 0.000000 0.000000 -1.000000 255 128 0 255
-22.677620 -4.717285 -37.500000 0.707087 -0.005326 -0.707107 255 128 0 255
-35.309113 -2.457520 -37.500000 0.000000 0.000000 -1.000000 255 128 0 255
-35.377411 0.068359 -37.500000 0.000000 0.000000 -1.000000 255 128 0 255
-22.700684 6.490234 -37.500000 0.705624 0.001875 -0.708584 255 128 0 255
-35.421745 4.884766 -37.500000 0.000000 0.000000 -1.000000 255 128 0 255
-35.328468 7.352539 -37.500000 0.000000 0.000000 -1.000000 255 128 0 255
-22.694450 8.092285 -37.500000 0.707101 -0.002751 -0.707107 255 128 0 255
-22.675751 12.898438 -37.500000 0.704016 -0.012011 -0.710083 255 128 0 255
-35.309769 12.158691 -37.500000 0.000000 0.000000 -1.000000 255 128 0 255
-22.627472 14.495117 -37.500000 0.706784 -0.021371 -0.707107 255 128 0 255
-22.482635 19.285156 -37.500000 0.701694 -0.035191 -0.711609 255 128 0 255
-35.164932 16.948730 -37.500000 0.000000 0.000000 -1.000000 255 128 0 255
-35.041069 19.391602 -37.500000 0.000000 0.000000 -1.000000 255 128 0 255
-34.958107 20.596191 -37.500000 0.000000 0.000000 -1.000000 255 128 0 255
-71.976288 29.283203 -37.500000 -0.706160 0.068040 -0.704775 255 128 0 255
-59.405678 29.161621 -37.500000 0.000000 0.000000 -1.000000 255 128 0 255
-72.078346 28.094727 -37.500000 -0.704514 0.060499 -0.707107 255 128 0 255
-72.384521 24.529297 -37.500000 -0.706886 0.054690 -0.705210 255 128 0 255
-59.711853 25.596191 -37.500000 0.000000 0.000000 -1.000000 255 128 0 255
-59.797729 24.806152 -37.500000 0.000000 0.000000 -1.000000 255 128 0 255
-59.909050 23.218262 -37.500000 0.000000 0.000000 -1.000000 255 128 0 255
-21.693848 28.796875 -37.500000 0.698348 -0.086550 -0.710506 255 128 0 255
-34.264458 28.918457 -37.500000 0.000000 0.000000 -1.000000 255 128 0 255
-21.584328 29.583496 -37.500000 0.700351 -0.097509 -0.707107 255 128 0 255
-21.255768 31.943359 -37.500000 0.695129 -0.108100 -0.710711 255 128 0 255
-33.935898 31.278320 -37.500000 0.000000 0.000000 -1.000000 255 128 0 255
-33.810890 32.448242 -37.500000 0.000000 0.000000 -1.000000 255 128 0 255
-21.121071 32.727051 -37.500000 0.696889 -0.119778 -0.707107 255 128 0 255
-20.716980 35.078125 -37.500000 0.692035 -0.128909 -0.710260 255 128 0 255
-33.406799 34.799316 -37.500000 0.000000 0.000000 -1.000000 255 128 0 255
-20.560242 35.858887 -37.500000 0.693275 -0.139175 -0.707107 255 128 0 255
-20.090027 38.201172 -37.500000 0.687668 -0.149028 -0.710566 255 128 0 255
-32.936584 37.141602 -37.500000 0.000000 0.000000 -1.000000 255 128 0 255
-32.784813 38.289551 -37.500000 0.000000 0.000000 -1.000000 255 128 0 255
-32.602470 39.413574 -37.500000 0.000000 0.000000 -1.000000 255 128 0 255
-70.139801 43.050781 -37.500000 -0.699712 0.125983 -0.703230 255 128 0 255
-69.923058 44.145508 -37.500000 -0.693642 0.137333 -0.707107 255 128 0 255
-57.627357 41.838379 -37.500000 0.000000 0.000000 -1.000000 255 128 0 255
-32.385727 40.508301 -37.500000 0.000000 0.000000 -1.000000 255 128 0 255
-32.130753 41.572754 -37.500000 0.000000 0.000000 -1.000000 255 128 0 255
-31.833733 42.602539 -37.500000 0.000000 0.000000 -1.000000 255 128 0 255
-67.064850 55.806641 -37.500000 -0.679576 0.215271 -0.701310 255 128 0 255
-66.721962 56.798828 -37.500000 -0.668323 0.230964 -0.707107 255 128 0 255
-55.321144 51.405273 -37.500000 0.000000 0.000000 -1.000000 255 128 0 255
-31.490845 43.594727 -37.500000 0.000000 0.000000 -1.000000 255 128 0 255
-31.098251 44.546875 -37.500000 0.000000 0.000000 -1.000000 255 128 0 255
-19.728119 39.755859 -37.500000 0.688693 -0.160317 -0.707107 255 128 0 255
-18.642395 44.419922 -37.500000 0.684451 -0.167315 -0.709600 255 128 0 255
-30.012527 49.210938 -37.500000 0.000000 0.000000 -1.000000 255 128 0 255
-29.566422 50.119629 -37.500000 0.000000 0.000000 -1.000000 255 128 0 255
-29.062973 50.981934 -37.500000 0.000000 0.000000 -1.000000 255 128 0 255
-60.324707 70.667969 -37.500000 -0.603364 0.385169 -0.698281 255 128 0 255
-59.760101 71.479492 -37.500000 -0.580445 0.403836 -0.707107 255 128 0 255
-49.904129 64.105957 -37.500000 0.000000 0.000000 -1.000000 255 128 0 255
-28.498367 51.793457 -37.500000 0.000000 0.000000 -1.000000 255 128 0 255
-28.191933 52.179688 -37.500000 0.000000 0.000000 -1.000000 255 128 0 255
-27.868782 52.552246 -37.500000 0.000000 0.000000 -1.000000 255 128 0 255
-55.547943 76.949219 -37.500000 -0.527414 0.478341 -0.702157 255 128 0 255
-55.207664 77.308105 -37.500000 -0.513125 0.486520 -0.707107 255 128 0 255
-46.321556 68.816895 -37.500000 0.000000 0.000000 -1.000000 255 128 0 255
-27.528503 52.911133 -37.500000 0.000000 0.000000 -1.000000 255 128 0 255
-27.171379 53.255859 -37.500000 0.000000 0.000000 -1.000000 255 128 0 255
-26.409096 53.907227 -37.500000 0.000000 0.000000 -1.000000 255 128 0 255
-49.709198 82.369141 -37.500000 -0.443989 0.560898 -0.698761 255 128 0 255
-48.887032 82.971191 -37.500000 -0.417764 0.570503 -0.707107 255 128 0 255
-41.942497 72.881836 -37.500000 0.000000 0.000000 -1.000000 255 128 0 255
-25.586929 54.509277 -37.500000 0.000000 0.000000 -1.000000 255 128 0 255
-18.245239 45.970215 -37.500000 0.684987 -0.175481 -0.707107 255 128 0 255
-24.395462 59.160156 -37.500000 0.000000 0.000000 -1.000000 255 128 0 255
-23.518387 59.717773 -37.500000 0.000000 0.000000 -1.000000 255 128 0 255
-22.591393 60.234375 -37.500000 0.000000 0.000000 -1.000000 255 128 0 255
-39.204254 89.074219 -37.500000 -0.331431 0.630800 -0.701601 255 128 0 255
-38.232346 89.554688 -37.500000 -0.313362 0.633880 -0.707107 255 128 0 255
-33.666634 79.460938 -37.500000 0.000000 0.000000 -1.000000 255 128 0 255
-21.619484 60.714844 -37.500000 0.000000 0.000000 -1.000000 255 128 0 255
-15.607056 53.089844 -37.500000 0.596865 -0.368984 -0.712463 255 128 0 255
-20.534447 62.566406 -37.500000 0.000000 0.000000 -1.000000 255 128 0 255
-19.522614 63.013672 -37.500000 0.000000 0.000000 -1.000000 255 128 0 255
-15.224770 53.676758 -37.500000 0.592504 -0.385927 -0.707107 255 128 0 255
-14.077911 55.437500 -37.500000 0.572491 -0.401468 -0.714897 255 128 0 255
-18.375755 64.774414 -37.500000 0.000000 0.000000 -1.000000 255 128 0 255
-17.328987 65.193848 -37.500000 0.000000 0.000000 -1.000000 255 128 0 255
-13.872574 55.709961 -37.500000 0.564697 -0.425578 -0.707107 255 128 0 255
-13.256561 56.527344 -37.500000 0.545025 -0.438847 -0.714395 255 128 0 255
-16.712975 66.011230 -37.500000 0.000000 0.000000 -1.000000 255 128 0 255
-13.038338 56.781250 -37.500000 0.536260 -0.460896 -0.707107 255 128 0 255
-12.383667 57.542969 -37.500000 0.510203 -0.475918 -0.716376 255 128 0 255
-16.058304 66.772949 -37.500000 0.000000 0.000000 -1.000000 255 128 0 255
-14.981575 67.167969 -37.500000 0.000000 0.000000 -1.000000 255 128 0 255
-12.149956 57.773926 -37.500000 0.497028 -0.502955 -0.707106 255 128 0 255
-11.448822 58.466797 -37.500000 0.464531 -0.518088 -0.718189 255 128 0 255
-14.280441 67.860840 -37.500000 0.000000 0.000000 -1.000000 255 128 0 255
-11.197075 58.671387 -37.500000 0.445956 -0.548747 -0.707107 255 128 0 255
-10.441833 59.285156 -37.500000 0.407500 -0.562088 -0.719723 255 128 0 255
-13.525200 68.474609 -37.500000 0.000000 0.000000 -1.000000 255 128 0 255
-12.423523 68.849609 -37.500000 0.000000 0.000000 -1.000000 255 128 0 255
-10.169647 59.460449 -37.500000 0.382862 -0.594489 -0.707107 255 128 0 255
-9.353088 59.986328 -37.500000 0.343798 -0.603400 -0.719521 255 128 0 255
-11.606964 69.375488 -37.500000 0.000000 0.000000 -1.000000 255 128 0 255
-9.061081 60.132324 -37.500000 0.316215 -0.632462 -0.707106 255 128 0 255
-8.185059 60.570312 -37.500000 0.282634 -0.636580 -0.717555 255 128 0 255
-10.730942 69.813477 -37.500000 0.000000 0.000000 -1.000000 255 128 0 255
-7.875999 60.690918 -37.500000 0.257058 -0.658727 -0.707107 255 128 0 255
-6.948822 61.052734 -37.500000 0.230536 -0.659727 -0.715271 255 128 0 255
-9.803764 70.175293 -37.500000 0.000000 0.000000 -1.000000 255 128 0 255
-7.545525 70.879395 -37.500000 0.000000 0.000000 -1.000000 255 128 0 255
-6.625572 61.152832 -37.500000 0.209164 -0.675463 -0.707107 255 128 0 255
-5.979073 61.353027 -37.500000 0.209164 -0.675463 -0.707107 255 128 0 255
-6.575775 71.179688 -37.500000 0.000000 0.000000 -1.000000 255 128 0 255
-5.655823 61.453125 -37.500000 0.180662 -0.674436 -0.715889 255 128 0 255
-6.302322 61.252930 -37.500000 0.209164 -0.675463 -0.707107 255 128 0 255
-6.899025 71.079590 -37.500000 0.000000 0.000000 -1.000000 255 128 0 255
-7.222275 70.979492 -37.500000 0.000000 0.000000 -1.000000 255 128 0 255
-7.495728 80.906250 -37.500000 0.000000 0.000000 -1.000000 255 128 0 255
-7.818977 80.806152 -37.500000 0.000000 0.000000 -1.000000 255 128 0 255
-8.142227 80.706055 -37.500000 0.000000 0.000000 -1.000000 255 128 0 255
-8.738930 90.532715 -37.500000 0.000000 0.000000 -1.000000 255 128 0 255
-11.593872 99.655273 -37.500000 -0.210477 0.675055 -0.707107 255 128 0 255
-10.997169 89.828613 -37.500000 0.000000 0.000000 -1.000000 255 128 0 255
-10.400467 80.001953 -37.500000 0.000000 0.000000 -1.000000 255 128 0 255
-13.852112 98.951172 -37.500000 -0.210477 0.675055 -0.707107 255 128 0 255
-13.255409 89.124512 -37.500000 0.000000 0.000000 -1.000000 255 128 0 255
-16.110352 98.247070 -37.500000 -0.210477 0.675055 -0.707107 255 128 0 255
-12.658707 79.297852 -37.500000 0.000000 0.000000 -1.000000 255 128 0 255
-15.513649 88.420410 -37.500000 0.000000 0.000000 -1.000000 255 128 0 255
-18.368591 97.542969 -37.500000 -0.220078 0.675022 -0.704209 255 128 0 255
-7.257881 60.932129 -37.500000 0.257058 -0.658727 -0.707107 255 128 0 255
-7.566940 60.811523 -37.500000 0.257058 -0.658727 -0.707107 255 128 0 255
-10.112823 70.054688 -37.500000 0.000000 0.000000 -1.000000 255 128 0 255
-10.421883 69.934082 -37.500000 0.000000 0.000000 -1.000000 255 128 0 255
-12.967766 79.177246 -37.500000 0.000000 0.000000 -1.000000 255 128 0 255
-13.276825 79.056641 -37.500000 0.000000 0.000000 -1.000000 255 128 0 255
-15.822708 88.299805 -37.500000 0.000000 0.000000 -1.000000 255 128 0 255
-8.477066 60.424316 -37.500000 0.316215 -0.632462 -0.707106 255 128 0 255
-8.769073 60.278320 -37.500000 0.316215 -0.632462 -0.707106 255 128 0 255
-11.022949 69.667480 -37.500000 0.000000 0.000000 -1.000000 255 128 0 255
-11.314957 69.521484 -37.500000 0.000000 0.000000 -1.000000 255 128 0 255
-13.568832 78.910645 -37.500000 0.000000 0.000000 -1.000000 255 128 0 255
-13.860840 78.764648 -37.500000 0.000000 0.000000 -1.000000 255 128 0 255
-16.114716 88.153809 -37.500000 0.000000 0.000000 -1.000000 255 128 0 255
-9.625275 59.811035 -37.500000 0.382862 -0.594489 -0.707107 255 128 0 255
-9.897461 59.635742 -37.500000 0.382862 -0.594489 -0.707107 255 128 0 255
-11.879150 69.200195 -37.500000 0.000000 0.000000 -1.000000 255 128 0 255
-12.151337 69.024902 -37.500000 0.000000 0.000000 -1.000000 255 128 0 255
-14.133026 78.589355 -37.500000 0.000000 0.000000 -1.000000 255 128 0 255
-14.405212 78.414062 -37.500000 0.000000 0.000000 -1.000000 255 128 0 255
-16.386902 87.978516 -37.500000 0.000000 0.000000 -1.000000 255 128 0 255
-19.470268 97.167969 -37.500000 -0.227854 0.669390 -0.707107 255 128 0 255
-17.488579 87.603516 -37.500000 0.000000 0.000000 -1.000000 255 128 0 255
-15.506889 78.039062 -37.500000 0.000000 0.000000 -1.000000 255 128 0 255
-20.571945 96.792969 -37.500000 -0.227854 0.669390 -0.707107 255 128 0 255
-18.590256 87.228516 -37.500000 0.000000 0.000000 -1.000000 255 128 0 255
-21.673622 96.417969 -37.500000 -0.227854 0.669390 -0.707107 255 128 0 255
-16.608566 77.664062 -37.500000 0.000000 0.000000 -1.000000 255 128 0 255
-19.691933 86.853516 -37.500000 0.000000 0.000000 -1.000000 255 128 0 255
-22.775299 96.042969 -37.500000 -0.236592 0.669142 -0.704467 255 128 0 255
-10.693581 59.080566 -37.500000 0.445956 -0.548747 -0.707107 255 128 0 255
-10.945328 58.875977 -37.500000 0.445956 -0.548747 -0.707107 255 128 0 255
-13.776947 68.270020 -37.500000 0.000000 0.000000 -1.000000 255 128 0 255
-14.028694 68.065430 -37.500000 0.000000 0.000000 -1.000000 255 128 0 255
-16.860313 77.459473 -37.500000 0.000000 0.000000 -1.000000 255 128 0 255
-17.112061 77.254883 -37.500000 0.000000 0.000000 -1.000000 255 128 0 255
-19.943680 86.648926 -37.500000 0.000000 0.000000 -1.000000 255 128 0 255
-11.682533 58.235840 -37.500000 0.497028 -0.502955 -0.707106 255 128 0 255
-11.916245 58.004883 -37.500000 0.497028 -0.502955 -0.707106 255 128 0 255
-14.514153 67.629883 -37.500000 0.000000 0.000000 -1.000000 255 128 0 255
-14.747864 67.398926 -37.500000 0.000000 0.000000 -1.000000 255 128 0 255
-17.345772 77.023926 -37.500000 0.000000 0.000000 -1.000000 255 128 0 255
-17.579483 76.792969 -37.500000 0.000000 0.000000 -1.000000 255 128 0 255
-20.177391 86.417969 -37.500000 0.000000 0.000000 -1.000000 255 128 0 255
-23.852028 95.647949 -37.500000 -0.243544 0.663842 -0.707107 255 128 0 255
-21.254120 86.022949 -37.500000 0.000000 0.000000 -1.000000 255 128 0 255
-18.656212 76.397949 -37.500000 0.000000 0.000000 -1.000000 255 128 0 255
-24.928757 95.252930 -37.500000 -0.243544 0.663842 -0.707107 255 128 0 255
-22.330849 85.627930 -37.500000 0.000000 0.000000 -1.000000 255 128 0 255
-26.005486 94.857910 -37.500000 -0.243544 0.663842 -0.707107 255 128 0 255
-19.732941 76.002930 -37.500000 0.000000 0.000000 -1.000000 255 128 0 255
-23.407578 85.232910 -37.500000 0.000000 0.000000 -1.000000 255 128 0 255
-27.082214 94.462891 -37.500000 -0.254480 0.663249 -0.703804 255 128 0 255
-12.601891 57.289062 -37.500000 0.536260 -0.460896 -0.707107 255 128 0 255
-12.820114 57.035156 -37.500000 0.536260 -0.460896 -0.707107 255 128 0 255
-16.276527 66.519043 -37.500000 0.000000 0.000000 -1.000000 255 128 0 255
-16.494751 66.265137 -37.500000 0.000000 0.000000 -1.000000 255 128 0 255
-19.951164 75.749023 -37.500000 0.000000 0.000000 -1.000000 255 128 0 255
-20.169388 75.495117 -37.500000 0.000000 0.000000 -1.000000 255 128 0 255
-23.625801 84.979004 -37.500000 0.000000 0.000000 -1.000000 255 128 0 255
-13.461899 56.254883 -37.500000 0.564697 -0.425578 -0.707107 255 128 0 255
-13.667236 55.982422 -37.500000 0.564697 -0.425578 -0.707107 255 128 0 255
-16.918312 65.738770 -37.500000 0.000000 0.000000 -1.000000 255 128 0 255
-17.123650 65.466309 -37.500000 0.000000 0.000000 -1.000000 255 128 0 255
-20.374725 75.222656 -37.500000 0.000000 0.000000 -1.000000 255 128 0 255
-20.580063 74.950195 -37.500000 0.000000 0.000000 -1.000000 255 128 0 255
-23.831139 84.706543 -37.500000 0.000000 0.000000 -1.000000 255 128 0 255
-28.128983 94.043457 -37.500000 -0.263005 0.656375 -0.707107 255 128 0 255
-24.877907 84.287109 -37.500000 0.000000 0.000000 -1.000000 255 128 0 255
-21.626831 74.530762 -37.500000 0.000000 0.000000 -1.000000 255 128 0 255
-29.175751 93.624023 -37.500000 -0.263005 0.656375 -0.707107 255 128 0 255
-25.924675 83.867676 -37.500000 0.000000 0.000000 -1.000000 255 128 0 255
-30.222519 93.204590 -37.500000 -0.263005 0.656375 -0.707107 255 128 0 255
-22.673599 74.111328 -37.500000 0.000000 0.000000 -1.000000 255 128 0 255
-26.971443 83.448242 -37.500000 0.000000 0.000000 -1.000000 255 128 0 255
-31.269287 92.785156 -37.500000 -0.276003 0.655259 -0.703177 255 128 0 255
-14.460197 54.850586 -37.500000 0.592504 -0.385927 -0.707107 255 128 0 255
-14.842484 54.263672 -37.500000 0.592504 -0.385927 -0.707107 255 128 0 255
-18.758041 64.187500 -37.500000 0.000000 0.000000 -1.000000 255 128 0 255
-19.140327 63.600586 -37.500000 0.000000 0.000000 -1.000000 255 128 0 255
-23.055885 73.524414 -37.500000 0.000000 0.000000 -1.000000 255 128 0 255
-23.438171 72.937500 -37.500000 0.000000 0.000000 -1.000000 255 128 0 255
-27.353729 82.861328 -37.500000 0.000000 0.000000 -1.000000 255 128 0 255
-32.281120 92.337891 -37.500000 -0.285881 0.646739 -0.707107 255 128 0 255
-28.365562 82.414062 -37.500000 0.000000 0.000000 -1.000000 255 128 0 255
-24.450005 72.490234 -37.500000 0.000000 0.000000 -1.000000 255 128 0 255
-33.292953 91.890625 -37.500000 -0.285881 0.646739 -0.707107 255 128 0 255
-29.377396 81.966797 -37.500000 0.000000 0.000000 -1.000000 255 128 0 255
-34.304787 91.443359 -37.500000 -0.285881 0.646739 -0.707107 255 128 0 255
-25.461838 72.042969 -37.500000 0.000000 0.000000 -1.000000 255 128 0 255
-30.389229 81.519531 -37.500000 0.000000 0.000000 -1.000000 255 128 0 255
-35.316620 90.996094 -37.500000 -0.301710 0.644773 -0.702310 255 128 0 255
-15.968735 52.472656 -37.500000 0.610072 -0.357509 -0.707107 255 128 0 255
-16.330414 51.855469 -37.500000 0.610072 -0.357509 -0.707107 255 128 0 255
-20.896126 61.949219 -37.500000 0.000000 0.000000 -1.000000 255 128 0 255
-21.257805 61.332031 -37.500000 0.000000 0.000000 -1.000000 255 128 0 255
-25.823517 71.425781 -37.500000 0.000000 0.000000 -1.000000 255 128 0 255
-26.185196 70.808594 -37.500000 0.000000 0.000000 -1.000000 255 128 0 255
-30.750908 80.902344 -37.500000 0.000000 0.000000 -1.000000 255 128 0 255
-28.129013 69.847656 -37.500000 0.000000 0.000000 -1.000000 255 128 0 255
-27.157104 70.328125 -37.500000 0.000000 0.000000 -1.000000 255 128 0 255
-32.694725 79.941406 -37.500000 0.000000 0.000000 -1.000000 255 128 0 255
-31.722816 80.421875 -37.500000 0.000000 0.000000 -1.000000 255 128 0 255
-37.260437 90.035156 -37.500000 -0.313362 0.633880 -0.707107 255 128 0 255
-36.288528 90.515625 -37.500000 -0.313362 0.633880 -0.707107 255 128 0 255
-40.131248 88.557617 -37.500000 -0.344218 0.617668 -0.707106 255 128 0 255
-34.593628 78.944336 -37.500000 0.000000 0.000000 -1.000000 255 128 0 255
-29.056007 69.331055 -37.500000 0.000000 0.000000 -1.000000 255 128 0 255
-41.058243 88.041016 -37.500000 -0.344218 0.617668 -0.707106 255 128 0 255
-35.520622 78.427734 -37.500000 0.000000 0.000000 -1.000000 255 128 0 255
-41.985237 87.524414 -37.500000 -0.344218 0.617668 -0.707106 255 128 0 255
-29.983002 68.814453 -37.500000 0.000000 0.000000 -1.000000 255 128 0 255
-36.447617 77.911133 -37.500000 0.000000 0.000000 -1.000000 255 128 0 255
-42.912231 87.007812 -37.500000 -0.365223 0.612944 -0.700651 255 128 0 255
-43.789307 86.450195 -37.500000 -0.379376 0.596720 -0.707107 255 128 0 255
-37.324692 77.353516 -37.500000 0.000000 0.000000 -1.000000 255 128 0 255
-30.860077 68.256836 -37.500000 0.000000 0.000000 -1.000000 255 128 0 255
-44.666382 85.892578 -37.500000 -0.379376 0.596720 -0.707107 255 128 0 255
-38.201767 76.795898 -37.500000 0.000000 0.000000 -1.000000 255 128 0 255
-45.543457 85.334961 -37.500000 -0.379376 0.596720 -0.707107 255 128 0 255
-31.737152 67.699219 -37.500000 0.000000 0.000000 -1.000000 255 128 0 255
-39.078842 76.238281 -37.500000 0.000000 0.000000 -1.000000 255 128 0 255
-46.420532 84.777344 -37.500000 -0.402874 0.589913 -0.699782 255 128 0 255
-17.450928 49.070801 -37.500000 0.684987 -0.175481 -0.707107 255 128 0 255
-17.848083 47.520508 -37.500000 0.684987 -0.175481 -0.707107 255 128 0 255
-24.792618 57.609863 -37.500000 0.000000 0.000000 -1.000000 255 128 0 255
-25.189774 56.059570 -37.500000 0.000000 0.000000 -1.000000 255 128 0 255
-32.134308 66.148926 -37.500000 0.000000 0.000000 -1.000000 255 128 0 255
-32.531464 64.598633 -37.500000 0.000000 0.000000 -1.000000 255 128 0 255
-39.475998 74.687988 -37.500000 0.000000 0.000000 -1.000000 255 128 0 255
-34.175797 63.394531 -37.500000 0.000000 0.000000 -1.000000 255 128 0 255
-33.353630 63.996582 -37.500000 0.000000 0.000000 -1.000000 255 128 0 255
-41.120331 73.483887 -37.500000 0.000000 0.000000 -1.000000 255 128 0 255
-40.298164 74.085938 -37.500000 0.000000 0.000000 -1.000000 255 128 0 255
-48.064865 83.573242 -37.500000 -0.417764 0.570503 -0.707107 255 128 0 255
-47.242699 84.175293 -37.500000 -0.417764 0.570503 -0.707107 255 128 0 255
-50.471481 81.717773 -37.500000 -0.459358 0.537578 -0.707107 255 128 0 255
-42.704781 72.230469 -37.500000 0.000000 0.000000 -1.000000 255 128 0 255
-34.938080 62.743164 -37.500000 0.000000 0.000000 -1.000000 255 128 0 255
-51.233765 81.066406 -37.500000 -0.459358 0.537578 -0.707107 255 128 0 255
-43.467064 71.579102 -37.500000 0.000000 0.000000 -1.000000 255 128 0 255
-51.996048 80.415039 -37.500000 -0.459358 0.537578 -0.707107 255 128 0 255
-35.700363 62.091797 -37.500000 0.000000 0.000000 -1.000000 255 128 0 255
-44.229347 70.927734 -37.500000 0.000000 0.000000 -1.000000 255 128 0 255
-52.758331 79.763672 -37.500000 -0.479945 0.528362 -0.700347 255 128 0 255
-53.115456 79.418945 -37.500000 -0.491091 0.508753 -0.707107 255 128 0 255
-44.586472 70.583008 -37.500000 0.000000 0.000000 -1.000000 255 128 0 255
-36.057487 61.747070 -37.500000 0.000000 0.000000 -1.000000 255 128 0 255
-53.472580 79.074219 -37.500000 -0.491091 0.508753 -0.707107 255 128 0 255
-44.943596 70.238281 -37.500000 0.000000 0.000000 -1.000000 255 128 0 255
-53.829704 78.729492 -37.500000 -0.491091 0.508753 -0.707107 255 128 0 255
-36.414612 61.402344 -37.500000 0.000000 0.000000 -1.000000 255 128 0 255
-45.300720 69.893555 -37.500000 0.000000 0.000000 -1.000000 255 128 0 255
-54.186829 78.384766 -37.500000 -0.505721 0.501217 -0.702159 255 128 0 255
-37.095169 60.684570 -37.500000 0.000000 0.000000 -1.000000 255 128 0 255
-36.754890 61.043457 -37.500000 0.000000 0.000000 -1.000000 255 128 0 255
-45.981277 69.175781 -37.500000 0.000000 0.000000 -1.000000 255 128 0 255
-45.640999 69.534668 -37.500000 0.000000 0.000000 -1.000000 255 128 0 255
-54.867386 77.666992 -37.500000 -0.513125 0.486520 -0.707107 255 128 0 255
-54.527107 78.025879 -37.500000 -0.513125 0.486520 -0.707107 255 128 0 255
-55.871094 76.576660 -37.500000 -0.534163 0.463324 -0.707107 255 128 0 255
-46.644707 68.444336 -37.500000 0.000000 0.000000 -1.000000 255 128 0 255
-37.418320 60.312012 -37.500000 0.000000 0.000000 -1.000000 255 128 0 255
-56.194244 76.204102 -37.500000 -0.534163 0.463324 -0.707107 255 128 0 255
-46.967857 68.071777 -37.500000 0.000000 0.000000 -1.000000 255 128 0 255
-56.517395 75.831543 -37.500000 -0.534163 0.463324 -0.707107 255 128 0 255
-37.741470 59.939453 -37.500000 0.000000 0.000000 -1.000000 255 128 0 255
-47.291008 67.699219 -37.500000 0.000000 0.000000 -1.000000 255 128 0 255
-56.840546 75.458984 -37.500000 -0.547922 0.454621 -0.702211 255 128 0 255
-57.146980 75.072754 -37.500000 -0.553937 0.439493 -0.707107 255 128 0 255
-47.597443 67.312988 -37.500000 0.000000 0.000000 -1.000000 255 128 0 255
-38.047905 59.553223 -37.500000 0.000000 0.000000 -1.000000 255 128 0 255
-57.453415 74.686523 -37.500000 -0.553937 0.439493 -0.707107 255 128 0 255
-47.903877 66.926758 -37.500000 0.000000 0.000000 -1.000000 255 128 0 255
-57.759850 74.300293 -37.500000 -0.553937 0.439493 -0.707107 255 128 0 255
-38.354340 59.166992 -37.500000 0.000000 0.000000 -1.000000 255 128 0 255
-48.210312 66.540527 -37.500000 0.000000 0.000000 -1.000000 255 128 0 255
-58.066284 73.914062 -37.500000 -0.573036 0.426010 -0.700103 255 128 0 255
-39.483551 57.543945 -37.500000 0.000000 0.000000 -1.000000 255 128 0 255
-38.918945 58.355469 -37.500000 0.000000 0.000000 -1.000000 255 128 0 255
-49.339523 64.917480 -37.500000 0.000000 0.000000 -1.000000 255 128 0 255
-48.774918 65.729004 -37.500000 0.000000 0.000000 -1.000000 255 128 0 255
-59.195496 72.291016 -37.500000 -0.580445 0.403836 -0.707107 255 128 0 255
-58.630890 73.102539 -37.500000 -0.580445 0.403836 -0.707107 255 128 0 255
-60.828156 69.805664 -37.500000 -0.610649 0.356522 -0.707107 255 128 0 255
-50.407578 63.243652 -37.500000 0.000000 0.000000 -1.000000 255 128 0 255
-39.987000 56.681641 -37.500000 0.000000 0.000000 -1.000000 255 128 0 255
-61.331604 68.943359 -37.500000 -0.610649 0.356522 -0.707107 255 128 0 255
-50.911026 62.381348 -37.500000 0.000000 0.000000 -1.000000 255 128 0 255
-61.835052 68.081055 -37.500000 -0.610649 0.356522 -0.707107 255 128 0 255
-40.490448 55.819336 -37.500000 0.000000 0.000000 -1.000000 255 128 0 255
-51.414474 61.519043 -37.500000 0.000000 0.000000 -1.000000 255 128 0 255
-62.338501 67.218750 -37.500000 -0.630089 0.338035 -0.699085 255 128 0 255
-62.784607 66.310059 -37.500000 -0.634741 0.311615 -0.707107 255 128 0 255
-51.860580 60.610352 -37.500000 0.000000 0.000000 -1.000000 255 128 0 255
-40.936554 54.910645 -37.500000 0.000000 0.000000 -1.000000 255 128 0 255
-63.230713 65.401367 -37.500000 -0.634741 0.311615 -0.707107 255 128 0 255
-52.306686 59.701660 -37.500000 0.000000 0.000000 -1.000000 255 128 0 255
-63.676819 64.492676 -37.500000 -0.634741 0.311615 -0.707107 255 128 0 255
-41.382660 54.001953 -37.500000 0.000000 0.000000 -1.000000 255 128 0 255
-52.752792 58.792969 -37.500000 0.000000 0.000000 -1.000000 255 128 0 255
-64.122925 63.583984 -37.500000 -0.651134 0.293693 -0.699835 255 128 0 255
-19.004303 42.865234 -37.500000 0.688693 -0.160317 -0.707107 255 128 0 255
-19.366211 41.310547 -37.500000 0.688693 -0.160317 -0.707107 255 128 0 255
-30.374435 47.656250 -37.500000 0.000000 0.000000 -1.000000 255 128 0 255
-30.736343 46.101562 -37.500000 0.000000 0.000000 -1.000000 255 128 0 255
-41.744568 52.447266 -37.500000 0.000000 0.000000 -1.000000 255 128 0 255
-42.106476 50.892578 -37.500000 0.000000 0.000000 -1.000000 255 128 0 255
-53.114700 57.238281 -37.500000 0.000000 0.000000 -1.000000 255 128 0 255
-64.515518 62.631836 -37.500000 -0.653718 0.269543 -0.707107 255 128 0 255
-53.507294 56.286133 -37.500000 0.000000 0.000000 -1.000000 255 128 0 255
-42.499069 49.940430 -37.500000 0.000000 0.000000 -1.000000 255 128 0 255
-64.908112 61.679688 -37.500000 -0.653718 0.269543 -0.707107 255 128 0 255
-53.899887 55.333984 -37.500000 0.000000 0.000000 -1.000000 255 128 0 255
-65.300705 60.727539 -37.500000 -0.653718 0.269543 -0.707107 255 128 0 255
-42.891663 48.988281 -37.500000 0.000000 0.000000 -1.000000 255 128 0 255
-54.292480 54.381836 -37.500000 0.000000 0.000000 -1.000000 255 128 0 255
-65.693298 59.775391 -37.500000 -0.667332 0.252643 -0.700600 255 128 0 255
-43.577438 47.003906 -37.500000 0.000000 0.000000 -1.000000 255 128 0 255
-43.234550 47.996094 -37.500000 0.000000 0.000000 -1.000000 255 128 0 255
-54.978256 52.397461 -37.500000 0.000000 0.000000 -1.000000 255 128 0 255
-54.635368 53.389648 -37.500000 0.000000 0.000000 -1.000000 255 128 0 255
-66.379074 57.791016 -37.500000 -0.668323 0.230964 -0.707107 255 128 0 255
-66.036186 58.783203 -37.500000 -0.668323 0.230964 -0.707107 255 128 0 255
-67.361870 54.776855 -37.500000 -0.679411 0.195962 -0.707107 255 128 0 255
-55.618164 50.375488 -37.500000 0.000000 0.000000 -1.000000 255 128 0 255
-43.874458 45.974121 -37.500000 0.000000 0.000000 -1.000000 255 128 0 255
-67.658890 53.747070 -37.500000 -0.679411 0.195962 -0.707107 255 128 0 255
-55.915184 49.345703 -37.500000 0.000000 0.000000 -1.000000 255 128 0 255
-67.955910 52.717285 -37.500000 -0.679411 0.195962 -0.707107 255 128 0 255
-44.171478 44.944336 -37.500000 0.000000 0.000000 -1.000000 255 128 0 255
-56.212204 48.315918 -37.500000 0.000000 0.000000 -1.000000 255 128 0 255
-68.252930 51.687500 -37.500000 -0.688613 0.181680 -0.702000 255 128 0 255
-68.507904 50.623047 -37.500000 -0.687654 0.164718 -0.707107 255 128 0 255
-56.467178 47.251465 -37.500000 0.000000 0.000000 -1.000000 255 128 0 255
-44.426453 43.879883 -37.500000 0.000000 0.000000 -1.000000 255 128 0 255
-68.762878 49.558594 -37.500000 -0.687654 0.164718 -0.707107 255 128 0 255
-56.722153 46.187012 -37.500000 0.000000 0.000000 -1.000000 255 128 0 255
-69.017853 48.494141 -37.500000 -0.687654 0.164718 -0.707107 255 128 0 255
-44.681427 42.815430 -37.500000 0.000000 0.000000 -1.000000 255 128 0 255
-56.977127 45.122559 -37.500000 0.000000 0.000000 -1.000000 255 128 0 255
-69.272827 47.429688 -37.500000 -0.695089 0.151996 -0.702673 255 128 0 255
-45.114914 40.625977 -37.500000 0.000000 0.000000 -1.000000 255 128 0 255
-44.898170 41.720703 -37.500000 0.000000 0.000000 -1.000000 255 128 0 255
-57.410614 42.933105 -37.500000 0.000000 0.000000 -1.000000 255 128 0 255
-57.193871 44.027832 -37.500000 0.000000 0.000000 -1.000000 255 128 0 255
-69.706314 45.240234 -37.500000 -0.693642 0.137333 -0.707107 255 128 0 255
-69.489571 46.334961 -37.500000 -0.693642 0.137333 -0.707107 255 128 0 255
-70.322144 41.926758 -37.500000 -0.697982 0.113229 -0.707107 255 128 0 255
-57.809700 40.714355 -37.500000 0.000000 0.000000 -1.000000 255 128 0 255
-45.297256 39.501953 -37.500000 0.000000 0.000000 -1.000000 255 128 0 255
-70.504486 40.802734 -37.500000 -0.697982 0.113229 -0.707107 255 128 0 255
-57.992043 39.590332 -37.500000 0.000000 0.000000 -1.000000 255 128 0 255
-70.686829 39.678711 -37.500000 -0.697982 0.113229 -0.707107 255 128 0 255
-45.479599 38.377930 -37.500000 0.000000 0.000000 -1.000000 255 128 0 255
-58.174385 38.466309 -37.500000 0.000000 0.000000 -1.000000 255 128 0 255
-70.869171 38.554688 -37.500000 -0.702810 0.103443 -0.703816 255 128 0 255
-71.020943 37.406738 -37.500000 -0.701006 0.092681 -0.707107 255 128 0 255
-58.326157 37.318359 -37.500000 0.000000 0.000000 -1.000000 255 128 0 255
-45.631371 37.229980 -37.500000 0.000000 0.000000 -1.000000 255 128 0 255
-71.172714 36.258789 -37.500000 -0.701006 0.092681 -0.707107 255 128 0 255
-58.477928 36.170410 -37.500000 0.000000 0.000000 -1.000000 255 128 0 255
-71.324486 35.110840 -37.500000 -0.701006 0.092681 -0.707107 255 128 0 255
-45.783142 36.082031 -37.500000 0.000000 0.000000 -1.000000 255 128 0 255
-58.629700 35.022461 -37.500000 0.000000 0.000000 -1.000000 255 128 0 255
-71.476257 33.962891 -37.500000 -0.704882 0.084242 -0.704304 255 128 0 255
-20.246765 37.420410 -37.500000 0.693275 -0.139175 -0.707107 255 128 0 255
-20.403503 36.639648 -37.500000 0.693275 -0.139175 -0.707107 255 128 0 255
-33.093323 36.360840 -37.500000 0.000000 0.000000 -1.000000 255 128 0 255
-33.250061 35.580078 -37.500000 0.000000 0.000000 -1.000000 255 128 0 255
-45.939880 35.301270 -37.500000 0.000000 0.000000 -1.000000 255 128 0 255
-46.096619 34.520508 -37.500000 0.000000 0.000000 -1.000000 255 128 0 255
-58.786438 34.241699 -37.500000 0.000000 0.000000 -1.000000 255 128 0 255
-20.851677 34.294434 -37.500000 0.696889 -0.119778 -0.707107 255 128 0 255
-20.986374 33.510742 -37.500000 0.696889 -0.119778 -0.707107 255 128 0 255
-33.541496 34.015625 -37.500000 0.000000 0.000000 -1.000000 255 128 0 255
-33.676193 33.231934 -37.500000 0.000000 0.000000 -1.000000 255 128 0 255
-46.231316 33.736816 -37.500000 0.000000 0.000000 -1.000000 255 128 0 255
-46.366013 32.953125 -37.500000 0.000000 0.000000 -1.000000 255 128 0 255
-58.921135 33.458008 -37.500000 0.000000 0.000000 -1.000000 255 128 0 255
-71.601265 32.792969 -37.500000 -0.703104 0.075128 -0.707107 255 128 0 255
-59.046143 32.288086 -37.500000 0.000000 0.000000 -1.000000 255 128 0 255
-46.491020 31.783203 -37.500000 0.000000 0.000000 -1.000000 255 128 0 255
-71.726273 31.623047 -37.500000 -0.703104 0.075128 -0.707107 255 128 0 255
-59.171150 31.118164 -37.500000 0.000000 0.000000 -1.000000 255 128 0 255
-71.851280 30.453125 -37.500000 -0.703104 0.075128 -0.707107 255 128 0 255
-46.616028 30.613281 -37.500000 0.000000 0.000000 -1.000000 255 128 0 255
-59.296158 29.948242 -37.500000 0.000000 0.000000 -1.000000 255 128 0 255
-21.365288 31.156738 -37.500000 0.700351 -0.097509 -0.707107 255 128 0 255
-21.474808 30.370117 -37.500000 0.700351 -0.097509 -0.707107 255 128 0 255
-34.045418 30.491699 -37.500000 0.000000 0.000000 -1.000000 255 128 0 255
-34.154938 29.705078 -37.500000 0.000000 0.000000 -1.000000 255 128 0 255
-46.725548 29.826660 -37.500000 0.000000 0.000000 -1.000000 255 128 0 255
-46.835068 29.040039 -37.500000 0.000000 0.000000 -1.000000 255 128 0 255
-22.371315 20.873047 -37.500000 0.705375 -0.049451 -0.707107 255 128 0 255
-47.433578 21.907227 -37.500000 0.000000 0.000000 -1.000000 255 128 0 255
-34.846786 22.184082 -37.500000 0.000000 0.000000 -1.000000 255 128 0 255
-47.322258 23.495117 -37.500000 0.000000 0.000000 -1.000000 255 128 0 255
-22.259995 22.460938 -37.500000 0.705375 -0.049451 -0.707107 255 128 0 255
-34.735466 23.771973 -37.500000 0.000000 0.000000 -1.000000 255 128 0 255
-22.148674 24.048828 -37.500000 0.705375 -0.049451 -0.707107 255 128 0 255
-47.210938 25.083008 -37.500000 0.000000 0.000000 -1.000000 255 128 0 255
-34.624146 25.359863 -37.500000 0.000000 0.000000 -1.000000 255 128 0 255
-22.037354 25.636719 -37.500000 0.699957 -0.062555 -0.711440 255 128 0 255
-21.951477 26.426758 -37.500000 0.702966 -0.076412 -0.707107 255 128 0 255
-34.538269 26.149902 -37.500000 0.000000 0.000000 -1.000000 255 128 0 255
-47.125061 25.873047 -37.500000 0.000000 0.000000 -1.000000 255 128 0 255
-21.865601 27.216797 -37.500000 0.702966 -0.076412 -0.707107 255 128 0 255
-34.452393 26.939941 -37.500000 0.000000 0.000000 -1.000000 255 128 0 255
-21.779724 28.006836 -37.500000 0.702966 -0.076412 -0.707107 255 128 0 255
-47.039185 26.663086 -37.500000 0.000000 0.000000 -1.000000 255 128 0 255
-34.366516 27.729980 -37.500000 0.000000 0.000000 -1.000000 255 128 0 255
-72.282463 25.717773 -37.500000 -0.704514 0.060499 -0.707107 255 128 0 255
-72.180405 26.906250 -37.500000 -0.704514 0.060499 -0.707107 255 128 0 255
-59.609795 26.784668 -37.500000 0.000000 0.000000 -1.000000 255 128 0 255
-59.507736 27.973145 -37.500000 0.000000 0.000000 -1.000000 255 128 0 255
-46.937126 27.851562 -37.500000 0.000000 0.000000 -1.000000 255 128 0 255
-72.467484 23.324707 -37.500000 -0.705436 0.048584 -0.707107 255 128 0 255
-59.992012 22.013672 -37.500000 0.000000 0.000000 -1.000000 255 128 0 255
-47.516541 20.702637 -37.500000 0.000000 0.000000 -1.000000 255 128 0 255
-72.550446 22.120117 -37.500000 -0.705436 0.048584 -0.707107 255 128 0 255
-60.074974 20.809082 -37.500000 0.000000 0.000000 -1.000000 255 128 0 255
-72.633408 20.915527 -37.500000 -0.705436 0.048584 -0.707107 255 128 0 255
-47.599503 19.498047 -37.500000 0.000000 0.000000 -1.000000 255 128 0 255
-60.157936 19.604492 -37.500000 0.000000 0.000000 -1.000000 255 128 0 255
-72.716370 19.710938 -37.500000 -0.707869 0.042318 -0.705075 255 128 0 255
-72.840233 17.268066 -37.500000 -0.706200 0.035807 -0.707107 255 128 0 255
-60.281799 17.161621 -37.500000 0.000000 0.000000 -1.000000 255 128 0 255
-47.723366 17.055176 -37.500000 0.000000 0.000000 -1.000000 255 128 0 255
-72.964096 14.825195 -37.500000 -0.706200 0.035807 -0.707107 255 128 0 255
-60.405663 14.718750 -37.500000 0.000000 0.000000 -1.000000 255 128 0 255
-73.087959 12.382324 -37.500000 -0.706200 0.035807 -0.707107 255 128 0 255
-47.847229 14.612305 -37.500000 0.000000 0.000000 -1.000000 255 128 0 255
-60.529526 12.275879 -37.500000 0.000000 0.000000 -1.000000 255 128 0 255
-73.211823 9.939453 -37.500000 -0.707858 0.031322 -0.705660 255 128 0 255
-22.530914 17.688477 -37.500000 0.706784 -0.021371 -0.707107 255 128 0 255
-22.579193 16.091797 -37.500000 0.706784 -0.021371 -0.707107 255 128 0 255
-35.213211 15.352051 -37.500000 0.000000 0.000000 -1.000000 255 128 0 255
-35.261490 13.755371 -37.500000 0.000000 0.000000 -1.000000 255 128 0 255
-47.895508 13.015625 -37.500000 0.000000 0.000000 -1.000000 255 128 0 255
-47.943787 11.418945 -37.500000 0.000000 0.000000 -1.000000 255 128 0 255
-60.577805 10.679199 -37.500000 0.000000 0.000000 -1.000000 255 128 0 255
-22.681984 11.296387 -37.500000 0.707101 -0.002751 -0.707107 255 128 0 255
-22.688217 9.694336 -37.500000 0.707101 -0.002751 -0.707107 255 128 0 255
-35.316002 10.556641 -37.500000 0.000000 0.000000 -1.000000 255 128 0 255
-35.322235 8.954590 -37.500000 0.000000 0.000000 -1.000000 255 128 0 255
-47.950020 9.816895 -37.500000 0.000000 0.000000 -1.000000 255 128 0 255
-47.956253 8.214844 -37.500000 0.000000 0.000000 -1.000000 255 128 0 255
-60.584038 9.077148 -37.500000 0.000000 0.000000 -1.000000 255 128 0 255
-73.305099 7.471680 -37.500000 -0.706602 0.026708 -0.707107 255 128 0 255
-60.677315 6.609375 -37.500000 0.000000 0.000000 -1.000000 255 128 0 255
-48.049530 5.747070 -37.500000 0.000000 0.000000 -1.000000 255 128 0 255
-73.398376 5.003906 -37.500000 -0.706602 0.026708 -0.707107 255 128 0 255
-60.770592 4.141602 -37.500000 0.000000 0.000000 -1.000000 255 128 0 255
-73.491653 2.536133 -37.500000 -0.706602 0.026708 -0.707107 255 128 0 255
-48.142807 3.279297 -37.500000 0.000000 0.000000 -1.000000 255 128 0 255
-60.863869 1.673828 -37.500000 0.000000 0.000000 -1.000000 255 128 0 255
-22.685905 4.884766 -37.500000 0.707077 0.006509 -0.707107 255 128 0 255
-22.671127 3.279297 -37.500000 0.707077 0.006509 -0.707107 255 128 0 255
-35.406967 3.279297 -37.500000 0.000000 0.000000 -1.000000 255 128 0 255
-35.392189 1.673828 -37.500000 0.000000 0.000000 -1.000000 255 128 0 255
-48.128029 1.673828 -37.500000 0.000000 0.000000 -1.000000 255 128 0 255
-48.113251 0.068359 -37.500000 0.000000 0.000000 -1.000000 255 128 0 255
-60.849091 0.068359 -37.500000 0.000000 0.000000 -1.000000 255 128 0 255
-60.780792 -2.457520 -37.500000 0.000000 0.000000 -1.000000 255 128 0 255
-48.044952 -2.457520 -37.500000 0.000000 0.000000 -1.000000 255 128 0 255
-73.448334 -4.983398 -37.500000 -0.706848 -0.019113 -0.707107 255 128 0 255
-60.712494 -4.983398 -37.500000 0.000000 0.000000 -1.000000 255 128 0 255
-73.380035 -7.509277 -37.500000 -0.706848 -0.019113 -0.707107 255 128 0 255
-47.976654 -4.983398 -37.500000 0.000000 0.000000 -1.000000 255 128 0 255
-60.644196 -7.509277 -37.500000 0.000000 0.000000 -1.000000 255 128 0 255
-73.311737 -10.035156 -37.500000 -0.708377 -0.024518 -0.705408 255 128 0 255
-22.653587 -1.526855 -37.500000 0.707087 -0.005326 -0.707107 255 128 0 255
-22.665604 -3.122070 -37.500000 0.707087 -0.005326 -0.707107 255 128 0 255
-35.321129 -4.052734 -37.500000 0.000000 0.000000 -1.000000 255 128 0 255
-35.333145 -5.647949 -37.500000 0.000000 0.000000 -1.000000 255 128 0 255
-47.988670 -6.578613 -37.500000 0.000000 0.000000 -1.000000 255 128 0 255
-48.000687 -8.173828 -37.500000 0.000000 0.000000 -1.000000 255 128 0 255
-60.656212 -9.104492 -37.500000 0.000000 0.000000 -1.000000 255 128 0 255
-22.681030 -7.905273 -37.500000 0.707096 0.003821 -0.707107 255 128 0 255
-22.672424 -9.498047 -37.500000 0.707096 0.003821 -0.707107 255 128 0 255
-35.336555 -8.835938 -37.500000 0.000000 0.000000 -1.000000 255 128 0 255
-35.327950 -10.428711 -37.500000 0.000000 0.000000 -1.000000 255 128 0 255
-47.992081 -9.766602 -37.500000 0.000000 0.000000 -1.000000 255 128 0 255
-47.983475 -11.359375 -37.500000 0.000000 0.000000 -1.000000 255 128 0 255
-60.647606 -10.697266 -37.500000 0.000000 0.000000 -1.000000 255 128 0 255
-73.258652 -11.293457 -37.500000 -0.706478 -0.029805 -0.707107 255 128 0 255
-60.594521 -11.955566 -37.500000 0.000000 0.000000 -1.000000 255 128 0 255
-47.930389 -12.617676 -37.500000 0.000000 0.000000 -1.000000 255 128 0 255
-73.205566 -12.551758 -37.500000 -0.706478 -0.029805 -0.707107 255 128 0 255
-60.541435 -13.213867 -37.500000 0.000000 0.000000 -1.000000 255 128 0 255
-73.152481 -13.810059 -37.500000 -0.706478 -0.029805 -0.707107 255 128 0 255
-47.877304 -13.875977 -37.500000 0.000000 0.000000 -1.000000 255 128 0 255
-60.488350 -14.472168 -37.500000 0.000000 0.000000 -1.000000 255 128 0 255
-73.099396 -15.068359 -37.500000 -0.708223 -0.036380 -0.705051 255 128 0 255
-22.605385 -14.270508 -37.500000 0.706758 0.022192 -0.707107 255 128 0 255
-22.555557 -15.857422 -37.500000 0.706758 0.022192 -0.707107 255 128 0 255
-35.216431 -14.866699 -37.500000 0.000000 0.000000 -1.000000 255 128 0 255
-35.166603 -16.453613 -37.500000 0.000000 0.000000 -1.000000 255 128 0 255
-47.827477 -15.462891 -37.500000 0.000000 0.000000 -1.000000 255 128 0 255
-47.777649 -17.049805 -37.500000 0.000000 0.000000 -1.000000 255 128 0 255
-60.438522 -16.059082 -37.500000 0.000000 0.000000 -1.000000 255 128 0 255
-73.023613 -16.319824 -37.500000 -0.705814 -0.042741 -0.707107 255 128 0 255
-60.362740 -17.310547 -37.500000 0.000000 0.000000 -1.000000 255 128 0 255
-47.701866 -18.301270 -37.500000 0.000000 0.000000 -1.000000 255 128 0 255
-72.947830 -17.571289 -37.500000 -0.705814 -0.042741 -0.707107 255 128 0 255
-60.286957 -18.562012 -37.500000 0.000000 0.000000 -1.000000 255 128 0 255
-72.872047 -18.822754 -37.500000 -0.705814 -0.042741 -0.707107 255 128 0 255
-47.626083 -19.552734 -37.500000 0.000000 0.000000 -1.000000 255 128 0 255
-60.211174 -19.813477 -37.500000 0.000000 0.000000 -1.000000 255 128 0 255
-72.796265 -20.074219 -37.500000 -0.707969 -0.051596 -0.704356 255 128 0 255
-22.344215 -20.610352 -37.500000 0.705345 0.049888 -0.707107 255 128 0 255
-22.232529 -22.189453 -37.500000 0.705345 0.049888 -0.707107 255 128 0 255
-34.929306 -20.871094 -37.500000 0.000000 0.000000 -1.000000 255 128 0 255
-34.817619 -22.450195 -37.500000 0.000000 0.000000 -1.000000 255 128 0 255
-47.514397 -21.131836 -37.500000 0.000000 0.000000 -1.000000 255 128 0 255
-47.402710 -22.710938 -37.500000 0.000000 0.000000 -1.000000 255 128 0 255
-60.099487 -21.392578 -37.500000 0.000000 0.000000 -1.000000 255 128 0 255
-72.690193 -21.318848 -37.500000 -0.704553 -0.060044 -0.707107 255 128 0 255
-59.993416 -22.637207 -37.500000 0.000000 0.000000 -1.000000 255 128 0 255
-47.296638 -23.955566 -37.500000 0.000000 0.000000 -1.000000 255 128 0 255
-72.584122 -22.563477 -37.500000 -0.704553 -0.060044 -0.707107 255 128 0 255
-59.887344 -23.881836 -37.500000 0.000000 0.000000 -1.000000 255 128 0 255
-72.478050 -23.808105 -37.500000 -0.704553 -0.060044 -0.707107 255 128 0 255
-47.190567 -25.200195 -37.500000 0.000000 0.000000 -1.000000 255 128 0 255
-59.781273 -25.126465 -37.500000 0.000000 0.000000 -1.000000 255 128 0 255
-72.371979 -25.052734 -37.500000 -0.706976 -0.071306 -0.703634 255 128 0 255
-72.228058 -26.287598 -37.500000 -0.702353 -0.081858 -0.707107 255 128 0 255
-59.637352 -26.361328 -37.500000 0.000000 0.000000 -1.000000 255 128 0 255
-47.046646 -26.435059 -37.500000 0.000000 0.000000 -1.000000 255 128 0 255
-72.084137 -27.522461 -37.500000 -0.702353 -0.081858 -0.707107 255 128 0 255
-59.493431 -27.596191 -37.500000 0.000000 0.000000 -1.000000 255 128 0 255
-71.940216 -28.757324 -37.500000 -0.702353 -0.081858 -0.707107 255 128 0 255
-46.902725 -27.669922 -37.500000 0.000000 0.000000 -1.000000 255 128 0 255
-59.349510 -28.831055 -37.500000 0.000000 0.000000 -1.000000 255 128 0 255
-71.796295 -29.992188 -37.500000 -0.704834 -0.095612 -0.702899 255 128 0 255
-21.923691 -26.133301 -37.500000 0.702960 0.076470 -0.707107 255 128 0 255
-21.838226 -26.918945 -37.500000 0.702960 0.076470 -0.707107 255 128 0 255
-34.370476 -27.294434 -37.500000 0.000000 0.000000 -1.000000 255 128 0 255
-34.285011 -28.080078 -37.500000 0.000000 0.000000 -1.000000 255 128 0 255
-46.817261 -28.455566 -37.500000 0.000000 0.000000 -1.000000 255 128 0 255
-46.731796 -29.241211 -37.500000 0.000000 0.000000 -1.000000 255 128 0 255
-59.264046 -29.616699 -37.500000 0.000000 0.000000 -1.000000 255 128 0 255
-21.558624 -29.272949 -37.500000 0.700389 0.097243 -0.707107 255 128 0 255
-21.449951 -30.055664 -37.500000 0.700389 0.097243 -0.707107 255 128 0 255
-34.090874 -29.648438 -37.500000 0.000000 0.000000 -1.000000 255 128 0 255
-33.982201 -30.431152 -37.500000 0.000000 0.000000 -1.000000 255 128 0 255
-46.623123 -30.023926 -37.500000 0.000000 0.000000 -1.000000 255 128 0 255
-46.514450 -30.806641 -37.500000 0.000000 0.000000 -1.000000 255 128 0 255
-59.155373 -30.399414 -37.500000 0.000000 0.000000 -1.000000 255 128 0 255
-71.606964 -31.214844 -37.500000 -0.698778 -0.108207 -0.707107 255 128 0 255
-58.966042 -31.622070 -37.500000 0.000000 0.000000 -1.000000 255 128 0 255
-46.325119 -32.029297 -37.500000 0.000000 0.000000 -1.000000 255 128 0 255
-71.417633 -32.437500 -37.500000 -0.698778 -0.108207 -0.707107 255 128 0 255
-58.776711 -32.844727 -37.500000 0.000000 0.000000 -1.000000 255 128 0 255
-71.228302 -33.660156 -37.500000 -0.698778 -0.108207 -0.707107 255 128 0 255
-46.135788 -33.251953 -37.500000 0.000000 0.000000 -1.000000 255 128 0 255
-58.587379 -34.067383 -37.500000 0.000000 0.000000 -1.000000 255 128 0 255
-71.038971 -34.882812 -37.500000 -0.701046 -0.124477 -0.702168 255 128 0 255
-21.099487 -32.400391 -37.500000 0.697011 0.119062 -0.707107 255 128 0 255
-20.966370 -33.179688 -37.500000 0.697011 0.119062 -0.707107 255 128 0 255
-33.551079 -33.215820 -37.500000 0.000000 0.000000 -1.000000 255 128 0 255
-33.417961 -33.995117 -37.500000 0.000000 0.000000 -1.000000 255 128 0 255
-46.002670 -34.031250 -37.500000 0.000000 0.000000 -1.000000 255 128 0 255
-45.869553 -34.810547 -37.500000 0.000000 0.000000 -1.000000 255 128 0 255
-58.454262 -34.846680 -37.500000 0.000000 0.000000 -1.000000 255 128 0 255
-20.545845 -35.514648 -37.500000 0.693544 0.137830 -0.707107 255 128 0 255
-20.391556 -36.291016 -37.500000 0.693544 0.137830 -0.707107 255 128 0 255
-33.130554 -35.550781 -37.500000 0.000000 0.000000 -1.000000 255 128 0 255
-32.976265 -36.327148 -37.500000 0.000000 0.000000 -1.000000 255 128 0 255
-45.715263 -35.586914 -37.500000 0.000000 0.000000 -1.000000 255 128 0 255
-45.560974 -36.363281 -37.500000 0.000000 0.000000 -1.000000 255 128 0 255
-58.299973 -35.623047 -37.500000 0.000000 0.000000 -1.000000 255 128 0 255
-70.796638 -36.091797 -37.500000 -0.693316 -0.138970 -0.707107 255 128 0 255
-58.057640 -36.832031 -37.500000 0.000000 0.000000 -1.000000 255 128 0 255
-45.318642 -37.572266 -37.500000 0.000000 0.000000 -1.000000 255 128 0 255
-70.554306 -37.300781 -37.500000 -0.693316 -0.138970 -0.707107 255 128 0 255
-57.815308 -38.041016 -37.500000 0.000000 0.000000 -1.000000 255 128 0 255
-70.311974 -38.509766 -37.500000 -0.693316 -0.138970 -0.707107 255 128 0 255
-45.076309 -38.781250 -37.500000 0.000000 0.000000 -1.000000 255 128 0 255
-57.572975 -39.250000 -37.500000 0.000000 0.000000 -1.000000 255 128 0 255
-70.069641 -39.718750 -37.500000 -0.695054 -0.157832 -0.701419 255 128 0 255
-19.727791 -39.391113 -37.500000 0.689183 0.158197 -0.707107 255 128 0 255
-19.372604 -40.938477 -37.500000 0.689183 0.158197 -0.707107 255 128 0 255
-32.224457 -39.859863 -37.500000 0.000000 0.000000 -1.000000 255 128 0 255
-31.869270 -41.407227 -37.500000 0.000000 0.000000 -1.000000 255 128 0 255
-44.721123 -40.328613 -37.500000 0.000000 0.000000 -1.000000 255 128 0 255
-44.365936 -41.875977 -37.500000 0.000000 0.000000 -1.000000 255 128 0 255
-57.217789 -40.797363 -37.500000 0.000000 0.000000 -1.000000 255 128 0 255
-69.766747 -40.911133 -37.500000 -0.685340 -0.174093 -0.707107 255 128 0 255
-56.914894 -41.989746 -37.500000 0.000000 0.000000 -1.000000 255 128 0 255
-44.063042 -43.068359 -37.500000 0.000000 0.000000 -1.000000 255 128 0 255
-69.463852 -42.103516 -37.500000 -0.685340 -0.174093 -0.707107 255 128 0 255
-56.612000 -43.182129 -37.500000 0.000000 0.000000 -1.000000 255 128 0 255
-69.160957 -43.295898 -37.500000 -0.685340 -0.174093 -0.707107 255 128 0 255
-43.760147 -44.260742 -37.500000 0.000000 0.000000 -1.000000 255 128 0 255
-56.309105 -44.374512 -37.500000 0.000000 0.000000 -1.000000 255 128 0 255
-68.858063 -44.488281 -37.500000 -0.686139 -0.194118 -0.701093 255 128 0 255
-18.273148 -45.575684 -37.500000 0.685630 0.172947 -0.707107 255 128 0 255
-17.884064 -47.118164 -37.500000 0.685630 0.172947 -0.707107 255 128 0 255
-30.822105 -45.689453 -37.500000 0.000000 0.000000 -1.000000 255 128 0 255
-30.433022 -47.231934 -37.500000 0.000000 0.000000 -1.000000 255 128 0 255
-43.371063 -45.803223 -37.500000 0.000000 0.000000 -1.000000 255 128 0 255
-42.981979 -47.345703 -37.500000 0.000000 0.000000 -1.000000 255 128 0 255
-55.920021 -45.916992 -37.500000 0.000000 0.000000 -1.000000 255 128 0 255
-68.490623 -45.665039 -37.500000 -0.674968 -0.210757 -0.707107 255 128 0 255
-55.552582 -47.093750 -37.500000 0.000000 0.000000 -1.000000 255 128 0 255
-42.614540 -48.522461 -37.500000 0.000000 0.000000 -1.000000 255 128 0 255
-68.123184 -46.841797 -37.500000 -0.674968 -0.210757 -0.707107 255 128 0 255
-55.185143 -48.270508 -37.500000 0.000000 0.000000 -1.000000 255 128 0 255
-67.755745 -48.018555 -37.500000 -0.674968 -0.210757 -0.707107 255 128 0 255
-42.247101 -49.699219 -37.500000 0.000000 0.000000 -1.000000 255 128 0 255
-54.817703 -49.447266 -37.500000 0.000000 0.000000 -1.000000 255 128 0 255
-67.388306 -49.195312 -37.500000 -0.674757 -0.228546 -0.701762 255 128 0 255
-66.963615 -50.356934 -37.500000 -0.664114 -0.242801 -0.707107 255 128 0 255
-54.393013 -50.608887 -37.500000 0.000000 0.000000 -1.000000 255 128 0 255
-41.822411 -50.860840 -37.500000 0.000000 0.000000 -1.000000 255 128 0 255
-66.538925 -51.518555 -37.500000 -0.664114 -0.242801 -0.707107 255 128 0 255
-53.968323 -51.770508 -37.500000 0.000000 0.000000 -1.000000 255 128 0 255
-66.114235 -52.680176 -37.500000 -0.664114 -0.242801 -0.707107 255 128 0 255
-41.397720 -52.022461 -37.500000 0.000000 0.000000 -1.000000 255 128 0 255
-53.543633 -52.932129 -37.500000 0.000000 0.000000 -1.000000 255 128 0 255
-65.689545 -53.841797 -37.500000 -0.663285 -0.257433 -0.702696 255 128 0 255
-16.750641 -50.838379 -37.500000 0.617157 0.345135 -0.707107 255 128 0 255
-16.395386 -51.473633 -37.500000 0.617157 0.345135 -0.707107 255 128 0 255
-28.896553 -51.748047 -37.500000 0.000000 0.000000 -1.000000 255 128 0 255
-28.541298 -52.383301 -37.500000 0.000000 0.000000 -1.000000 255 128 0 255
-41.042465 -52.657715 -37.500000 0.000000 0.000000 -1.000000 255 128 0 255
-40.687210 -53.292969 -37.500000 0.000000 0.000000 -1.000000 255 128 0 255
-53.188377 -53.567383 -37.500000 0.000000 0.000000 -1.000000 255 128 0 255
-15.308083 -53.348145 -37.500000 0.599942 0.374259 -0.707107 255 128 0 255
-14.931290 -53.952148 -37.500000 0.599942 0.374259 -0.707107 255 128 0 255
-27.809250 -53.622559 -37.500000 0.000000 0.000000 -1.000000 255 128 0 255
-27.432457 -54.226562 -37.500000 0.000000 0.000000 -1.000000 255 128 0 255
-40.310417 -53.896973 -37.500000 0.000000 0.000000 -1.000000 255 128 0 255
-39.933624 -54.500977 -37.500000 0.000000 0.000000 -1.000000 255 128 0 255
-52.811584 -54.171387 -37.500000 0.000000 0.000000 -1.000000 255 128 0 255
-65.217155 -54.991211 -37.500000 -0.654026 -0.268793 -0.707107 255 128 0 255
-52.339195 -55.320801 -37.500000 0.000000 0.000000 -1.000000 255 128 0 255
-39.461235 -55.650391 -37.500000 0.000000 0.000000 -1.000000 255 128 0 255
-64.744766 -56.140625 -37.500000 -0.654026 -0.268793 -0.707107 255 128 0 255
-51.866806 -56.470215 -37.500000 0.000000 0.000000 -1.000000 255 128 0 255
-64.272377 -57.290039 -37.500000 -0.654026 -0.268793 -0.707107 255 128 0 255
-38.988846 -56.799805 -37.500000 0.000000 0.000000 -1.000000 255 128 0 255
-51.394417 -57.619629 -37.500000 0.000000 0.000000 -1.000000 255 128 0 255
-63.799988 -58.439453 -37.500000 -0.652940 -0.280410 -0.703591 255 128 0 255
-13.974487 -55.441406 -37.500000 0.573148 0.414127 -0.707107 255 128 0 255
-13.771271 -55.722656 -37.500000 0.573148 0.414127 -0.707107 255 128 0 255
-26.380058 -56.261230 -37.500000 0.000000 0.000000 -1.000000 255 128 0 255
-26.176842 -56.542480 -37.500000 0.000000 0.000000 -1.000000 255 128 0 255
-38.785629 -57.081055 -37.500000 0.000000 0.000000 -1.000000 255 128 0 255
-38.582413 -57.362305 -37.500000 0.000000 0.000000 -1.000000 255 128 0 255
-51.191200 -57.900879 -37.500000 0.000000 0.000000 -1.000000 255 128 0 255
-13.148163 -56.547363 -37.500000 0.545081 0.450428 -0.707107 255 128 0 255
-12.931488 -56.809570 -37.500000 0.545081 0.450428 -0.707107 255 128 0 255
-25.756950 -57.085938 -37.500000 0.000000 0.000000 -1.000000 255 128 0 255
-25.540276 -57.348145 -37.500000 0.000000 0.000000 -1.000000 255 128 0 255
-38.365738 -57.624512 -37.500000 0.000000 0.000000 -1.000000 255 128 0 255
-38.149063 -57.886719 -37.500000 0.000000 0.000000 -1.000000 255 128 0 255
-50.974525 -58.163086 -37.500000 0.000000 0.000000 -1.000000 255 128 0 255
-12.265297 -57.572754 -37.500000 0.506245 0.493676 -0.707107 255 128 0 255
-12.032455 -57.811523 -37.500000 0.506245 0.493676 -0.707107 255 128 0 255
-25.090759 -57.849121 -37.500000 0.000000 0.000000 -1.000000 255 128 0 255
-24.857918 -58.087891 -37.500000 0.000000 0.000000 -1.000000 255 128 0 255
-37.916222 -58.125488 -37.500000 0.000000 0.000000 -1.000000 255 128 0 255
-37.683380 -58.364258 -37.500000 0.000000 0.000000 -1.000000 255 128 0 255
-50.741684 -58.401855 -37.500000 0.000000 0.000000 -1.000000 255 128 0 255
-11.315079 -58.500977 -37.500000 0.455424 0.540914 -0.707107 255 128 0 255
-11.063385 -58.712891 -37.500000 0.455424 0.540914 -0.707107 255 128 0 255
-24.373383 -58.538574 -37.500000 0.000000 0.000000 -1.000000 255 128 0 255
-24.121689 -58.750488 -37.500000 0.000000 0.000000 -1.000000 255 128 0 255
-37.431686 -58.576172 -37.500000 0.000000 0.000000 -1.000000 255 128 0 255
-37.179993 -58.788086 -37.500000 0.000000 0.000000 -1.000000 255 128 0 255
-50.489990 -58.613770 -37.500000 0.000000 0.000000 -1.000000 255 128 0 255
-63.289436 -59.578613 -37.500000 -0.645264 -0.289196 -0.707107 255 128 0 255
-49.979439 -59.752930 -37.500000 0.000000 0.000000 -1.000000 255 128 0 255
-36.669441 -59.927246 -37.500000 0.000000 0.000000 -1.000000 255 128 0 255
-62.778885 -60.717773 -37.500000 -0.645264 -0.289196 -0.707107 255 128 0 255
-49.468887 -60.892090 -37.500000 0.000000 0.000000 -1.000000 255 128 0 255
-62.268333 -61.856934 -37.500000 -0.645264 -0.289196 -0.707107 255 128 0 255
-36.158890 -61.066406 -37.500000 0.000000 0.000000 -1.000000 255 128 0 255
-48.958336 -62.031250 -37.500000 0.000000 0.000000 -1.000000 255 128 0 255
-61.757782 -62.996094 -37.500000 -0.644211 -0.297819 -0.704482 255 128 0 255
-10.286926 -59.318359 -37.500000 0.391625 0.588753 -0.707106 255 128 0 255
-10.013855 -59.500000 -37.500000 0.391625 0.588753 -0.707106 255 128 0 255
-23.086372 -60.283203 -37.500000 0.000000 0.000000 -1.000000 255 128 0 255
-22.813301 -60.464844 -37.500000 0.000000 0.000000 -1.000000 255 128 0 255
-35.885818 -61.248047 -37.500000 0.000000 0.000000 -1.000000 255 128 0 255
-35.612747 -61.429688 -37.500000 0.000000 0.000000 -1.000000 255 128 0 255
-48.685265 -62.212891 -37.500000 0.000000 0.000000 -1.000000 255 128 0 255
-9.173706 -60.015137 -37.500000 0.324495 0.628253 -0.707107 255 128 0 255
-8.879700 -60.166992 -37.500000 0.324495 0.628253 -0.707107 255 128 0 255
-22.246223 -60.798340 -37.500000 0.000000 0.000000 -1.000000 255 128 0 255
-21.952217 -60.950195 -37.500000 0.000000 0.000000 -1.000000 255 128 0 255
-35.318741 -61.581543 -37.500000 0.000000 0.000000 -1.000000 255 128 0 255
-35.024734 -61.733398 -37.500000 0.000000 0.000000 -1.000000 255 128 0 255
-48.391258 -62.364746 -37.500000 0.000000 0.000000 -1.000000 255 128 0 255
-7.979675 -60.596191 -37.500000 0.263851 0.656035 -0.707107 255 128 0 255
-7.667664 -60.721680 -37.500000 0.263851 0.656035 -0.707107 255 128 0 255
-21.346199 -61.227539 -37.500000 0.000000 0.000000 -1.000000 255 128 0 255
-21.034187 -61.353027 -37.500000 0.000000 0.000000 -1.000000 255 128 0 255
-34.712723 -61.858887 -37.500000 0.000000 0.000000 -1.000000 255 128 0 255
-34.400711 -61.984375 -37.500000 0.000000 0.000000 -1.000000 255 128 0 255
-48.079247 -62.490234 -37.500000 0.000000 0.000000 -1.000000 255 128 0 255
-6.716614 -61.078125 -37.500000 0.217040 0.672975 -0.707106 255 128 0 255
-6.389587 -61.183594 -37.500000 0.217040 0.672975 -0.707106 255 128 0 255
-20.395149 -61.583984 -37.500000 0.000000 0.000000 -1.000000 255 128 0 255
-20.068123 -61.689453 -37.500000 0.000000 0.000000 -1.000000 255 128 0 255
-34.073685 -62.089844 -37.500000 0.000000 0.000000 -1.000000 255 128 0 255
-33.746658 -62.195312 -37.500000 0.000000 0.000000 -1.000000 255 128 0 255
-47.752220 -62.595703 -37.500000 0.000000 0.000000 -1.000000 255 128 0 255
-5.048462 -61.556641 -37.500000 0.162378 0.688211 -0.707106 255 128 0 255
-4.361389 -61.718750 -37.500000 0.162378 0.688211 -0.707106 255 128 0 255
-19.054024 -61.957031 -37.500000 0.000000 0.000000 -1.000000 255 128 0 255
-18.366951 -62.119141 -37.500000 0.000000 0.000000 -1.000000 255 128 0 255
-33.059586 -62.357422 -37.500000 0.000000 0.000000 -1.000000 255 128 0 255
-32.372513 -62.519531 -37.500000 0.000000 0.000000 -1.000000 255 128 0 255
-47.065147 -62.757812 -37.500000 0.000000 0.000000 -1.000000 255 128 0 255
-2.276154 -62.170898 -37.500000 0.125203 0.695935 -0.707106 255 128 0 255
-1.565063 -62.298828 -37.500000 0.125203 0.695935 -0.707106 255 128 0 255
-16.968788 -62.409180 -37.500000 0.000000 0.000000 -1.000000 255 128 0 255
-16.257698 -62.537109 -37.500000 0.000000 0.000000 -1.000000 255 128 0 255
-31.661423 -62.647461 -37.500000 0.000000 0.000000 -1.000000 255 128 0 255
-30.950333 -62.775391 -37.500000 0.000000 0.000000 -1.000000 255 128 0 255
-46.354057 -62.885742 -37.500000 0.000000 0.000000 -1.000000 255 128 0 255
-29.871994 -65.038086 -37.500000 0.000000 0.000000 -1.000000 255 128 0 255
-30.411163 -63.906738 -37.500000 0.000000 0.000000 -1.000000 255 128 0 255
-45.275719 -65.148438 -37.500000 0.000000 0.000000 -1.000000 255 128 0 255
-45.814888 -64.017090 -37.500000 0.000000 0.000000 -1.000000 255 128 0 255
-60.679443 -65.258789 -37.500000 -0.638324 -0.304208 -0.707107 255 128 0 255
-61.218613 -64.127441 -37.500000 -0.638324 -0.304208 -0.707107 255 128 0 255
-56.222946 -74.275879 -37.500000 -0.632420 -0.316300 -0.707107 255 128 0 255
-57.348999 -72.024414 -37.500000 -0.632420 -0.316300 -0.707107 255 128 0 255
-54.827881 -75.767090 -37.500000 0.000000 0.000000 -1.000000 255 128 0 255
-55.953934 -73.515625 -37.500000 0.000000 0.000000 -1.000000 255 128 0 255
-52.306763 -79.509766 -37.500000 -0.516369 -0.483076 -0.707107 255 128 0 255
-53.432816 -77.258301 -37.500000 0.000000 0.000000 -1.000000 255 128 0 255
-50.911697 -81.000977 -37.500000 -0.516369 -0.483076 -0.707107 255 128 0 255
-54.558868 -75.006836 -37.500000 0.000000 0.000000 -1.000000 255 128 0 255
-52.037750 -78.749512 -37.500000 0.000000 0.000000 -1.000000 255 128 0 255
-49.516632 -82.492188 -37.500000 -0.511726 -0.492586 -0.703915 255 128 0 255
-42.215431 -70.022461 -37.500000 0.000000 0.000000 -1.000000 255 128 0 255
-27.350876 -68.780762 -37.500000 0.000000 0.000000 -1.000000 255 128 0 255
-39.694313 -73.765137 -37.500000 0.000000 0.000000 -1.000000 255 128 0 255
-24.829758 -72.523438 -37.500000 0.000000 0.000000 -1.000000 255 128 0 255
-37.173195 -77.507812 -37.500000 0.000000 0.000000 -1.000000 255 128 0 255
-48.805733 -83.209961 -37.500000 -0.502400 -0.497588 -0.707107 255 128 0 255
-36.462296 -78.225586 -37.500000 0.000000 0.000000 -1.000000 255 128 0 255
-24.118858 -73.241211 -37.500000 0.000000 0.000000 -1.000000 255 128 0 255
-48.094833 -83.927734 -37.500000 -0.502400 -0.497588 -0.707107 255 128 0 255
-35.751396 -78.943359 -37.500000 0.000000 0.000000 -1.000000 255 128 0 255
-47.383934 -84.645508 -37.500000 -0.502400 -0.497588 -0.707107 255 128 0 255
-23.407959 -73.958984 -37.500000 0.000000 0.000000 -1.000000 255 128 0 255
-35.040497 -79.661133 -37.500000 0.000000 0.000000 -1.000000 255 128 0 255
-46.673035 -85.363281 -37.500000 -0.496555 -0.508688 -0.703327 255 128 0 255
-21.954056 -75.331055 -37.500000 0.000000 0.000000 -1.000000 255 128 0 255
-22.681007 -74.645020 -37.500000 0.000000 0.000000 -1.000000 255 128 0 255
-33.586594 -81.033203 -37.500000 0.000000 0.000000 -1.000000 255 128 0 255
-34.313545 -80.347168 -37.500000 0.000000 0.000000 -1.000000 255 128 0 255
-45.219131 -86.735352 -37.500000 -0.485318 -0.514263 -0.707106 255 128 0 255
-45.946083 -86.049316 -37.500000 -0.485318 -0.514263 -0.707106 255 128 0 255
-43.016876 -88.750000 -37.500000 -0.460647 -0.536474 -0.707107 255 128 0 255
-32.111290 -82.361816 -37.500000 0.000000 0.000000 -1.000000 255 128 0 255
-21.205704 -75.973633 -37.500000 0.000000 0.000000 -1.000000 255 128 0 255
-42.268524 -89.392578 -37.500000 -0.460647 -0.536474 -0.707107 255 128 0 255
-31.362938 -83.004395 -37.500000 0.000000 0.000000 -1.000000 255 128 0 255
-41.520172 -90.035156 -37.500000 -0.460647 -0.536474 -0.707107 255 128 0 255
-20.457352 -76.616211 -37.500000 0.000000 0.000000 -1.000000 255 128 0 255
-30.614586 -83.646973 -37.500000 0.000000 0.000000 -1.000000 255 128 0 255
-40.771820 -90.677734 -37.500000 -0.448472 -0.555264 -0.700396 255 128 0 255
-39.996727 -91.266113 -37.500000 -0.427540 -0.563214 -0.707107 255 128 0 255
-29.839493 -84.235352 -37.500000 0.000000 0.000000 -1.000000 255 128 0 255
-19.682259 -77.204590 -37.500000 0.000000 0.000000 -1.000000 255 128 0 255
-39.221634 -91.854492 -37.500000 -0.427540 -0.563214 -0.707107 255 128 0 255
-29.064400 -84.823730 -37.500000 0.000000 0.000000 -1.000000 255 128 0 255
-38.446541 -92.442871 -37.500000 -0.427540 -0.563214 -0.707107 255 128 0 255
-18.907166 -77.792969 -37.500000 0.000000 0.000000 -1.000000 255 128 0 255
-28.289307 -85.412109 -37.500000 0.000000 0.000000 -1.000000 255 128 0 255
-37.671448 -93.031250 -37.500000 -0.411088 -0.585304 -0.698874 255 128 0 255
-17.292786 -78.839844 -37.500000 0.000000 0.000000 -1.000000 255 128 0 255
-18.099976 -78.316406 -37.500000 0.000000 0.000000 -1.000000 255 128 0 255
-26.674927 -86.458984 -37.500000 0.000000 0.000000 -1.000000 255 128 0 255
-27.482117 -85.935547 -37.500000 0.000000 0.000000 -1.000000 255 128 0 255
-36.057068 -94.078125 -37.500000 -0.384726 -0.593284 -0.707107 255 128 0 255
-36.864258 -93.554688 -37.500000 -0.384726 -0.593284 -0.707107 255 128 0 255
-34.025375 -95.358398 -37.500000 -0.345161 -0.617142 -0.707107 255 128 0 255
-25.450424 -87.215820 -37.500000 0.000000 0.000000 -1.000000 255 128 0 255
-16.875473 -79.073242 -37.500000 0.000000 0.000000 -1.000000 255 128 0 255
-33.608063 -95.591797 -37.500000 -0.345161 -0.617142 -0.707107 255 128 0 255
-25.033112 -87.449219 -37.500000 0.000000 0.000000 -1.000000 255 128 0 255
-33.190750 -95.825195 -37.500000 -0.345161 -0.617142 -0.707107 255 128 0 255
-16.458160 -79.306641 -37.500000 0.000000 0.000000 -1.000000 255 128 0 255
-24.615799 -87.682617 -37.500000 0.000000 0.000000 -1.000000 255 128 0 255
-32.773438 -96.058594 -37.500000 -0.333296 -0.629394 -0.701981 255 128 0 255
-32.346153 -96.272461 -37.500000 -0.316494 -0.632322 -0.707107 255 128 0 255
-24.188515 -87.896484 -37.500000 0.000000 0.000000 -1.000000 255 128 0 255
-16.030876 -79.520508 -37.500000 0.000000 0.000000 -1.000000 255 128 0 255
-31.918869 -96.486328 -37.500000 -0.316494 -0.632322 -0.707107 255 128 0 255
-23.761230 -88.110352 -37.500000 0.000000 0.000000 -1.000000 255 128 0 255
-31.491585 -96.700195 -37.500000 -0.316494 -0.632322 -0.707107 255 128 0 255
-15.603592 -79.734375 -37.500000 0.000000 0.000000 -1.000000 255 128 0 255
-23.333946 -88.324219 -37.500000 0.000000 0.000000 -1.000000 255 128 0 255
-31.064301 -96.914062 -37.500000 -0.303586 -0.644467 -0.701782 255 128 0 255
-14.729172 -80.121094 -37.500000 0.000000 0.000000 -1.000000 255 128 0 255
-15.166382 -79.927734 -37.500000 0.000000 0.000000 -1.000000 255 128 0 255
-22.459526 -88.710938 -37.500000 0.000000 0.000000 -1.000000 255 128 0 255
-22.896736 -88.517578 -37.500000 0.000000 0.000000 -1.000000 255 128 0 255
-30.189880 -97.300781 -37.500000 -0.286002 -0.646686 -0.707106 255 128 0 255
-30.627090 -97.107422 -37.500000 -0.286002 -0.646686 -0.707106 255 128 0 255
-28.868927 -97.862305 -37.500000 -0.257764 -0.658451 -0.707107 255 128 0 255
-21.575783 -89.079102 -37.500000 0.000000 0.000000 -1.000000 255 128 0 255
-14.282639 -80.295898 -37.500000 0.000000 0.000000 -1.000000 255 128 0 255
-28.422394 -98.037109 -37.500000 -0.257764 -0.658451 -0.707107 255 128 0 255
-21.129250 -89.253906 -37.500000 0.000000 0.000000 -1.000000 255 128 0 255
-27.975861 -98.211914 -37.500000 -0.257764 -0.658451 -0.707107 255 128 0 255
-13.836105 -80.470703 -37.500000 0.000000 0.000000 -1.000000 255 128 0 255
-20.682716 -89.428711 -37.500000 0.000000 0.000000 -1.000000 255 128 0 255
-27.529327 -98.386719 -37.500000 -0.239972 -0.672242 -0.700360 255 128 0 255
-26.610809 -98.683594 -37.500000 -0.217468 -0.672836 -0.707106 255 128 0 255
-19.764198 -89.725586 -37.500000 0.000000 0.000000 -1.000000 255 128 0 255
-12.917587 -80.767578 -37.500000 0.000000 0.000000 -1.000000 255 128 0 255
-25.692291 -98.980469 -37.500000 -0.217468 -0.672836 -0.707106 255 128 0 255
-18.845680 -90.022461 -37.500000 0.000000 0.000000 -1.000000 255 128 0 255
-24.773773 -99.277344 -37.500000 -0.217468 -0.672836 -0.707106 255 128 0 255
-11.999069 -81.064453 -37.500000 0.000000 0.000000 -1.000000 255 128 0 255
-17.927162 -90.319336 -37.500000 0.000000 0.000000 -1.000000 255 128 0 255
-23.855255 -99.574219 -37.500000 -0.196715 -0.686923 -0.699600 255 128 0 255
-10.102417 -81.539062 -37.500000 0.000000 0.000000 -1.000000 255 128 0 255
-11.050743 -81.301758 -37.500000 0.000000 0.000000 -1.000000 255 128 0 255
-16.030510 -90.793945 -37.500000 0.000000 0.000000 -1.000000 255 128 0 255
-16.978836 -90.556641 -37.500000 0.000000 0.000000 -1.000000 255 128 0 255
-21.958603 -100.048828 -37.500000 -0.171651 -0.685957 -0.707107 255 128 0 255
-22.906929 -99.811523 -37.500000 -0.171651 -0.685957 -0.707107 255 128 0 255
-19.088776 -100.710449 -37.500000 -0.133441 -0.694402 -0.707107 255 128 0 255
-14.109009 -91.218262 -37.500000 0.000000 0.000000 -1.000000 255 128 0 255
-9.129242 -81.726074 -37.500000 0.000000 0.000000 -1.000000 255 128 0 255
-18.115601 -100.897461 -37.500000 -0.133441 -0.694402 -0.707107 255 128 0 255
-13.135834 -91.405273 -37.500000 0.000000 0.000000 -1.000000 255 128 0 255
-17.142426 -101.084473 -37.500000 -0.133441 -0.694402 -0.707107 255 128 0 255
-8.156067 -81.913086 -37.500000 0.000000 0.000000 -1.000000 255 128 0 255
-12.162659 -91.592285 -37.500000 0.000000 0.000000 -1.000000 255 128 0 255
-16.169250 -101.271484 -37.500000 -0.118989 -0.701964 -0.702202 255 128 0 255
-15.176208 -101.417480 -37.500000 -0.102853 -0.699587 -0.707107 255 128 0 255
-11.169617 -91.738281 -37.500000 0.000000 0.000000 -1.000000 255 128 0 255
-7.163025 -82.059082 -37.500000 0.000000 0.000000 -1.000000 255 128 0 255
-14.183167 -101.563477 -37.500000 -0.102853 -0.699587 -0.707107 255 128 0 255
-10.176575 -91.884277 -37.500000 0.000000 0.000000 -1.000000 255 128 0 255
-13.190125 -101.709473 -37.500000 -0.102853 -0.699587 -0.707107 255 128 0 255
-6.169983 -82.205078 -37.500000 0.000000 0.000000 -1.000000 255 128 0 255
-9.183533 -92.030273 -37.500000 0.000000 0.000000 -1.000000 255 128 0 255
-12.197083 -101.855469 -37.500000 -0.092384 -0.704551 -0.703614 255 128 0 255
-4.154083 -82.437500 -37.500000 0.000000 0.000000 -1.000000 255 128 0 255
-5.162033 -82.321289 -37.500000 0.000000 0.000000 -1.000000 255 128 0 255
-7.167633 -92.262695 -37.500000 0.000000 0.000000 -1.000000 255 128 0 255
-8.175583 -92.146484 -37.500000 0.000000 0.000000 -1.000000 255 128 0 255
-10.181183 -102.087891 -37.500000 -0.080989 -0.702454 -0.707106 255 128 0 255
-11.189133 -101.971680 -37.500000 -0.080989 -0.702454 -0.707106 255 128 0 255
-6.124535 -102.502441 -37.500000 -0.062857 -0.704308 -0.707107 255 128 0 255
-4.118935 -92.561035 -37.500000 0.000000 0.000000 -1.000000 255 128 0 255
-2.113335 -82.619629 -37.500000 0.000000 0.000000 -1.000000 255 128 0 255
-4.083786 -102.684570 -37.500000 -0.062857 -0.704308 -0.707107 255 128 0 255
-2.078186 -92.743164 -37.500000 0.000000 0.000000 -1.000000 255 128 0 255
-2.043037 -102.866699 -37.500000 -0.062857 -0.704308 -0.707107 255 128 0 255
-0.072586 -82.801758 -37.500000 0.000000 0.000000 -1.000000 255 128 0 255
-0.037437 -92.925293 -37.500000 0.000000 0.000000 -1.000000 255 128 0 255
2.264702 -92.252930 -37.500000 0.000000 0.000000 -1.000000 255 128 0 255
2.229553 -82.129395 -37.500000 0.000000 0.000000 -1.000000 255 128 0 255
4.601990 -101.704102 -37.500000 0.198236 -0.678751 -0.707107 255 128 0 255
4.566841 -91.580566 -37.500000 0.000000 0.000000 -1.000000 255 128 0 255
6.904129 -101.031738 -37.500000 0.198236 -0.678751 -0.707107 255 128 0 255
4.531693 -81.457031 -37.500000 0.000000 0.000000 -1.000000 255 128 0 255
6.868980 -90.908203 -37.500000 0.000000 0.000000 -1.000000 255 128 0 255
9.206268 -100.359375 -37.500000 0.204839 -0.678867 -0.705110 255 128 0 255
0.561241 -62.436523 -37.500000 -0.117028 0.697355 -0.707107 255 128 0 255
1.265366 -62.318359 -37.500000 -0.117028 0.697355 -0.707107 255 128 0 255
2.898529 -71.887695 -37.500000 0.000000 0.000000 -1.000000 255 128 0 255
3.602654 -71.769531 -37.500000 0.000000 0.000000 -1.000000 255 128 0 255
5.235817 -81.338867 -37.500000 0.000000 0.000000 -1.000000 255 128 0 255
5.939941 -81.220703 -37.500000 0.000000 0.000000 -1.000000 255 128 0 255
7.573105 -90.790039 -37.500000 0.000000 0.000000 -1.000000 255 128 0 255
3.355446 -61.931152 -37.500000 -0.152776 0.690405 -0.707107 255 128 0 255
4.037277 -61.780273 -37.500000 -0.152776 0.690405 -0.707107 255 128 0 255
4.988609 -71.500488 -37.500000 0.000000 0.000000 -1.000000 255 128 0 255
5.670441 -71.349609 -37.500000 0.000000 0.000000 -1.000000 255 128 0 255
6.621773 -81.069824 -37.500000 0.000000 0.000000 -1.000000 255 128 0 255
7.303604 -80.918945 -37.500000 0.000000 0.000000 -1.000000 255 128 0 255
8.254936 -90.639160 -37.500000 0.000000 0.000000 -1.000000 255 128 0 255
5.726532 -61.380371 -37.500000 -0.204076 0.677018 -0.707106 255 128 0 255
6.052124 -61.282227 -37.500000 -0.204076 0.677018 -0.707106 255 128 0 255
6.677864 -71.100586 -37.500000 0.000000 0.000000 -1.000000 255 128 0 255
7.003456 -71.002441 -37.500000 0.000000 0.000000 -1.000000 255 128 0 255
7.629196 -80.820801 -37.500000 0.000000 0.000000 -1.000000 255 128 0 255
7.954788 -80.722656 -37.500000 0.000000 0.000000 -1.000000 255 128 0 255
8.580528 -90.541016 -37.500000 0.000000 0.000000 -1.000000 255 128 0 255
11.468437 -99.654785 -37.500000 0.210277 -0.675118 -0.707107 255 128 0 255
10.842697 -89.836426 -37.500000 0.000000 0.000000 -1.000000 255 128 0 255
10.216957 -80.018066 -37.500000 0.000000 0.000000 -1.000000 255 128 0 255
13.730606 -98.950195 -37.500000 0.210277 -0.675118 -0.707107 255 128 0 255
13.104866 -89.131836 -37.500000 0.000000 0.000000 -1.000000 255 128 0 255
15.992775 -98.245605 -37.500000 0.210277 -0.675118 -0.707107 255 128 0 255
12.479126 -79.313477 -37.500000 0.000000 0.000000 -1.000000 255 128 0 255
15.367035 -88.427246 -37.500000 0.000000 0.000000 -1.000000 255 128 0 255
18.254944 -97.541016 -37.500000 0.219938 -0.675086 -0.704192 255 128 0 255
7.014969 -60.966309 -37.500000 -0.253393 0.660146 -0.707107 255 128 0 255
7.326630 -60.846680 -37.500000 -0.253393 0.660146 -0.707107 255 128 0 255
9.902878 -70.080078 -37.500000 0.000000 0.000000 -1.000000 255 128 0 255
10.214539 -69.960449 -37.500000 0.000000 0.000000 -1.000000 255 128 0 255
12.790787 -79.193848 -37.500000 0.000000 0.000000 -1.000000 255 128 0 255
13.102448 -79.074219 -37.500000 0.000000 0.000000 -1.000000 255 128 0 255
15.678696 -88.307617 -37.500000 0.000000 0.000000 -1.000000 255 128 0 255
8.244888 -60.463379 -37.500000 -0.310310 0.635380 -0.707107 255 128 0 255
8.539825 -60.319336 -37.500000 -0.310310 0.635380 -0.707107 255 128 0 255
10.821136 -69.696777 -37.500000 0.000000 0.000000 -1.000000 255 128 0 255
11.116074 -69.552734 -37.500000 0.000000 0.000000 -1.000000 255 128 0 255
13.397385 -78.930176 -37.500000 0.000000 0.000000 -1.000000 255 128 0 255
13.692322 -78.786133 -37.500000 0.000000 0.000000 -1.000000 255 128 0 255
15.973633 -88.163574 -37.500000 0.000000 0.000000 -1.000000 255 128 0 255
9.405182 -59.858398 -37.500000 -0.375821 0.598965 -0.707107 255 128 0 255
9.680664 -59.685547 -37.500000 -0.375821 0.598965 -0.707107 255 128 0 255
11.686493 -69.235840 -37.500000 0.000000 0.000000 -1.000000 255 128 0 255
11.961975 -69.062988 -37.500000 0.000000 0.000000 -1.000000 255 128 0 255
13.967804 -78.613281 -37.500000 0.000000 0.000000 -1.000000 255 128 0 255
14.243286 -78.440430 -37.500000 0.000000 0.000000 -1.000000 255 128 0 255
16.249115 -87.990723 -37.500000 0.000000 0.000000 -1.000000 255 128 0 255
19.358543 -97.165527 -37.500000 0.227763 -0.669420 -0.707107 255 128 0 255
17.352715 -87.615234 -37.500000 0.000000 0.000000 -1.000000 255 128 0 255
15.346886 -78.064941 -37.500000 0.000000 0.000000 -1.000000 255 128 0 255
20.462143 -96.790039 -37.500000 0.227763 -0.669420 -0.707107 255 128 0 255
18.456314 -87.239746 -37.500000 0.000000 0.000000 -1.000000 255 128 0 255
21.565742 -96.414551 -37.500000 0.227763 -0.669420 -0.707107 255 128 0 255
16.450485 -77.689453 -37.500000 0.000000 0.000000 -1.000000 255 128 0 255
19.559914 -86.864258 -37.500000 0.000000 0.000000 -1.000000 255 128 0 255
22.669342 -96.039062 -37.500000 0.236194 -0.669184 -0.704560 255 128 0 255
10.486916 -59.136719 -37.500000 -0.440264 0.553324 -0.707107 255 128 0 255
10.742203 -58.933594 -37.500000 -0.440264 0.553324 -0.707107 255 128 0 255
13.596344 -68.311523 -37.500000 0.000000 0.000000 -1.000000 255 128 0 255
13.851631 -68.108398 -37.500000 0.000000 0.000000 -1.000000 255 128 0 255
16.705772 -77.486328 -37.500000 0.000000 0.000000 -1.000000 255 128 0 255
16.961060 -77.283203 -37.500000 0.000000 0.000000 -1.000000 255 128 0 255
19.815201 -86.661133 -37.500000 0.000000 0.000000 -1.000000 255 128 0 255
11.490196 -58.297852 -37.500000 -0.491440 0.508415 -0.707107 255 128 0 255
11.727615 -58.068359 -37.500000 -0.491440 0.508415 -0.707107 255 128 0 255
14.344337 -67.675781 -37.500000 0.000000 0.000000 -1.000000 255 128 0 255
14.581757 -67.446289 -37.500000 0.000000 0.000000 -1.000000 255 128 0 255
17.198479 -77.053711 -37.500000 0.000000 0.000000 -1.000000 255 128 0 255
17.435898 -76.824219 -37.500000 0.000000 0.000000 -1.000000 255 128 0 255
20.052620 -86.431641 -37.500000 0.000000 0.000000 -1.000000 255 128 0 255
23.747948 -95.644531 -37.500000 0.242905 -0.664076 -0.707107 255 128 0 255
21.131226 -86.037109 -37.500000 0.000000 0.000000 -1.000000 255 128 0 255
18.514503 -76.429688 -37.500000 0.000000 0.000000 -1.000000 255 128 0 255
24.826553 -95.250000 -37.500000 0.242905 -0.664076 -0.707107 255 128 0 255
22.209831 -85.642578 -37.500000 0.000000 0.000000 -1.000000 255 128 0 255
25.905159 -94.855469 -37.500000 0.242905 -0.664076 -0.707107 255 128 0 255
19.593109 -76.035156 -37.500000 0.000000 0.000000 -1.000000 255 128 0 255
23.288437 -85.248047 -37.500000 0.000000 0.000000 -1.000000 255 128 0 255
26.983765 -94.460938 -37.500000 0.254121 -0.663476 -0.703720 255 128 0 255
12.424545 -57.356445 -37.500000 -0.531341 0.466558 -0.707107 255 128 0 255
12.646637 -57.103516 -37.500000 -0.531341 0.466558 -0.707107 255 128 0 255
16.119873 -66.569336 -37.500000 0.000000 0.000000 -1.000000 255 128 0 255
16.341965 -66.316406 -37.500000 0.000000 0.000000 -1.000000 255 128 0 255
19.815201 -75.782227 -37.500000 0.000000 0.000000 -1.000000 255 128 0 255
20.037292 -75.529297 -37.500000 0.000000 0.000000 -1.000000 255 128 0 255
23.510529 -84.995117 -37.500000 0.000000 0.000000 -1.000000 255 128 0 255
13.300156 -56.327148 -37.500000 -0.559217 0.432756 -0.707106 255 128 0 255
13.509491 -56.056641 -37.500000 -0.559217 0.432756 -0.707106 255 128 0 255
16.773392 -65.792969 -37.500000 0.000000 0.000000 -1.000000 255 128 0 255
16.982727 -65.522461 -37.500000 0.000000 0.000000 -1.000000 255 128 0 255
20.246628 -75.258789 -37.500000 0.000000 0.000000 -1.000000 255 128 0 255
20.455963 -74.988281 -37.500000 0.000000 0.000000 -1.000000 255 128 0 255
23.719864 -84.724609 -37.500000 0.000000 0.000000 -1.000000 255 128 0 255
28.032387 -94.041016 -37.500000 0.262868 -0.656430 -0.707107 255 128 0 255
24.768486 -84.304688 -37.500000 0.000000 0.000000 -1.000000 255 128 0 255
21.504585 -74.568359 -37.500000 0.000000 0.000000 -1.000000 255 128 0 255
29.081009 -93.621094 -37.500000 0.262868 -0.656430 -0.707107 255 128 0 255
25.817108 -83.884766 -37.500000 0.000000 0.000000 -1.000000 255 128 0 255
30.129631 -93.201172 -37.500000 0.262868 -0.656430 -0.707107 255 128 0 255
22.553207 -74.148438 -37.500000 0.000000 0.000000 -1.000000 255 128 0 255
26.865730 -83.464844 -37.500000 0.000000 0.000000 -1.000000 255 128 0 255
31.178253 -92.781250 -37.500000 0.275997 -0.655304 -0.703138 255 128 0 255
14.318718 -54.930664 -37.500000 -0.588078 0.392638 -0.707107 255 128 0 255
14.709274 -54.345703 -37.500000 -0.588078 0.392638 -0.707107 255 128 0 255
18.631241 -64.247070 -37.500000 0.000000 0.000000 -1.000000 255 128 0 255
19.021797 -63.662109 -37.500000 0.000000 0.000000 -1.000000 255 128 0 255
22.943764 -73.563477 -37.500000 0.000000 0.000000 -1.000000 255 128 0 255
23.334320 -72.978516 -37.500000 0.000000 0.000000 -1.000000 255 128 0 255
27.256287 -82.879883 -37.500000 0.000000 0.000000 -1.000000 255 128 0 255
32.191895 -92.333008 -37.500000 0.285976 -0.646697 -0.707107 255 128 0 255
28.269928 -82.431641 -37.500000 0.000000 0.000000 -1.000000 255 128 0 255
24.347961 -72.530273 -37.500000 0.000000 0.000000 -1.000000 255 128 0 255
33.205536 -91.884766 -37.500000 0.285976 -0.646697 -0.707107 255 128 0 255
29.283569 -81.983398 -37.500000 0.000000 0.000000 -1.000000 255 128 0 255
34.219177 -91.436523 -37.500000 0.285976 -0.646697 -0.707107 255 128 0 255
25.361603 -72.082031 -37.500000 0.000000 0.000000 -1.000000 255 128 0 255
30.297211 -81.535156 -37.500000 0.000000 0.000000 -1.000000 255 128 0 255
35.232819 -90.988281 -37.500000 0.301635 -0.644752 -0.702361 255 128 0 255
15.860512 -52.560547 -37.500000 -0.605911 0.364516 -0.707107 255 128 0 255
16.230637 -51.945312 -37.500000 -0.605911 0.364516 -0.707107 255 128 0 255
20.796120 -62.013672 -37.500000 0.000000 0.000000 -1.000000 255 128 0 255
21.166245 -61.398438 -37.500000 0.000000 0.000000 -1.000000 255 128 0 255
25.731728 -71.466797 -37.500000 0.000000 0.000000 -1.000000 255 128 0 255
26.101852 -70.851562 -37.500000 0.000000 0.000000 -1.000000 255 128 0 255
30.667336 -80.919922 -37.500000 0.000000 0.000000 -1.000000 255 128 0 255
28.049179 -69.889648 -37.500000 0.000000 0.000000 -1.000000 255 128 0 255
27.075516 -70.370605 -37.500000 0.000000 0.000000 -1.000000 255 128 0 255
32.614662 -79.958008 -37.500000 0.000000 0.000000 -1.000000 255 128 0 255
31.640999 -80.438965 -37.500000 0.000000 0.000000 -1.000000 255 128 0 255
37.180145 -90.026367 -37.500000 0.313164 -0.633978 -0.707107 255 128 0 255
36.206482 -90.507324 -37.500000 0.313164 -0.633978 -0.707107 255 128 0 255
40.056160 -88.547363 -37.500000 0.343987 -0.617797 -0.707107 255 128 0 255
34.517014 -78.959961 -37.500000 0.000000 0.000000 -1.000000 255 128 0 255
28.977867 -69.372559 -37.500000 0.000000 0.000000 -1.000000 255 128 0 255
40.984848 -88.030273 -37.500000 0.343987 -0.617797 -0.707107 255 128 0 255
35.445702 -78.442871 -37.500000 0.000000 0.000000 -1.000000 255 128 0 255
41.913536 -87.513184 -37.500000 0.343987 -0.617797 -0.707107 255 128 0 255
29.906555 -68.855469 -37.500000 0.000000 0.000000 -1.000000 255 128 0 255
36.374390 -77.925781 -37.500000 0.000000 0.000000 -1.000000 255 128 0 255
42.842224 -86.996094 -37.500000 0.365111 -0.613052 -0.700615 255 128 0 255
43.720932 -86.437500 -37.500000 0.379346 -0.596738 -0.707107 255 128 0 255
37.253098 -77.367188 -37.500000 0.000000 0.000000 -1.000000 255 128 0 255
30.785263 -68.296875 -37.500000 0.000000 0.000000 -1.000000 255 128 0 255
44.599640 -85.878906 -37.500000 0.379346 -0.596738 -0.707107 255 128 0 255
38.131805 -76.808594 -37.500000 0.000000 0.000000 -1.000000 255 128 0 255
45.478348 -85.320312 -37.500000 0.379346 -0.596738 -0.707107 255 128 0 255
31.663971 -67.738281 -37.500000 0.000000 0.000000 -1.000000 255 128 0 255
39.010513 -76.250000 -37.500000 0.000000 0.000000 -1.000000 255 128 0 255
46.357056 -84.761719 -37.500000 0.402537 -0.590030 -0.699878 255 128 0 255
17.375191 -49.158203 -37.500000 -0.684399 0.177758 -0.707107 255 128 0 255
17.779495 -47.601562 -37.500000 -0.684399 0.177758 -0.707107 255 128 0 255
24.721733 -57.669922 -37.500000 0.000000 0.000000 -1.000000 255 128 0 255
25.126038 -56.113281 -37.500000 0.000000 0.000000 -1.000000 255 128 0 255
32.068275 -66.181641 -37.500000 0.000000 0.000000 -1.000000 255 128 0 255
32.472580 -64.625000 -37.500000 0.000000 0.000000 -1.000000 255 128 0 255
39.414818 -74.693359 -37.500000 0.000000 0.000000 -1.000000 255 128 0 255
47.180801 -84.159668 -37.500000 0.417242 -0.570884 -0.707107 255 128 0 255
40.238564 -74.091309 -37.500000 0.000000 0.000000 -1.000000 255 128 0 255
33.296326 -64.022949 -37.500000 0.000000 0.000000 -1.000000 255 128 0 255
48.004547 -83.557617 -37.500000 0.417242 -0.570884 -0.707107 255 128 0 255
41.062309 -73.489258 -37.500000 0.000000 0.000000 -1.000000 255 128 0 255
48.828293 -82.955566 -37.500000 0.417242 -0.570884 -0.707107 255 128 0 255
34.120071 -63.420898 -37.500000 0.000000 0.000000 -1.000000 255 128 0 255
41.886055 -72.887207 -37.500000 0.000000 0.000000 -1.000000 255 128 0 255
49.652039 -82.353516 -37.500000 0.443590 -0.561259 -0.698725 255 128 0 255
35.647598 -62.117188 -37.500000 0.000000 0.000000 -1.000000 255 128 0 255
34.883835 -62.769043 -37.500000 0.000000 0.000000 -1.000000 255 128 0 255
43.413582 -71.583496 -37.500000 0.000000 0.000000 -1.000000 255 128 0 255
42.649818 -72.235352 -37.500000 0.000000 0.000000 -1.000000 255 128 0 255
51.179565 -81.049805 -37.500000 0.459042 -0.537848 -0.707107 255 128 0 255
50.415802 -81.701660 -37.500000 0.459042 -0.537848 -0.707107 255 128 0 255
53.064926 -79.400391 -37.500000 0.491306 -0.508546 -0.707106 255 128 0 255
44.535179 -70.585938 -37.500000 0.000000 0.000000 -1.000000 255 128 0 255
36.005432 -61.771484 -37.500000 0.000000 0.000000 -1.000000 255 128 0 255
53.422760 -79.054688 -37.500000 0.491306 -0.508546 -0.707106 255 128 0 255
44.893013 -70.240234 -37.500000 0.000000 0.000000 -1.000000 255 128 0 255
53.780594 -78.708984 -37.500000 0.491306 -0.508546 -0.707106 255 128 0 255
36.363266 -61.425781 -37.500000 0.000000 0.000000 -1.000000 255 128 0 255
45.250847 -69.894531 -37.500000 0.000000 0.000000 -1.000000 255 128 0 255
54.138428 -78.363281 -37.500000 0.505691 -0.501134 -0.702240 255 128 0 255
54.479385 -78.003906 -37.500000 0.512972 -0.486683 -0.707107 255 128 0 255
45.591805 -69.535156 -37.500000 0.000000 0.000000 -1.000000 255 128 0 255
36.704224 -61.066406 -37.500000 0.000000 0.000000 -1.000000 255 128 0 255
54.820343 -77.644531 -37.500000 0.512972 -0.486683 -0.707107 255 128 0 255
45.932762 -69.175781 -37.500000 0.000000 0.000000 -1.000000 255 128 0 255
55.161301 -77.285156 -37.500000 0.512972 -0.486683 -0.707107 255 128 0 255
37.045181 -60.707031 -37.500000 0.000000 0.000000 -1.000000 255 128 0 255
46.273720 -68.816406 -37.500000 0.000000 0.000000 -1.000000 255 128 0 255
55.502258 -76.925781 -37.500000 0.527243 -0.478520 -0.702164 255 128 0 255
18.956337 -42.927246 -37.500000 -0.688218 0.162344 -0.707107 255 128 0 255
19.324570 -41.366211 -37.500000 -0.688218 0.162344 -0.707107 255 128 0 255
28.184875 -51.036621 -37.500000 0.000000 0.000000 -1.000000 255 128 0 255
28.553108 -49.475586 -37.500000 0.000000 0.000000 -1.000000 255 128 0 255
37.413414 -59.145996 -37.500000 0.000000 0.000000 -1.000000 255 128 0 255
37.781647 -57.584961 -37.500000 0.000000 0.000000 -1.000000 255 128 0 255
46.641953 -67.255371 -37.500000 0.000000 0.000000 -1.000000 255 128 0 255
55.826080 -76.552734 -37.500000 0.533988 -0.463526 -0.707107 255 128 0 255
46.965775 -66.882324 -37.500000 0.000000 0.000000 -1.000000 255 128 0 255
38.105469 -57.211914 -37.500000 0.000000 0.000000 -1.000000 255 128 0 255
56.149902 -76.179688 -37.500000 0.533988 -0.463526 -0.707107 255 128 0 255
47.289597 -66.509277 -37.500000 0.000000 0.000000 -1.000000 255 128 0 255
56.473724 -75.806641 -37.500000 0.533988 -0.463526 -0.707107 255 128 0 255
38.429291 -56.838867 -37.500000 0.000000 0.000000 -1.000000 255 128 0 255
47.613419 -66.136230 -37.500000 0.000000 0.000000 -1.000000 255 128 0 255
56.797546 -75.433594 -37.500000 0.547739 -0.454836 -0.702215 255 128 0 255
57.104630 -75.046875 -37.500000 0.553755 -0.439722 -0.707107 255 128 0 255
47.920502 -65.749512 -37.500000 0.000000 0.000000 -1.000000 255 128 0 255
38.736374 -56.452148 -37.500000 0.000000 0.000000 -1.000000 255 128 0 255
57.411713 -74.660156 -37.500000 0.553755 -0.439722 -0.707107 255 128 0 255
48.227585 -65.362793 -37.500000 0.000000 0.000000 -1.000000 255 128 0 255
57.718796 -74.273438 -37.500000 0.553755 -0.439722 -0.707107 255 128 0 255
39.043457 -56.065430 -37.500000 0.000000 0.000000 -1.000000 255 128 0 255
48.534668 -64.976074 -37.500000 0.000000 0.000000 -1.000000 255 128 0 255
58.025879 -73.886719 -37.500000 0.572945 -0.426184 -0.700072 255 128 0 255
40.175018 -54.439453 -37.500000 0.000000 0.000000 -1.000000 255 128 0 255
39.609238 -55.252441 -37.500000 0.000000 0.000000 -1.000000 255 128 0 255
49.666229 -63.350098 -37.500000 0.000000 0.000000 -1.000000 255 128 0 255
49.100449 -64.163086 -37.500000 0.000000 0.000000 -1.000000 255 128 0 255
59.157440 -72.260742 -37.500000 0.580393 -0.403911 -0.707107 255 128 0 255
58.591660 -73.073730 -37.500000 0.580393 -0.403911 -0.707107 255 128 0 255
60.793518 -69.771484 -37.500000 0.610496 -0.356784 -0.707107 255 128 0 255
50.736526 -61.673828 -37.500000 0.000000 0.000000 -1.000000 255 128 0 255
40.679535 -53.576172 -37.500000 0.000000 0.000000 -1.000000 255 128 0 255
61.298035 -68.908203 -37.500000 0.610496 -0.356784 -0.707107 255 128 0 255
51.241043 -60.810547 -37.500000 0.000000 0.000000 -1.000000 255 128 0 255
61.802551 -68.044922 -37.500000 0.610496 -0.356784 -0.707107 255 128 0 255
41.184052 -52.712891 -37.500000 0.000000 0.000000 -1.000000 255 128 0 255
51.745560 -59.947266 -37.500000 0.000000 0.000000 -1.000000 255 128 0 255
62.307068 -67.181641 -37.500000 0.629885 -0.338365 -0.699110 255 128 0 255
62.754150 -66.272461 -37.500000 0.634538 -0.312029 -0.707107 255 128 0 255
52.192642 -59.038086 -37.500000 0.000000 0.000000 -1.000000 255 128 0 255
41.631134 -51.803711 -37.500000 0.000000 0.000000 -1.000000 255 128 0 255
63.201233 -65.363281 -37.500000 0.634538 -0.312029 -0.707107 255 128 0 255
52.639725 -58.128906 -37.500000 0.000000 0.000000 -1.000000 255 128 0 255
63.648315 -64.454102 -37.500000 0.634538 -0.312029 -0.707107 255 128 0 255
42.078217 -50.894531 -37.500000 0.000000 0.000000 -1.000000 255 128 0 255
53.086807 -57.219727 -37.500000 0.000000 0.000000 -1.000000 255 128 0 255
64.095398 -63.544922 -37.500000 0.651041 -0.294006 -0.699790 255 128 0 255
20.220367 -37.460449 -37.500000 -0.692931 0.140880 -0.707107 255 128 0 255
20.379700 -36.676758 -37.500000 -0.692931 0.140880 -0.707107 255 128 0 255
31.228958 -43.785645 -37.500000 0.000000 0.000000 -1.000000 255 128 0 255
31.388290 -43.001953 -37.500000 0.000000 0.000000 -1.000000 255 128 0 255
42.237549 -50.110840 -37.500000 0.000000 0.000000 -1.000000 255 128 0 255
42.396881 -49.327148 -37.500000 0.000000 0.000000 -1.000000 255 128 0 255
53.246140 -56.436035 -37.500000 0.000000 0.000000 -1.000000 255 128 0 255
64.488876 -62.591309 -37.500000 0.653649 -0.269708 -0.707107 255 128 0 255
53.639618 -55.482422 -37.500000 0.000000 0.000000 -1.000000 255 128 0 255
42.790359 -48.373535 -37.500000 0.000000 0.000000 -1.000000 255 128 0 255
64.882355 -61.637695 -37.500000 0.653649 -0.269708 -0.707107 255 128 0 255
54.033096 -54.528809 -37.500000 0.000000 0.000000 -1.000000 255 128 0 255
65.275833 -60.684082 -37.500000 0.653649 -0.269708 -0.707107 255 128 0 255
43.183838 -47.419922 -37.500000 0.000000 0.000000 -1.000000 255 128 0 255
54.426575 -53.575195 -37.500000 0.000000 0.000000 -1.000000 255 128 0 255
65.669312 -59.730469 -37.500000 0.667299 -0.252770 -0.700585 255 128 0 255
66.013000 -58.736328 -37.500000 0.668297 -0.231040 -0.707107 255 128 0 255
54.770264 -52.581055 -37.500000 0.000000 0.000000 -1.000000 255 128 0 255
43.527527 -46.425781 -37.500000 0.000000 0.000000 -1.000000 255 128 0 255
66.356689 -57.742188 -37.500000 0.668297 -0.231040 -0.707107 255 128 0 255
55.113953 -51.586914 -37.500000 0.000000 0.000000 -1.000000 255 128 0 255
66.700378 -56.748047 -37.500000 0.668297 -0.231040 -0.707107 255 128 0 255
43.871216 -45.431641 -37.500000 0.000000 0.000000 -1.000000 255 128 0 255
55.457642 -50.592773 -37.500000 0.000000 0.000000 -1.000000 255 128 0 255
67.044067 -55.753906 -37.500000 0.679518 -0.215397 -0.701327 255 128 0 255
20.835144 -34.322266 -37.500000 -0.696666 0.121063 -0.707107 255 128 0 255
20.971924 -33.535156 -37.500000 -0.696666 0.121063 -0.707107 255 128 0 255
32.421570 -39.483398 -37.500000 0.000000 0.000000 -1.000000 255 128 0 255
32.558350 -38.696289 -37.500000 0.000000 0.000000 -1.000000 255 128 0 255
44.007996 -44.644531 -37.500000 0.000000 0.000000 -1.000000 255 128 0 255
44.144775 -43.857422 -37.500000 0.000000 0.000000 -1.000000 255 128 0 255
55.594421 -49.805664 -37.500000 0.000000 0.000000 -1.000000 255 128 0 255
67.341812 -54.722656 -37.500000 0.679358 -0.196146 -0.707107 255 128 0 255
55.892166 -48.774414 -37.500000 0.000000 0.000000 -1.000000 255 128 0 255
44.442520 -42.826172 -37.500000 0.000000 0.000000 -1.000000 255 128 0 255
67.639557 -53.691406 -37.500000 0.679358 -0.196146 -0.707107 255 128 0 255
56.189911 -47.743164 -37.500000 0.000000 0.000000 -1.000000 255 128 0 255
67.937302 -52.660156 -37.500000 0.679358 -0.196146 -0.707107 255 128 0 255
44.740265 -41.794922 -37.500000 0.000000 0.000000 -1.000000 255 128 0 255
56.487656 -46.711914 -37.500000 0.000000 0.000000 -1.000000 255 128 0 255
68.235046 -51.628906 -37.500000 0.688570 -0.181858 -0.701997 255 128 0 255
68.490646 -50.562988 -37.500000 0.687614 -0.164885 -0.707107 255 128 0 255
56.743256 -45.645996 -37.500000 0.000000 0.000000 -1.000000 255 128 0 255
44.995865 -40.729004 -37.500000 0.000000 0.000000 -1.000000 255 128 0 255
68.746246 -49.497070 -37.500000 0.687614 -0.164885 -0.707107 255 128 0 255
56.998856 -44.580078 -37.500000 0.000000 0.000000 -1.000000 255 128 0 255
69.001846 -48.431152 -37.500000 0.687614 -0.164885 -0.707107 255 128 0 255
45.251465 -39.663086 -37.500000 0.000000 0.000000 -1.000000 255 128 0 255
57.254456 -43.514160 -37.500000 0.000000 0.000000 -1.000000 255 128 0 255
69.257446 -47.365234 -37.500000 0.695066 -0.152140 -0.702664 255 128 0 255
21.356583 -31.170410 -37.500000 -0.700226 0.098408 -0.707107 255 128 0 255
21.467682 -30.379883 -37.500000 -0.700226 0.098408 -0.707107 255 128 0 255
33.359573 -35.021484 -37.500000 0.000000 0.000000 -1.000000 255 128 0 255
33.470673 -34.230957 -37.500000 0.000000 0.000000 -1.000000 255 128 0 255
45.362564 -38.872559 -37.500000 0.000000 0.000000 -1.000000 255 128 0 255
45.473663 -38.082031 -37.500000 0.000000 0.000000 -1.000000 255 128 0 255
57.365555 -42.723633 -37.500000 0.000000 0.000000 -1.000000 255 128 0 255
69.474762 -46.268555 -37.500000 0.693620 -0.137446 -0.707107 255 128 0 255
57.582870 -41.626953 -37.500000 0.000000 0.000000 -1.000000 255 128 0 255
45.690979 -36.985352 -37.500000 0.000000 0.000000 -1.000000 255 128 0 255
69.692078 -45.171875 -37.500000 0.693620 -0.137446 -0.707107 255 128 0 255
57.800186 -40.530273 -37.500000 0.000000 0.000000 -1.000000 255 128 0 255
69.909393 -44.075195 -37.500000 0.693620 -0.137446 -0.707107 255 128 0 255
45.908295 -35.888672 -37.500000 0.000000 0.000000 -1.000000 255 128 0 255
58.017502 -39.433594 -37.500000 0.000000 0.000000 -1.000000 255 128 0 255
70.126709 -42.978516 -37.500000 0.699666 -0.126146 -0.703246 255 128 0 255
70.309570 -41.853516 -37.500000 0.697947 -0.113447 -0.707107 255 128 0 255
58.200363 -38.308594 -37.500000 0.000000 0.000000 -1.000000 255 128 0 255
46.091156 -34.763672 -37.500000 0.000000 0.000000 -1.000000 255 128 0 255
70.492432 -40.728516 -37.500000 0.697947 -0.113447 -0.707107 255 128 0 255
58.383224 -37.183594 -37.500000 0.000000 0.000000 -1.000000 255 128 0 255
70.675293 -39.603516 -37.500000 0.697947 -0.113447 -0.707107 255 128 0 255
46.274017 -33.638672 -37.500000 0.000000 0.000000 -1.000000 255 128 0 255
58.566086 -36.058594 -37.500000 0.000000 0.000000 -1.000000 255 128 0 255
70.858154 -38.478516 -37.500000 0.702802 -0.103613 -0.703799 255 128 0 255
21.776917 -28.005371 -37.500000 -0.702891 0.077102 -0.707107 255 128 0 255
21.863953 -27.211914 -37.500000 -0.702891 0.077102 -0.707107 255 128 0 255
34.068985 -30.425293 -37.500000 0.000000 0.000000 -1.000000 255 128 0 255
34.156021 -29.631836 -37.500000 0.000000 0.000000 -1.000000 255 128 0 255
46.361053 -32.845215 -37.500000 0.000000 0.000000 -1.000000 255 128 0 255
46.448090 -32.051758 -37.500000 0.000000 0.000000 -1.000000 255 128 0 255
58.653122 -35.265137 -37.500000 0.000000 0.000000 -1.000000 255 128 0 255
71.010376 -37.328613 -37.500000 0.700992 -0.092796 -0.707107 255 128 0 255
58.805344 -34.115234 -37.500000 0.000000 0.000000 -1.000000 255 128 0 255
46.600311 -30.901855 -37.500000 0.000000 0.000000 -1.000000 255 128 0 255
71.162598 -36.178711 -37.500000 0.700992 -0.092796 -0.707107 255 128 0 255
58.957565 -32.965332 -37.500000 0.000000 0.000000 -1.000000 255 128 0 255
71.314819 -35.028809 -37.500000 0.700992 -0.092796 -0.707107 255 128 0 255
46.752533 -29.751953 -37.500000 0.000000 0.000000 -1.000000 255 128 0 255
59.109787 -31.815430 -37.500000 0.000000 0.000000 -1.000000 255 128 0 255
71.467041 -33.878906 -37.500000 0.704866 -0.084362 -0.704306 255 128 0 255
71.592468 -32.707031 -37.500000 0.703091 -0.075253 -0.707107 255 128 0 255
59.235214 -30.643555 -37.500000 0.000000 0.000000 -1.000000 255 128 0 255
46.877960 -28.580078 -37.500000 0.000000 0.000000 -1.000000 255 128 0 255
71.717896 -31.535156 -37.500000 0.703091 -0.075253 -0.707107 255 128 0 255
59.360641 -29.471680 -37.500000 0.000000 0.000000 -1.000000 255 128 0 255
71.843323 -30.363281 -37.500000 0.703091 -0.075253 -0.707107 255 128 0 255
47.003387 -27.408203 -37.500000 0.000000 0.000000 -1.000000 255 128 0 255
59.486069 -28.299805 -37.500000 0.000000 0.000000 -1.000000 255 128 0 255
71.968750 -29.191406 -37.500000 0.706154 -0.068151 -0.704771 255 128 0 255
22.150604 -24.028809 -37.500000 -0.705355 0.049749 -0.707107 255 128 0 255
22.263184 -22.432617 -37.500000 -0.705355 0.049749 -0.707107 255 128 0 255
34.633286 -24.920410 -37.500000 0.000000 0.000000 -1.000000 255 128 0 255
34.745865 -23.324219 -37.500000 0.000000 0.000000 -1.000000 255 128 0 255
47.115967 -25.812012 -37.500000 0.000000 0.000000 -1.000000 255 128 0 255
47.228546 -24.215820 -37.500000 0.000000 0.000000 -1.000000 255 128 0 255
59.598648 -26.703613 -37.500000 0.000000 0.000000 -1.000000 255 128 0 255
72.071182 -28.000488 -37.500000 0.704506 -0.060595 -0.707107 255 128 0 255
59.701080 -25.512695 -37.500000 0.000000 0.000000 -1.000000 255 128 0 255
47.330978 -23.024902 -37.500000 0.000000 0.000000 -1.000000 255 128 0 255
72.173615 -26.809570 -37.500000 0.704506 -0.060595 -0.707107 255 128 0 255
59.803513 -24.321777 -37.500000 0.000000 0.000000 -1.000000 255 128 0 255
72.276047 -25.618652 -37.500000 0.704506 -0.060595 -0.707107 255 128 0 255
47.433411 -21.833984 -37.500000 0.000000 0.000000 -1.000000 255 128 0 255
59.905945 -23.130859 -37.500000 0.000000 0.000000 -1.000000 255 128 0 255
72.378479 -24.427734 -37.500000 0.706873 -0.054802 -0.705215 255 128 0 255
72.461761 -23.221680 -37.500000 0.705427 -0.048712 -0.707107 255 128 0 255
59.989227 -21.924805 -37.500000 0.000000 0.000000 -1.000000 255 128 0 255
47.516693 -20.627930 -37.500000 0.000000 0.000000 -1.000000 255 128 0 255
72.545044 -22.015625 -37.500000 0.705427 -0.048712 -0.707107 255 128 0 255
60.072510 -20.718750 -37.500000 0.000000 0.000000 -1.000000 255 128 0 255
72.628326 -20.809570 -37.500000 0.705427 -0.048712 -0.707107 255 128 0 255
47.599976 -19.421875 -37.500000 0.000000 0.000000 -1.000000 255 128 0 255
60.155792 -19.512695 -37.500000 0.000000 0.000000 -1.000000 255 128 0 255
72.711609 -19.603516 -37.500000 0.707862 -0.042443 -0.705074 255 128 0 255
22.536743 -17.636230 -37.500000 -0.706785 0.021327 -0.707107 255 128 0 255
22.585144 -16.032227 -37.500000 -0.706785 0.021327 -0.707107 255 128 0 255
35.092560 -17.727051 -37.500000 0.000000 0.000000 -1.000000 255 128 0 255
35.140961 -16.123047 -37.500000 0.000000 0.000000 -1.000000 255 128 0 255
47.648376 -17.817871 -37.500000 0.000000 0.000000 -1.000000 255 128 0 255
47.696777 -16.213867 -37.500000 0.000000 0.000000 -1.000000 255 128 0 255
60.204193 -17.908691 -37.500000 0.000000 0.000000 -1.000000 255 128 0 255
72.836090 -17.156738 -37.500000 0.706193 -0.035928 -0.707107 255 128 0 255
60.328674 -15.461914 -37.500000 0.000000 0.000000 -1.000000 255 128 0 255
47.821259 -13.767090 -37.500000 0.000000 0.000000 -1.000000 255 128 0 255
72.960571 -14.709961 -37.500000 0.706193 -0.035928 -0.707107 255 128 0 255
60.453156 -13.015137 -37.500000 0.000000 0.000000 -1.000000 255 128 0 255
73.085052 -12.263184 -37.500000 0.706193 -0.035928 -0.707107 255 128 0 255
47.945740 -11.320312 -37.500000 0.000000 0.000000 -1.000000 255 128 0 255
60.577637 -10.568359 -37.500000 0.000000 0.000000 -1.000000 255 128 0 255
73.209534 -9.816406 -37.500000 0.707852 -0.031445 -0.705661 255 128 0 255
22.687584 -11.213867 -37.500000 -0.707102 0.002476 -0.707107 255 128 0 255
22.693222 -9.603516 -37.500000 -0.707102 0.002476 -0.707107 255 128 0 255
35.319481 -10.461914 -37.500000 0.000000 0.000000 -1.000000 255 128 0 255
35.325119 -8.851562 -37.500000 0.000000 0.000000 -1.000000 255 128 0 255
47.951378 -9.709961 -37.500000 0.000000 0.000000 -1.000000 255 128 0 255
47.957016 -8.099609 -37.500000 0.000000 0.000000 -1.000000 255 128 0 255
60.583275 -8.958008 -37.500000 0.000000 0.000000 -1.000000 255 128 0 255
73.303375 -7.345215 -37.500000 0.706598 -0.026832 -0.707107 255 128 0 255
60.677116 -6.486816 -37.500000 0.000000 0.000000 -1.000000 255 128 0 255
48.050858 -5.628418 -37.500000 0.000000 0.000000 -1.000000 255 128 0 255
73.397217 -4.874023 -37.500000 0.706598 -0.026832 -0.707107 255 128 0 255
60.770958 -4.015625 -37.500000 0.000000 0.000000 -1.000000 255 128 0 255
73.491058 -2.402832 -37.500000 0.706598 -0.026832 -0.707107 255 128 0 255
48.144699 -3.157227 -37.500000 0.000000 0.000000 -1.000000 255 128 0 255
60.864799 -1.544434 -37.500000 0.000000 0.000000 -1.000000 255 128 0 255
22.688744 -4.770020 -37.500000 -0.707073 -0.006907 -0.707107 255 128 0 255
22.672989 -3.157227 -37.500000 -0.707073 -0.006907 -0.707107 255 128 0 255
35.408844 -3.157227 -37.500000 0.000000 0.000000 -1.000000 255 128 0 255
35.393089 -1.544434 -37.500000 0.000000 0.000000 -1.000000 255 128 0 255
48.128944 -1.544434 -37.500000 0.000000 0.000000 -1.000000 255 128 0 255
48.113190 0.068359 -37.500000 0.000000 0.000000 -1.000000 255 128 0 255
60.849045 0.068359 -37.500000 0.000000 0.000000 -1.000000 255 128 0 255
22.656326 1.674316 -37.500000 -0.707077 0.006537 -0.707107 255 128 0 255
22.671173 3.280273 -37.500000 -0.707077 0.006537 -0.707107 255 128 0 255
35.392181 1.674316 -37.500000 0.000000 0.000000 -1.000000 255 128 0 255
35.407028 3.280273 -37.500000 0.000000 0.000000 -1.000000 255 128 0 255
48.128036 1.674316 -37.500000 0.000000 0.000000 -1.000000 255 128 0 255
48.142883 3.280273 -37.500000 0.000000 0.000000 -1.000000 255 128 0 255
60.863892 1.674316 -37.500000 0.000000 0.000000 -1.000000 255 128 0 255
60.798309 4.215820 -37.500000 0.000000 0.000000 -1.000000 255 128 0 255
48.077301 5.821777 -37.500000 0.000000 0.000000 -1.000000 255 128 0 255
73.453735 5.151367 -37.500000 0.706871 0.018240 -0.707107 255 128 0 255
60.732727 6.757324 -37.500000 0.000000 0.000000 -1.000000 255 128 0 255
73.388153 7.692871 -37.500000 0.706871 0.018240 -0.707107 255 128 0 255
48.011719 8.363281 -37.500000 0.000000 0.000000 -1.000000 255 128 0 255
60.667145 9.298828 -37.500000 0.000000 0.000000 -1.000000 255 128 0 255
73.322571 10.234375 -37.500000 0.708435 0.023744 -0.705377 255 128 0 255
22.694603 8.094238 -37.500000 -0.707101 -0.002765 -0.707107 255 128 0 255
22.688339 9.696289 -37.500000 -0.707101 -0.002765 -0.707107 255 128 0 255
35.350029 9.029785 -37.500000 0.000000 0.000000 -1.000000 255 128 0 255
35.343765 10.631836 -37.500000 0.000000 0.000000 -1.000000 255 128 0 255
48.005455 9.965332 -37.500000 0.000000 0.000000 -1.000000 255 128 0 255
47.999191 11.567383 -37.500000 0.000000 0.000000 -1.000000 255 128 0 255
60.660881 10.900879 -37.500000 0.000000 0.000000 -1.000000 255 128 0 255
73.270386 11.500000 -37.500000 0.706506 0.029131 -0.707107 255 128 0 255
60.608696 12.166504 -37.500000 0.000000 0.000000 -1.000000 255 128 0 255
47.947006 12.833008 -37.500000 0.000000 0.000000 -1.000000 255 128 0 255
73.218201 12.765625 -37.500000 0.706506 0.029131 -0.707107 255 128 0 255
60.556511 13.432129 -37.500000 0.000000 0.000000 -1.000000 255 128 0 255
73.166016 14.031250 -37.500000 0.706506 0.029131 -0.707107 255 128 0 255
47.894821 14.098633 -37.500000 0.000000 0.000000 -1.000000 255 128 0 255
60.504326 14.697754 -37.500000 0.000000 0.000000 -1.000000 255 128 0 255
73.113831 15.296875 -37.500000 0.708283 0.035802 -0.705021 255 128 0 255
73.038406 16.556641 -37.500000 0.705843 0.042260 -0.707106 255 128 0 255
60.428902 15.957520 -37.500000 0.000000 0.000000 -1.000000 255 128 0 255
47.819397 15.358398 -37.500000 0.000000 0.000000 -1.000000 255 128 0 255
72.962982 17.816406 -37.500000 0.705843 0.042260 -0.707106 255 128 0 255
60.353477 17.217285 -37.500000 0.000000 0.000000 -1.000000 255 128 0 255
72.887558 19.076172 -37.500000 0.705843 0.042260 -0.707106 255 128 0 255
47.743973 16.618164 -37.500000 0.000000 0.000000 -1.000000 255 128 0 255
60.278053 18.477051 -37.500000 0.000000 0.000000 -1.000000 255 128 0 255
72.812134 20.335938 -37.500000 0.708053 0.051321 -0.704292 255 128 0 255
22.627296 14.497559 -37.500000 -0.706781 -0.021469 -0.707107 255 128 0 255
22.578781 16.094727 -37.500000 -0.706781 -0.021469 -0.707107 255 128 0 255
35.161377 16.356445 -37.500000 0.000000 0.000000 -1.000000 255 128 0 255
35.112862 17.953613 -37.500000 0.000000 0.000000 -1.000000 255 128 0 255
47.695457 18.215332 -37.500000 0.000000 0.000000 -1.000000 255 128 0 255
47.646942 19.812500 -37.500000 0.000000 0.000000 -1.000000 255 128 0 255
60.229538 20.074219 -37.500000 0.000000 0.000000 -1.000000 255 128 0 255
47.433990 22.314453 -37.500000 0.000000 0.000000 -1.000000 255 128 0 255
47.540466 21.063477 -37.500000 0.000000 0.000000 -1.000000 255 128 0 255
60.016586 22.576172 -37.500000 0.000000 0.000000 -1.000000 255 128 0 255
60.123062 21.325195 -37.500000 0.000000 0.000000 -1.000000 255 128 0 255
72.599182 22.837891 -37.500000 0.704560 0.059968 -0.707106 255 128 0 255
72.705658 21.586914 -37.500000 0.704560 0.059968 -0.707106 255 128 0 255
72.240967 26.580566 -37.500000 0.702310 0.082226 -0.707107 255 128 0 255
59.764847 25.067871 -37.500000 0.000000 0.000000 -1.000000 255 128 0 255
47.288727 23.555176 -37.500000 0.000000 0.000000 -1.000000 255 128 0 255
72.095703 27.821289 -37.500000 0.702310 0.082226 -0.707107 255 128 0 255
59.619583 26.308594 -37.500000 0.000000 0.000000 -1.000000 255 128 0 255
71.950439 29.062012 -37.500000 0.702310 0.082226 -0.707107 255 128 0 255
47.143463 24.795898 -37.500000 0.000000 0.000000 -1.000000 255 128 0 255
59.474319 27.549316 -37.500000 0.000000 0.000000 -1.000000 255 128 0 255
71.805176 30.302734 -37.500000 0.704823 0.096219 -0.702827 255 128 0 255
71.613388 31.531738 -37.500000 0.698651 0.109025 -0.707107 255 128 0 255
59.282532 28.778320 -37.500000 0.000000 0.000000 -1.000000 255 128 0 255
46.951675 26.024902 -37.500000 0.000000 0.000000 -1.000000 255 128 0 255
71.421600 32.760742 -37.500000 0.698651 0.109025 -0.707107 255 128 0 255
59.090744 30.007324 -37.500000 0.000000 0.000000 -1.000000 255 128 0 255
71.229813 33.989746 -37.500000 0.698651 0.109025 -0.707107 255 128 0 255
46.759888 27.253906 -37.500000 0.000000 0.000000 -1.000000 255 128 0 255
58.898956 31.236328 -37.500000 0.000000 0.000000 -1.000000 255 128 0 255
71.038025 35.218750 -37.500000 0.700946 0.125674 -0.702055 255 128 0 255
22.369858 20.877441 -37.500000 -0.705359 -0.049689 -0.707107 255 128 0 255
22.257965 22.465820 -37.500000 -0.705359 -0.049689 -0.707107 255 128 0 255
34.508926 24.859863 -37.500000 0.000000 0.000000 -1.000000 255 128 0 255
34.397034 26.448242 -37.500000 0.000000 0.000000 -1.000000 255 128 0 255
46.647995 28.842285 -37.500000 0.000000 0.000000 -1.000000 255 128 0 255
46.536102 30.430664 -37.500000 0.000000 0.000000 -1.000000 255 128 0 255
58.787064 32.824707 -37.500000 0.000000 0.000000 -1.000000 255 128 0 255
70.791946 36.432617 -37.500000 0.693010 0.140489 -0.707107 255 128 0 255
58.540985 34.038574 -37.500000 0.000000 0.000000 -1.000000 255 128 0 255
46.290024 31.644531 -37.500000 0.000000 0.000000 -1.000000 255 128 0 255
70.545868 37.646484 -37.500000 0.693010 0.140489 -0.707107 255 128 0 255
58.294907 35.252441 -37.500000 0.000000 0.000000 -1.000000 255 128 0 255
70.299789 38.860352 -37.500000 0.693010 0.140489 -0.707107 255 128 0 255
46.043945 32.858398 -37.500000 0.000000 0.000000 -1.000000 255 128 0 255
58.048828 36.466309 -37.500000 0.000000 0.000000 -1.000000 255 128 0 255
70.053711 40.074219 -37.500000 0.694732 0.159710 -0.701313 255 128 0 255
69.745560 41.271484 -37.500000 0.684789 0.176250 -0.707106 255 128 0 255
57.740677 37.663574 -37.500000 0.000000 0.000000 -1.000000 255 128 0 255
45.735794 34.055664 -37.500000 0.000000 0.000000 -1.000000 255 128 0 255
69.437408 42.468750 -37.500000 0.684789 0.176250 -0.707106 255 128 0 255
57.432526 38.860840 -37.500000 0.000000 0.000000 -1.000000 255 128 0 255
69.129257 43.666016 -37.500000 0.684789 0.176250 -0.707106 255 128 0 255
45.427643 35.252930 -37.500000 0.000000 0.000000 -1.000000 255 128 0 255
57.124374 40.058105 -37.500000 0.000000 0.000000 -1.000000 255 128 0 255
68.821106 44.863281 -37.500000 0.685536 0.196918 -0.700902 255 128 0 255
21.947861 26.432129 -37.500000 -0.702919 -0.076848 -0.707107 255 128 0 255
21.861542 27.221680 -37.500000 -0.702919 -0.076848 -0.707107 255 128 0 255
33.644592 31.237305 -37.500000 0.000000 0.000000 -1.000000 255 128 0 255
33.558273 32.026855 -37.500000 0.000000 0.000000 -1.000000 255 128 0 255
45.341324 36.042480 -37.500000 0.000000 0.000000 -1.000000 255 128 0 255
45.255005 36.832031 -37.500000 0.000000 0.000000 -1.000000 255 128 0 255
57.038055 40.847656 -37.500000 0.000000 0.000000 -1.000000 255 128 0 255
68.446442 46.042969 -37.500000 0.673934 0.214039 -0.707107 255 128 0 255
56.663391 42.027344 -37.500000 0.000000 0.000000 -1.000000 255 128 0 255
44.880341 38.011719 -37.500000 0.000000 0.000000 -1.000000 255 128 0 255
68.071777 47.222656 -37.500000 0.673934 0.214039 -0.707107 255 128 0 255
56.288727 43.207031 -37.500000 0.000000 0.000000 -1.000000 255 128 0 255
67.697113 48.402344 -37.500000 0.673934 0.214039 -0.707107 255 128 0 255
44.505676 39.191406 -37.500000 0.000000 0.000000 -1.000000 255 128 0 255
55.914062 44.386719 -37.500000 0.000000 0.000000 -1.000000 255 128 0 255
67.322449 49.582031 -37.500000 0.673622 0.232258 -0.701633 255 128 0 255
66.888535 50.747070 -37.500000 0.662639 0.246797 -0.707107 255 128 0 255
55.480148 45.551758 -37.500000 0.000000 0.000000 -1.000000 255 128 0 255
44.071762 40.356445 -37.500000 0.000000 0.000000 -1.000000 255 128 0 255
66.454620 51.912109 -37.500000 0.662639 0.246797 -0.707107 255 128 0 255
55.046234 46.716797 -37.500000 0.000000 0.000000 -1.000000 255 128 0 255
66.020706 53.077148 -37.500000 0.662639 0.246797 -0.707107 255 128 0 255
43.637848 41.521484 -37.500000 0.000000 0.000000 -1.000000 255 128 0 255
54.612320 47.881836 -37.500000 0.000000 0.000000 -1.000000 255 128 0 255
65.586792 54.242188 -37.500000 0.661675 0.262029 -0.702515 255 128 0 255
21.578835 29.588379 -37.500000 -0.700301 -0.097869 -0.707107 255 128 0 255
21.468765 30.375977 -37.500000 -0.700301 -0.097869 -0.707107 255 128 0 255
32.553307 35.948730 -37.500000 0.000000 0.000000 -1.000000 255 128 0 255
32.443237 36.736328 -37.500000 0.000000 0.000000 -1.000000 255 128 0 255
43.527779 42.309082 -37.500000 0.000000 0.000000 -1.000000 255 128 0 255
43.417709 43.096680 -37.500000 0.000000 0.000000 -1.000000 255 128 0 255
54.502251 48.669434 -37.500000 0.000000 0.000000 -1.000000 255 128 0 255
65.103470 55.393066 -37.500000 0.651949 0.273792 -0.707107 255 128 0 255
54.018929 49.820312 -37.500000 0.000000 0.000000 -1.000000 255 128 0 255
42.934387 44.247559 -37.500000 0.000000 0.000000 -1.000000 255 128 0 255
64.620148 56.543945 -37.500000 0.651949 0.273792 -0.707107 255 128 0 255
53.535606 50.971191 -37.500000 0.000000 0.000000 -1.000000 255 128 0 255
64.136826 57.694824 -37.500000 0.651949 0.273792 -0.707107 255 128 0 255
42.451065 45.398438 -37.500000 0.000000 0.000000 -1.000000 255 128 0 255
53.052284 52.122070 -37.500000 0.000000 0.000000 -1.000000 255 128 0 255
63.653503 58.845703 -37.500000 0.650748 0.285634 -0.703519 255 128 0 255
21.113243 32.734863 -37.500000 -0.696786 -0.120371 -0.707107 255 128 0 255
20.977859 33.518555 -37.500000 -0.696786 -0.120371 -0.707107 255 128 0 255
31.714462 39.458496 -37.500000 0.000000 0.000000 -1.000000 255 128 0 255
31.579079 40.242188 -37.500000 0.000000 0.000000 -1.000000 255 128 0 255
42.315681 46.182129 -37.500000 0.000000 0.000000 -1.000000 255 128 0 255
42.180298 46.965820 -37.500000 0.000000 0.000000 -1.000000 255 128 0 255
52.916901 52.905762 -37.500000 0.000000 0.000000 -1.000000 255 128 0 255
63.130676 59.986816 -37.500000 0.642845 0.294534 -0.707107 255 128 0 255
52.394073 54.046875 -37.500000 0.000000 0.000000 -1.000000 255 128 0 255
41.657471 48.106934 -37.500000 0.000000 0.000000 -1.000000 255 128 0 255
62.607849 61.127930 -37.500000 0.642845 0.294534 -0.707107 255 128 0 255
51.871246 55.187988 -37.500000 0.000000 0.000000 -1.000000 255 128 0 255
62.085022 62.269043 -37.500000 0.642845 0.294534 -0.707107 255 128 0 255
41.134644 49.248047 -37.500000 0.000000 0.000000 -1.000000 255 128 0 255
51.348419 56.329102 -37.500000 0.000000 0.000000 -1.000000 255 128 0 255
61.562195 63.410156 -37.500000 0.641684 0.303418 -0.704399 255 128 0 255
20.549561 35.866211 -37.500000 -0.693122 -0.139936 -0.707107 255 128 0 255
20.392029 36.646484 -37.500000 -0.693122 -0.139936 -0.707107 255 128 0 255
30.763336 42.947266 -37.500000 0.000000 0.000000 -1.000000 255 128 0 255
30.605804 43.727539 -37.500000 0.000000 0.000000 -1.000000 255 128 0 255
40.977112 50.028320 -37.500000 0.000000 0.000000 -1.000000 255 128 0 255
40.819580 50.808594 -37.500000 0.000000 0.000000 -1.000000 255 128 0 255
51.190887 57.109375 -37.500000 0.000000 0.000000 -1.000000 255 128 0 255
19.713219 39.761719 -37.500000 -0.688513 -0.161090 -0.707107 255 128 0 255
19.349472 41.316406 -37.500000 -0.688513 -0.161090 -0.707107 255 128 0 255
30.084526 46.062500 -37.500000 0.000000 0.000000 -1.000000 255 128 0 255
29.720779 47.617188 -37.500000 0.000000 0.000000 -1.000000 255 128 0 255
40.455833 52.363281 -37.500000 0.000000 0.000000 -1.000000 255 128 0 255
40.092087 53.917969 -37.500000 0.000000 0.000000 -1.000000 255 128 0 255
50.827141 58.664062 -37.500000 0.000000 0.000000 -1.000000 255 128 0 255
18.222809 45.975586 -37.500000 -0.684759 -0.176367 -0.707107 255 128 0 255
17.823639 47.525391 -37.500000 -0.684759 -0.176367 -0.707107 255 128 0 255
28.957863 50.721680 -37.500000 0.000000 0.000000 -1.000000 255 128 0 255
28.558693 52.271484 -37.500000 0.000000 0.000000 -1.000000 255 128 0 255
39.692917 55.467773 -37.500000 0.000000 0.000000 -1.000000 255 128 0 255
39.293747 57.017578 -37.500000 0.000000 0.000000 -1.000000 255 128 0 255
50.427971 60.213867 -37.500000 0.000000 0.000000 -1.000000 255 128 0 255
16.656143 51.246094 -37.500000 -0.607845 -0.361281 -0.707107 255 128 0 255
16.286987 51.867188 -37.500000 -0.607845 -0.361281 -0.707107 255 128 0 255
27.790367 54.442383 -37.500000 0.000000 0.000000 -1.000000 255 128 0 255
27.421211 55.063477 -37.500000 0.000000 0.000000 -1.000000 255 128 0 255
38.924591 57.638672 -37.500000 0.000000 0.000000 -1.000000 255 128 0 255
38.555435 58.259766 -37.500000 0.000000 0.000000 -1.000000 255 128 0 255
50.058815 60.834961 -37.500000 0.000000 0.000000 -1.000000 255 128 0 255
15.158730 53.698730 -37.500000 -0.589710 -0.390181 -0.707107 255 128 0 255
14.768784 54.288086 -37.500000 -0.589710 -0.390181 -0.707107 255 128 0 255
26.662109 56.273926 -37.500000 0.000000 0.000000 -1.000000 255 128 0 255
26.272163 56.863281 -37.500000 0.000000 0.000000 -1.000000 255 128 0 255
38.165489 58.849121 -37.500000 0.000000 0.000000 -1.000000 255 128 0 255
37.775543 59.438477 -37.500000 0.000000 0.000000 -1.000000 255 128 0 255
49.668869 61.424316 -37.500000 0.000000 0.000000 -1.000000 255 128 0 255
13.779633 55.740234 -37.500000 -0.561537 -0.429739 -0.707107 255 128 0 255
13.570374 56.013672 -37.500000 -0.561537 -0.429739 -0.707107 255 128 0 255
25.672958 57.726074 -37.500000 0.000000 0.000000 -1.000000 255 128 0 255
25.463699 57.999512 -37.500000 0.000000 0.000000 -1.000000 255 128 0 255
37.566284 59.711914 -37.500000 0.000000 0.000000 -1.000000 255 128 0 255
37.357025 59.985352 -37.500000 0.000000 0.000000 -1.000000 255 128 0 255
49.459610 61.697754 -37.500000 0.000000 0.000000 -1.000000 255 128 0 255
12.929611 56.814941 -37.500000 -0.532516 -0.465217 -0.707107 255 128 0 255
12.707367 57.069336 -37.500000 -0.532516 -0.465217 -0.707107 255 128 0 255
25.032196 58.527344 -37.500000 0.000000 0.000000 -1.000000 255 128 0 255
24.809952 58.781738 -37.500000 0.000000 0.000000 -1.000000 255 128 0 255
37.134781 60.239746 -37.500000 0.000000 0.000000 -1.000000 255 128 0 255
36.912537 60.494141 -37.500000 0.000000 0.000000 -1.000000 255 128 0 255
49.237366 61.952148 -37.500000 0.000000 0.000000 -1.000000 255 128 0 255
12.025040 57.809570 -37.500000 -0.493143 -0.506765 -0.707106 255 128 0 255
11.787201 58.041016 -37.500000 -0.493143 -0.506765 -0.707106 255 128 0 255
24.349869 59.267578 -37.500000 0.000000 0.000000 -1.000000 255 128 0 255
24.112030 59.499023 -37.500000 0.000000 0.000000 -1.000000 255 128 0 255
36.674698 60.725586 -37.500000 0.000000 0.000000 -1.000000 255 128 0 255
36.436859 60.957031 -37.500000 0.000000 0.000000 -1.000000 255 128 0 255
48.999527 62.183594 -37.500000 0.000000 0.000000 -1.000000 255 128 0 255
11.055511 58.708984 -37.500000 -0.442079 -0.551875 -0.707107 255 128 0 255
10.799500 58.914062 -37.500000 -0.442079 -0.551875 -0.707107 255 128 0 255
23.618179 59.935547 -37.500000 0.000000 0.000000 -1.000000 255 128 0 255
23.362167 60.140625 -37.500000 0.000000 0.000000 -1.000000 255 128 0 255
36.180847 61.162109 -37.500000 0.000000 0.000000 -1.000000 255 128 0 255
35.924835 61.367188 -37.500000 0.000000 0.000000 -1.000000 255 128 0 255
48.743515 62.388672 -37.500000 0.000000 0.000000 -1.000000 255 128 0 255
10.010941 59.498047 -37.500000 -0.376312 -0.598657 -0.707106 255 128 0 255
9.734406 59.671875 -37.500000 -0.376312 -0.598657 -0.707106 255 128 0 255
22.829620 60.519531 -37.500000 0.000000 0.000000 -1.000000 255 128 0 255
22.553085 60.693359 -37.500000 0.000000 0.000000 -1.000000 255 128 0 255
35.648300 61.541016 -37.500000 0.000000 0.000000 -1.000000 255 128 0 255
35.371765 61.714844 -37.500000 0.000000 0.000000 -1.000000 255 128 0 255
48.466980 62.562500 -37.500000 0.000000 0.000000 -1.000000 255 128 0 255
8.885056 60.164062 -37.500000 -0.310020 -0.635521 -0.707107 255 128 0 255
8.588776 60.308594 -37.500000 -0.310020 -0.635521 -0.707107 255 128 0 255
21.980270 61.011719 -37.500000 0.000000 0.000000 -1.000000 255 128 0 255
21.683990 61.156250 -37.500000 0.000000 0.000000 -1.000000 255 128 0 255
35.075485 61.859375 -37.500000 0.000000 0.000000 -1.000000 255 128 0 255
34.779205 62.003906 -37.500000 0.000000 0.000000 -1.000000 255 128 0 255
48.170700 62.707031 -37.500000 0.000000 0.000000 -1.000000 255 128 0 255
7.682991 60.717773 -37.500000 -0.253187 -0.660225 -0.707107 255 128 0 255
7.369766 60.837891 -37.500000 -0.253187 -0.660225 -0.707107 255 128 0 255
21.074486 61.420898 -37.500000 0.000000 0.000000 -1.000000 255 128 0 255
20.761261 61.541016 -37.500000 0.000000 0.000000 -1.000000 255 128 0 255
34.465981 62.124023 -37.500000 0.000000 0.000000 -1.000000 255 128 0 255
34.152756 62.244141 -37.500000 0.000000 0.000000 -1.000000 255 128 0 255
47.857475 62.827148 -37.500000 0.000000 0.000000 -1.000000 255 128 0 255
6.415962 61.176758 -37.500000 -0.203995 -0.677043 -0.707106 255 128 0 255
6.088608 61.275391 -37.500000 -0.203995 -0.677043 -0.707106 255 128 0 255
20.120682 61.759766 -37.500000 0.000000 0.000000 -1.000000 255 128 0 255
19.793327 61.858398 -37.500000 0.000000 0.000000 -1.000000 255 128 0 255
33.825401 62.342773 -37.500000 0.000000 0.000000 -1.000000 255 128 0 255
33.498047 62.441406 -37.500000 0.000000 0.000000 -1.000000 255 128 0 255
47.530121 62.925781 -37.500000 0.000000 0.000000 -1.000000 255 128 0 255
4.748100 61.624512 -37.500000 -0.152871 -0.690386 -0.707105 255 128 0 255
4.062302 61.776367 -37.500000 -0.152871 -0.690386 -0.707105 255 128 0 255
18.780174 62.108887 -37.500000 0.000000 0.000000 -1.000000 255 128 0 255
18.094376 62.260742 -37.500000 0.000000 0.000000 -1.000000 255 128 0 255
32.812248 62.593262 -37.500000 0.000000 0.000000 -1.000000 255 128 0 255
32.126450 62.745117 -37.500000 0.000000 0.000000 -1.000000 255 128 0 255
46.844322 63.077637 -37.500000 0.000000 0.000000 -1.000000 255 128 0 255
1.982307 62.198730 -37.500000 -0.116809 -0.697392 -0.707107 255 128 0 255
1.273911 62.317383 -37.500000 -0.116809 -0.697392 -0.707107 255 128 0 255
16.700180 62.531250 -37.500000 0.000000 0.000000 -1.000000 255 128 0 255
15.991783 62.649902 -37.500000 0.000000 0.000000 -1.000000 255 128 0 255
31.418053 62.863770 -37.500000 0.000000 0.000000 -1.000000 255 128 0 255
30.709656 62.982422 -37.500000 0.000000 0.000000 -1.000000 255 128 0 255
46.135925 63.196289 -37.500000 0.000000 0.000000 -1.000000 255 128 0 255
14.730927 63.901367 -37.500000 0.000000 0.000000 -1.000000 255 128 0 255
29.604736 65.248047 -37.500000 0.000000 0.000000 -1.000000 255 128 0 255
30.157196 64.115234 -37.500000 0.000000 0.000000 -1.000000 255 128 0 255
45.031006 65.461914 -37.500000 0.000000 0.000000 -1.000000 255 128 0 255
45.583466 64.329102 -37.500000 0.000000 0.000000 -1.000000 255 128 0 255
60.457275 65.675781 -37.500000 0.635554 0.309953 -0.707107 255 128 0 255
61.009735 64.542969 -37.500000 0.635554 0.309953 -0.707107 255 128 0 255
-4.978065 61.606934 -37.500000 0.156490 -0.689573 -0.707107 255 128 0 255
-5.898018 71.333496 -37.500000 0.000000 0.000000 -1.000000 255 128 0 255
-6.817970 81.060059 -37.500000 0.000000 0.000000 -1.000000 255 128 0 255
-4.300308 61.760742 -37.500000 0.156490 -0.689573 -0.707107 255 128 0 255
-5.220261 71.487305 -37.500000 0.000000 0.000000 -1.000000 255 128 0 255
-3.622551 61.914551 -37.500000 0.156490 -0.689573 -0.707107 255 128 0 255
-6.140213 81.213867 -37.500000 0.000000 0.000000 -1.000000 255 128 0 255
-4.542503 71.641113 -37.500000 0.000000 0.000000 -1.000000 255 128 0 255
-2.944794 62.068359 -37.500000 0.137602 -0.687607 -0.712925 255 128 0 255
-2.244316 62.189941 -37.500000 0.120925 -0.696690 -0.707107 255 128 0 255
-3.842026 71.762695 -37.500000 0.000000 0.000000 -1.000000 255 128 0 255
-5.439735 81.335449 -37.500000 0.000000 0.000000 -1.000000 255 128 0 255
-1.543839 62.311523 -37.500000 0.120925 -0.696690 -0.707107 255 128 0 255
-3.141548 71.884277 -37.500000 0.000000 0.000000 -1.000000 255 128 0 255
-0.843361 62.433105 -37.500000 0.120925 -0.696690 -0.707107 255 128 0 255
-4.739258 81.457031 -37.500000 0.000000 0.000000 -1.000000 255 128 0 255
-2.441071 72.005859 -37.500000 0.000000 0.000000 -1.000000 255 128 0 255
-7.037445 101.031250 -37.500000 -0.198417 0.678698 -0.707107 255 128 0 255
-4.739258 101.703125 -37.500000 -0.198417 0.678698 -0.707107 255 128 0 255
-4.739258 91.580078 -37.500000 0.000000 0.000000 -1.000000 255 128 0 255
-2.441071 92.251953 -37.500000 0.000000 0.000000 -1.000000 255 128 0 255
-2.441071 82.128906 -37.500000 0.000000 0.000000 -1.000000 255 128 0 255
-0.142883 82.800781 -37.500000 0.000000 0.000000 -1.000000 255 128 0 255
-0.142883 72.677734 -37.500000 0.000000 0.000000 -1.000000 255 128 0 255
1.879463 102.863770 -37.500000 0.063761 0.704226 -0.707107 255 128 0 255
3.901810 102.680664 -37.500000 0.063761 0.704226 -0.707107 255 128 0 255
1.879463 92.740723 -37.500000 0.000000 0.000000 -1.000000 255 128 0 255
3.901810 92.557617 -37.500000 0.000000 0.000000 -1.000000 255 128 0 255
1.879463 82.617676 -37.500000 0.000000 0.000000 -1.000000 255 128 0 255
3.901810 82.434570 -37.500000 0.000000 0.000000 -1.000000 255 128 0 255
1.879463 72.494629 -37.500000 0.000000 0.000000 -1.000000 255 128 0 255
8.945679 102.198730 -37.500000 0.081352 0.702411 -0.707107 255 128 0 255
9.944855 102.083008 -37.500000 0.081352 0.702411 -0.707107 255 128 0 255
6.923332 92.258789 -37.500000 0.000000 0.000000 -1.000000 255 128 0 255
7.922508 92.143066 -37.500000 0.000000 0.000000 -1.000000 255 128 0 255
4.900986 82.318848 -37.500000 0.000000 0.000000 -1.000000 255 128 0 255
5.900162 82.203125 -37.500000 0.000000 0.000000 -1.000000 255 128 0 255
2.878639 72.378906 -37.500000 0.000000 0.000000 -1.000000 255 128 0 255
12.927986 101.705566 -37.500000 0.103697 0.699462 -0.707107 255 128 0 255
13.912766 101.559570 -37.500000 0.103697 0.699462 -0.707107 255 128 0 255
9.906464 91.881348 -37.500000 0.000000 0.000000 -1.000000 255 128 0 255
10.891243 91.735352 -37.500000 0.000000 0.000000 -1.000000 255 128 0 255
6.884941 82.057129 -37.500000 0.000000 0.000000 -1.000000 255 128 0 255
7.869720 81.911133 -37.500000 0.000000 0.000000 -1.000000 255 128 0 255
3.863419 72.232910 -37.500000 0.000000 0.000000 -1.000000 255 128 0 255
16.847923 101.082520 -37.500000 0.133096 0.694468 -0.707107 255 128 0 255
17.813522 100.897461 -37.500000 0.133096 0.694468 -0.707107 255 128 0 255
12.841621 91.404297 -37.500000 0.000000 0.000000 -1.000000 255 128 0 255
13.807220 91.219238 -37.500000 0.000000 0.000000 -1.000000 255 128 0 255
8.835320 81.726074 -37.500000 0.000000 0.000000 -1.000000 255 128 0 255
9.800919 81.541016 -37.500000 0.000000 0.000000 -1.000000 255 128 0 255
4.829018 72.047852 -37.500000 0.000000 0.000000 -1.000000 255 128 0 255
20.686310 100.292480 -37.500000 0.171132 0.686086 -0.707107 255 128 0 255
21.627899 100.057617 -37.500000 0.171132 0.686086 -0.707107 255 128 0 255
15.714409 90.799316 -37.500000 0.000000 0.000000 -1.000000 255 128 0 255
16.655998 90.564453 -37.500000 0.000000 0.000000 -1.000000 255 128 0 255
10.742508 81.306152 -37.500000 0.000000 0.000000 -1.000000 255 128 0 255
11.684097 81.071289 -37.500000 0.000000 0.000000 -1.000000 255 128 0 255
5.770607 71.812988 -37.500000 0.000000 0.000000 -1.000000 255 128 0 255
24.423889 99.294434 -37.500000 0.216417 0.673174 -0.707107 255 128 0 255
25.336700 99.000977 -37.500000 0.216417 0.673174 -0.707107 255 128 0 255
18.510399 90.036133 -37.500000 0.000000 0.000000 -1.000000 255 128 0 255
19.423210 89.742676 -37.500000 0.000000 0.000000 -1.000000 255 128 0 255
12.596909 80.777832 -37.500000 0.000000 0.000000 -1.000000 255 128 0 255
13.509720 80.484375 -37.500000 0.000000 0.000000 -1.000000 255 128 0 255
6.683418 71.519531 -37.500000 0.000000 0.000000 -1.000000 255 128 0 255
28.041534 98.050781 -37.500000 0.270027 0.653518 -0.707107 255 128 0 255
28.920746 97.687500 -37.500000 0.270027 0.653518 -0.707107 255 128 0 255
21.215233 89.085938 -37.500000 0.000000 0.000000 -1.000000 255 128 0 255
22.094444 88.722656 -37.500000 0.000000 0.000000 -1.000000 255 128 0 255
14.388931 80.121094 -37.500000 0.000000 0.000000 -1.000000 255 128 0 255
15.268143 79.757812 -37.500000 0.000000 0.000000 -1.000000 255 128 0 255
7.562630 71.156250 -37.500000 0.000000 0.000000 -1.000000 255 128 0 255
31.104698 96.750977 -37.500000 0.312881 0.634118 -0.707107 255 128 0 255
31.530228 96.541016 -37.500000 0.312881 0.634118 -0.707107 255 128 0 255
23.399185 88.149414 -37.500000 0.000000 0.000000 -1.000000 255 128 0 255
23.824715 87.939453 -37.500000 0.000000 0.000000 -1.000000 255 128 0 255
15.693672 79.547852 -37.500000 0.000000 0.000000 -1.000000 255 128 0 255
16.119202 79.337891 -37.500000 0.000000 0.000000 -1.000000 255 128 0 255
7.988159 70.946289 -37.500000 0.000000 0.000000 -1.000000 255 128 0 255
32.797234 95.890625 -37.500000 0.342705 0.618509 -0.707107 255 128 0 255
33.213181 95.660156 -37.500000 0.342705 0.618509 -0.707107 255 128 0 255
24.666191 87.499023 -37.500000 0.000000 0.000000 -1.000000 255 128 0 255
25.082138 87.268555 -37.500000 0.000000 0.000000 -1.000000 255 128 0 255
16.535149 79.107422 -37.500000 0.000000 0.000000 -1.000000 255 128 0 255
16.951096 78.876953 -37.500000 0.000000 0.000000 -1.000000 255 128 0 255
8.404106 70.715820 -37.500000 0.000000 0.000000 -1.000000 255 128 0 255
34.850677 94.685059 -37.500000 0.380420 0.596054 -0.707107 255 128 0 255
35.656281 94.170898 -37.500000 0.380420 0.596054 -0.707107 255 128 0 255
26.303688 86.523926 -37.500000 0.000000 0.000000 -1.000000 255 128 0 255
27.109291 86.009766 -37.500000 0.000000 0.000000 -1.000000 255 128 0 255
17.756699 78.362793 -37.500000 0.000000 0.000000 -1.000000 255 128 0 255
18.562302 77.848633 -37.500000 0.000000 0.000000 -1.000000 255 128 0 255
9.209709 70.201660 -37.500000 0.000000 0.000000 -1.000000 255 128 0 255
38.042320 92.564453 -37.500000 0.422858 0.566737 -0.707107 255 128 0 255
38.817154 91.986328 -37.500000 0.422858 0.566737 -0.707107 255 128 0 255
28.689728 84.917480 -37.500000 0.000000 0.000000 -1.000000 255 128 0 255
29.464561 84.339355 -37.500000 0.000000 0.000000 -1.000000 255 128 0 255
19.337135 77.270508 -37.500000 0.000000 0.000000 -1.000000 255 128 0 255
20.111969 76.692383 -37.500000 0.000000 0.000000 -1.000000 255 128 0 255
9.984543 69.623535 -37.500000 0.000000 0.000000 -1.000000 255 128 0 255
41.116013 90.199707 -37.500000 0.455250 0.541061 -0.707107 255 128 0 255
41.865204 89.569336 -37.500000 0.455250 0.541061 -0.707107 255 128 0 255
30.988586 83.130859 -37.500000 0.000000 0.000000 -1.000000 255 128 0 255
31.737778 82.500488 -37.500000 0.000000 0.000000 -1.000000 255 128 0 255
20.861160 76.062012 -37.500000 0.000000 0.000000 -1.000000 255 128 0 255
21.610352 75.431641 -37.500000 0.000000 0.000000 -1.000000 255 128 0 255
10.733734 68.993164 -37.500000 0.000000 0.000000 -1.000000 255 128 0 255
44.092255 87.635742 -37.500000 0.479707 0.519501 -0.707107 255 128 0 255
44.820923 86.962891 -37.500000 0.479707 0.519501 -0.707107 255 128 0 255
33.215637 81.197266 -37.500000 0.000000 0.000000 -1.000000 255 128 0 255
33.944305 80.524414 -37.500000 0.000000 0.000000 -1.000000 255 128 0 255
22.339020 74.758789 -37.500000 0.000000 0.000000 -1.000000 255 128 0 255
23.067688 74.085938 -37.500000 0.000000 0.000000 -1.000000 255 128 0 255
11.462402 68.320312 -37.500000 0.000000 0.000000 -1.000000 255 128 0 255
46.991547 84.913086 -37.500000 0.496749 0.503230 -0.707106 255 128 0 255
47.704834 84.208984 -37.500000 0.496749 0.503230 -0.707106 255 128 0 255
35.386261 79.147461 -37.500000 0.000000 0.000000 -1.000000 255 128 0 255
36.099548 78.443359 -37.500000 0.000000 0.000000 -1.000000 255 128 0 255
23.780975 73.381836 -37.500000 0.000000 0.000000 -1.000000 255 128 0 255
24.494263 72.677734 -37.500000 0.000000 0.000000 -1.000000 255 128 0 255
12.175690 67.616211 -37.500000 0.000000 0.000000 -1.000000 255 128 0 255
27.049500 68.962891 -37.500000 0.000000 0.000000 -1.000000 255 128 0 255
39.368073 74.024414 -37.500000 0.000000 0.000000 -1.000000 255 128 0 255
41.923309 70.309570 -37.500000 0.000000 0.000000 -1.000000 255 128 0 255
54.241882 75.371094 -37.500000 0.000000 0.000000 -1.000000 255 128 0 255
56.797119 71.656250 -37.500000 0.000000 0.000000 -1.000000 255 128 0 255
50.532318 81.338867 -37.500000 0.510539 0.489234 -0.707107 255 128 0 255
51.933228 79.876953 -37.500000 0.510539 0.489234 -0.707107 255 128 0 255
53.087555 77.624023 -37.500000 0.000000 0.000000 -1.000000 255 128 0 255
54.488464 76.162109 -37.500000 0.000000 0.000000 -1.000000 255 128 0 255
55.642792 73.909180 -37.500000 0.000000 0.000000 -1.000000 255 128 0 255
57.043701 72.447266 -37.500000 0.629312 0.322439 -0.707107 255 128 0 255
58.198029 70.194336 -37.500000 0.629312 0.322439 -0.707107 255 128 0 255
-7.037445 90.908203 37.500000 0.000000 0.000000 1.000000 255 128 0 255
-6.140213 81.213867 37.500000 0.000000 0.000000 1.000000 255 128 0 255
-5.439735 81.335449 37.500000 0.000000 0.000000 1.000000 255 128 0 255
-3.842026 71.762695 37.500000 0.000000 0.000000 1.000000 255 128 0 255
-4.739258 81.457031 37.500000 0.000000 0.000000 1.000000 255 128 0 255
-3.141548 71.884277 37.500000 0.000000 0.000000 1.000000 255 128 0 255
-1.543839 62.311523 37.500000 0.120925 -0.696690 0.707107 255 128 0 255
-0.843361 62.433105 37.500000 0.120925 -0.696690 0.707107 255 128 0 255
-13.276825 79.056641 37.500000 0.000000 0.000000 1.000000 255 128 0 255
-12.967766 79.177246 37.500000 0.000000 0.000000 1.000000 255 128 0 255
-10.421883 69.934082 37.500000 0.000000 0.000000 1.000000 255 128 0 255
-12.658707 79.297852 37.500000 0.000000 0.000000 1.000000 255 128 0 255
-10.112823 70.054688 37.500000 0.000000 0.000000 1.000000 255 128 0 255
-9.803764 70.175293 37.500000 0.000000 0.000000 1.000000 255 128 0 255
-7.566940 60.811523 37.500000 0.257058 -0.658727 0.707107 255 128 0 255
-7.257881 60.932129 37.500000 0.257058 -0.658727 0.707107 255 128 0 255
73.491058 -2.402832 37.500000 0.706598 -0.026832 0.707107 255 128 0 255
48.144699 -3.157227 37.500000 0.000000 0.000000 1.000000 255 128 0 255
60.770958 -4.015625 37.500000 0.000000 0.000000 1.000000 255 128 0 255
48.050858 -5.628418 37.500000 0.000000 0.000000 1.000000 255 128 0 255
73.397217 -4.874023 37.500000 0.706598 -0.026832 0.707107 255 128 0 255
60.677116 -6.486816 37.500000 0.000000 0.000000 1.000000 255 128 0 255
47.957016 -8.099609 37.500000 0.000000 0.000000 1.000000 255 128 0 255
60.583275 -8.958008 37.500000 0.000000 0.000000 1.000000 255 128 0 255
22.693222 -9.603516 37.500000 -0.707102 0.002476 0.707107 255 128 0 255
35.325119 -8.851562 37.500000 0.000000 0.000000 1.000000 255 128 0 255
35.319481 -10.461914 37.500000 0.000000 0.000000 1.000000 255 128 0 255
47.951378 -9.709961 37.500000 0.000000 0.000000 1.000000 255 128 0 255
47.945740 -11.320312 37.500000 0.000000 0.000000 1.000000 255 128 0 255
60.577637 -10.568359 37.500000 0.000000 0.000000 1.000000 255 128 0 255
73.085052 -12.263184 37.500000 0.706193 -0.035928 0.707107 255 128 0 255
60.453156 -13.015137 37.500000 0.000000 0.000000 1.000000 255 128 0 255
47.821259 -13.767090 37.500000 0.000000 0.000000 1.000000 255 128 0 255
72.960571 -14.709961 37.500000 0.706193 -0.035928 0.707107 255 128 0 255
60.328674 -15.461914 37.500000 0.000000 0.000000 1.000000 255 128 0 255
47.696777 -16.213867 37.500000 0.000000 0.000000 1.000000 255 128 0 255
60.204193 -17.908691 37.500000 0.000000 0.000000 1.000000 255 128 0 255
22.585144 -16.032227 37.500000 -0.706785 0.021327 0.707107 255 128 0 255
35.140961 -16.123047 37.500000 0.000000 0.000000 1.000000 255 128 0 255
35.092560 -17.727051 37.500000 0.000000 0.000000 1.000000 255 128 0 255
47.648376 -17.817871 37.500000 0.000000 0.000000 1.000000 255 128 0 255
47.599976 -19.421875 37.500000 0.000000 0.000000 1.000000 255 128 0 255
60.155792 -19.512695 37.500000 0.000000 0.000000 1.000000 255 128 0 255
72.628326 -20.809570 37.500000 0.705427 -0.048712 0.707107 255 128 0 255
60.072510 -20.718750 37.500000 0.000000 0.000000 1.000000 255 128 0 255
47.516693 -20.627930 37.500000 0.000000 0.000000 1.000000 255 128 0 255
72.545044 -22.015625 37.500000 0.705427 -0.048712 0.707107 255 128 0 255
59.989227 -21.924805 37.500000 0.000000 0.000000 1.000000 255 128 0 255
47.433411 -21.833984 37.500000 0.000000 0.000000 1.000000 255 128 0 255
59.905945 -23.130859 37.500000 0.000000 0.000000 1.000000 255 128 0 255
72.276047 -25.618652 37.500000 0.704506 -0.060595 0.707107 255 128 0 255
59.803513 -24.321777 37.500000 0.000000 0.000000 1.000000 255 128 0 255
47.330978 -23.024902 37.500000 0.000000 0.000000 1.000000 255 128 0 255
72.173615 -26.809570 37.500000 0.704506 -0.060595 0.707107 255 128 0 255
59.701080 -25.512695 37.500000 0.000000 0.000000 1.000000 255 128 0 255
47.228546 -24.215820 37.500000 0.000000 0.000000 1.000000 255 128 0 255
59.598648 -26.703613 37.500000 0.000000 0.000000 1.000000 255 128 0 255
22.263184 -22.432617 37.500000 -0.705355 0.049749 0.707107 255 128 0 255
34.745865 -23.324219 37.500000 0.000000 0.000000 1.000000 255 128 0 255
34.633286 -24.920410 37.500000 0.000000 0.000000 1.000000 255 128 0 255
47.115967 -25.812012 37.500000 0.000000 0.000000 1.000000 255 128 0 255
47.003387 -27.408203 37.500000 0.000000 0.000000 1.000000 255 128 0 255
59.486069 -28.299805 37.500000 0.000000 0.000000 1.000000 255 128 0 255
71.843323 -30.363281 37.500000 0.703091 -0.075253 0.707107 255 128 0 255
59.360641 -29.471680 37.500000 0.000000 0.000000 1.000000 255 128 0 255
46.877960 -28.580078 37.500000 0.000000 0.000000 1.000000 255 128 0 255
71.717896 -31.535156 37.500000 0.703091 -0.075253 0.707107 255 128 0 255
59.235214 -30.643555 37.500000 0.000000 0.000000 1.000000 255 128 0 255
46.752533 -29.751953 37.500000 0.000000 0.000000 1.000000 255 128 0 255
59.109787 -31.815430 37.500000 0.000000 0.000000 1.000000 255 128 0 255
71.314819 -35.028809 37.500000 0.700992 -0.092796 0.707107 255 128 0 255
58.957565 -32.965332 37.500000 0.000000 0.000000 1.000000 255 128 0 255
46.600311 -30.901855 37.500000 0.000000 0.000000 1.000000 255 128 0 255
71.162598 -36.178711 37.500000 0.700992 -0.092796 0.707107 255 128 0 255
58.805344 -34.115234 37.500000 0.000000 0.000000 1.000000 255 128 0 255
46.448090 -32.051758 37.500000 0.000000 0.000000 1.000000 255 128 0 255
58.653122 -35.265137 37.500000 0.000000 0.000000 1.000000 255 128 0 255
21.863953 -27.211914 37.500000 -0.702891 0.077102 0.707107 255 128 0 255
34.156021 -29.631836 37.500000 0.000000 0.000000 1.000000 255 128 0 255
34.068985 -30.425293 37.500000 0.000000 0.000000 1.000000 255 128 0 255
46.361053 -32.845215 37.500000 0.000000 0.000000 1.000000 255 128 0 255
46.274017 -33.638672 37.500000 0.000000 0.000000 1.000000 255 128 0 255
58.566086 -36.058594 37.500000 0.000000 0.000000 1.000000 255 128 0 255
70.675293 -39.603516 37.500000 0.697947 -0.113447 0.707107 255 128 0 255
58.383224 -37.183594 37.500000 0.000000 0.000000 1.000000 255 128 0 255
46.091156 -34.763672 37.500000 0.000000 0.000000 1.000000 255 128 0 255
70.492432 -40.728516 37.500000 0.697947 -0.113447 0.707107 255 128 0 255
58.200363 -38.308594 37.500000 0.000000 0.000000 1.000000 255 128 0 255
45.908295 -35.888672 37.500000 0.000000 0.000000 1.000000 255 128 0 255
58.017502 -39.433594 37.500000 0.000000 0.000000 1.000000 255 128 0 255
69.909393 -44.075195 37.500000 0.693620 -0.137446 0.707107 255 128 0 255
57.800186 -40.530273 37.500000 0.000000 0.000000 1.000000 255 128 0 255
45.690979 -36.985352 37.500000 0.000000 0.000000 1.000000 255 128 0 255
69.692078 -45.171875 37.500000 0.693620 -0.137446 0.707107 255 128 0 255
57.582870 -41.626953 37.500000 0.000000 0.000000 1.000000 255 128 0 255
45.473663 -38.082031 37.500000 0.000000 0.000000 1.000000 255 128 0 255
57.365555 -42.723633 37.500000 0.000000 0.000000 1.000000 255 128 0 255
21.467682 -30.379883 37.500000 -0.700226 0.098408 0.707107 255 128 0 255
33.470673 -34.230957 37.500000 0.000000 0.000000 1.000000 255 128 0 255
33.359573 -35.021484 37.500000 0.000000 0.000000 1.000000 255 128 0 255
45.362564 -38.872559 37.500000 0.000000 0.000000 1.000000 255 128 0 255
45.251465 -39.663086 37.500000 0.000000 0.000000 1.000000 255 128 0 255
57.254456 -43.514160 37.500000 0.000000 0.000000 1.000000 255 128 0 255
69.001846 -48.431152 37.500000 0.687614 -0.164885 0.707107 255 128 0 255
56.998856 -44.580078 37.500000 0.000000 0.000000 1.000000 255 128 0 255
44.995865 -40.729004 37.500000 0.000000 0.000000 1.000000 255 128 0 255
68.746246 -49.497070 37.500000 0.687614 -0.164885 0.707107 255 128 0 255
56.743256 -45.645996 37.500000 0.000000 0.000000 1.000000 255 128 0 255
44.740265 -41.794922 37.500000 0.000000 0.000000 1.000000 255 128 0 255
56.487656 -46.711914 37.500000 0.000000 0.000000 1.000000 255 128 0 255
67.937302 -52.660156 37.500000 0.679358 -0.196146 0.707107 255 128 0 255
56.189911 -47.743164 37.500000 0.000000 0.000000 1.000000 255 128 0 255
44.442520 -42.826172 37.500000 0.000000 0.000000 1.000000 255 128 0 255
67.639557 -53.691406 37.500000 0.679358 -0.196146 0.707107 255 128 0 255
55.892166 -48.774414 37.500000 0.000000 0.000000 1.000000 255 128 0 255
44.144775 -43.857422 37.500000 0.000000 0.000000 1.000000 255 128 0 255
55.594421 -49.805664 37.500000 0.000000 0.000000 1.000000 255 128 0 255
20.971924 -33.535156 37.500000 -0.696666 0.121063 0.707107 255 128 0 255
32.558350 -38.696289 37.500000 0.000000 0.000000 1.000000 255 128 0 255
32.421570 -39.483398 37.500000 0.000000 0.000000 1.000000 255 128 0 255
44.007996 -44.644531 37.500000 0.000000 0.000000 1.000000 255 128 0 255
43.871216 -45.431641 37.500000 0.000000 0.000000 1.000000 255 128 0 255
55.457642 -50.592773 37.500000 0.000000 0.000000 1.000000 255 128 0 255
66.700378 -56.748047 37.500000 0.668297 -0.231040 0.707107 255 128 0 255
55.113953 -51.586914 37.500000 0.000000 0.000000 1.000000 255 128 0 255
43.527527 -46.425781 37.500000 0.000000 0.000000 1.000000 255 128 0 255
66.356689 -57.742188 37.500000 0.668297 -0.231040 0.707107 255 128 0 255
54.770264 -52.581055 37.500000 0.000000 0.000000 1.000000 255 128 0 255
43.183838 -47.419922 37.500000 0.000000 0.000000 1.000000 255 128 0 255
54.426575 -53.575195 37.500000 0.000000 0.000000 1.000000 255 128 0 255
65.275833 -60.684082 37.500000 0.653649 -0.269708 0.707107 255 128 0 255
54.033096 -54.528809 37.500000 0.000000 0.000000 1.000000 255 128 0 255
42.790359 -48.373535 37.500000 0.000000 0.000000 1.000000 255 128 0 255
64.882355 -61.637695 37.500000 0.653649 -0.269708 0.707107 255 128 0 255
53.639618 -55.482422 37.500000 0.000000 0.000000 1.000000 255 128 0 255
42.396881 -49.327148 37.500000 0.000000 0.000000 1.000000 255 128 0 255
53.246140 -56.436035 37.500000 0.000000 0.000000 1.000000 255 128 0 255
20.379700 -36.676758 37.500000 -0.692931 0.140880 0.707107 255 128 0 255
31.388290 -43.001953 37.500000 0.000000 0.000000 1.000000 255 128 0 255
31.228958 -43.785645 37.500000 0.000000 0.000000 1.000000 255 128 0 255
42.237549 -50.110840 37.500000 0.000000 0.000000 1.000000 255 128 0 255
42.078217 -50.894531 37.500000 0.000000 0.000000 1.000000 255 128 0 255
53.086807 -57.219727 37.500000 0.000000 0.000000 1.000000 255 128 0 255
63.648315 -64.454102 37.500000 0.634537 -0.312029 0.707107 255 128 0 255
52.639725 -58.128906 37.500000 0.000000 0.000000 1.000000 255 128 0 255
41.631134 -51.803711 37.500000 0.000000 0.000000 1.000000 255 128 0 255
63.201233 -65.363281 37.500000 0.634537 -0.312029 0.707107 255 128 0 255
52.192642 -59.038086 37.500000 0.000000 0.000000 1.000000 255 128 0 255
41.184052 -52.712891 37.500000 0.000000 0.000000 1.000000 255 128 0 255
51.745560 -59.947266 37.500000 0.000000 0.000000 1.000000 255 128 0 255
61.802551 -68.044922 37.500000 0.610496 -0.356784 0.707107 255 128 0 255
51.241043 -60.810547 37.500000 0.000000 0.000000 1.000000 255 128 0 255
40.679535 -53.576172 37.500000 0.000000 0.000000 1.000000 255 128 0 255
61.298035 -68.908203 37.500000 0.610496 -0.356784 0.707107 255 128 0 255
50.736526 -61.673828 37.500000 0.000000 0.000000 1.000000 255 128 0 255
40.175018 -54.439453 37.500000 0.000000 0.000000 1.000000 255 128 0 255
50.232010 -62.537109 37.500000 0.000000 0.000000 1.000000 255 128 0 255
39.043457 -56.065430 37.500000 0.000000 0.000000 1.000000 255 128 0 255
39.609238 -55.252441 37.500000 0.000000 0.000000 1.000000 255 128 0 255
49.100449 -64.163086 37.500000 0.000000 0.000000 1.000000 255 128 0 255
49.666229 -63.350098 37.500000 0.000000 0.000000 1.000000 255 128 0 255
59.157440 -72.260742 37.500000 0.580393 -0.403911 0.707107 255 128 0 255
59.723221 -71.447754 37.500000 0.580393 -0.403911 0.707107 255 128 0 255
57.718796 -74.273438 37.500000 0.553755 -0.439722 0.707107 255 128 0 255
48.227585 -65.362793 37.500000 0.000000 0.000000 1.000000 255 128 0 255
38.736374 -56.452148 37.500000 0.000000 0.000000 1.000000 255 128 0 255
57.411713 -74.660156 37.500000 0.553755 -0.439722 0.707107 255 128 0 255
47.920502 -65.749512 37.500000 0.000000 0.000000 1.000000 255 128 0 255
38.429291 -56.838867 37.500000 0.000000 0.000000 1.000000 255 128 0 255
47.613419 -66.136230 37.500000 0.000000 0.000000 1.000000 255 128 0 255
56.473724 -75.806641 37.500000 0.533988 -0.463526 0.707107 255 128 0 255
47.289597 -66.509277 37.500000 0.000000 0.000000 1.000000 255 128 0 255
38.105469 -57.211914 37.500000 0.000000 0.000000 1.000000 255 128 0 255
56.149902 -76.179688 37.500000 0.533988 -0.463526 0.707107 255 128 0 255
46.965775 -66.882324 37.500000 0.000000 0.000000 1.000000 255 128 0 255
37.781647 -57.584961 37.500000 0.000000 0.000000 1.000000 255 128 0 255
46.641953 -67.255371 37.500000 0.000000 0.000000 1.000000 255 128 0 255
19.324570 -41.366211 37.500000 -0.688218 0.162344 0.707107 255 128 0 255
28.553108 -49.475586 37.500000 0.000000 0.000000 1.000000 255 128 0 255
28.184875 -51.036621 37.500000 0.000000 0.000000 1.000000 255 128 0 255
37.413414 -59.145996 37.500000 0.000000 0.000000 1.000000 255 128 0 255
37.045181 -60.707031 37.500000 0.000000 0.000000 1.000000 255 128 0 255
46.273720 -68.816406 37.500000 0.000000 0.000000 1.000000 255 128 0 255
55.161301 -77.285156 37.500000 0.512972 -0.486683 0.707107 255 128 0 255
45.932762 -69.175781 37.500000 0.000000 0.000000 1.000000 255 128 0 255
36.704224 -61.066406 37.500000 0.000000 0.000000 1.000000 255 128 0 255
54.820343 -77.644531 37.500000 0.512972 -0.486683 0.707107 255 128 0 255
45.591805 -69.535156 37.500000 0.000000 0.000000 1.000000 255 128 0 255
36.363266 -61.425781 37.500000 0.000000 0.000000 1.000000 255 128 0 255
45.250847 -69.894531 37.500000 0.000000 0.000000 1.000000 255 128 0 255
35.647598 -62.117188 37.500000 0.000000 0.000000 1.000000 255 128 0 255
36.005432 -61.771484 37.500000 0.000000 0.000000 1.000000 255 128 0 255
44.535179 -70.585938 37.500000 0.000000 0.000000 1.000000 255 128 0 255
44.893013 -70.240234 37.500000 0.000000 0.000000 1.000000 255 128 0 255
53.422760 -79.054688 37.500000 0.491306 -0.508546 0.707106 255 128 0 255
53.780594 -78.708984 37.500000 0.491306 -0.508546 0.707106 255 128 0 255
51.943329 -80.397949 37.500000 0.459042 -0.537848 0.707107 255 128 0 255
43.413582 -71.583496 37.500000 0.000000 0.000000 1.000000 255 128 0 255
34.883835 -62.769043 37.500000 0.000000 0.000000 1.000000 255 128 0 255
51.179565 -81.049805 37.500000 0.459042 -0.537848 0.707107 255 128 0 255
42.649818 -72.235352 37.500000 0.000000 0.000000 1.000000 255 128 0 255
34.120071 -63.420898 37.500000 0.000000 0.000000 1.000000 255 128 0 255
41.886055 -72.887207 37.500000 0.000000 0.000000 1.000000 255 128 0 255
48.828293 -82.955566 37.500000 0.417242 -0.570884 0.707107 255 128 0 255
41.062309 -73.489258 37.500000 0.000000 0.000000 1.000000 255 128 0 255
33.296326 -64.022949 37.500000 0.000000 0.000000 1.000000 255 128 0 255
48.004547 -83.557617 37.500000 0.417242 -0.570884 0.707107 255 128 0 255
40.238564 -74.091309 37.500000 0.000000 0.000000 1.000000 255 128 0 255
32.472580 -64.625000 37.500000 0.000000 0.000000 1.000000 255 128 0 255
39.414818 -74.693359 37.500000 0.000000 0.000000 1.000000 255 128 0 255
17.779495 -47.601562 37.500000 -0.684399 0.177758 0.707107 255 128 0 255
25.126038 -56.113281 37.500000 0.000000 0.000000 1.000000 255 128 0 255
24.721733 -57.669922 37.500000 0.000000 0.000000 1.000000 255 128 0 255
32.068275 -66.181641 37.500000 0.000000 0.000000 1.000000 255 128 0 255
31.663971 -67.738281 37.500000 0.000000 0.000000 1.000000 255 128 0 255
39.010513 -76.250000 37.500000 0.000000 0.000000 1.000000 255 128 0 255
29.906555 -68.855469 37.500000 0.000000 0.000000 1.000000 255 128 0 255
30.785263 -68.296875 37.500000 0.000000 0.000000 1.000000 255 128 0 255
37.253098 -77.367188 37.500000 0.000000 0.000000 1.000000 255 128 0 255
38.131805 -76.808594 37.500000 0.000000 0.000000 1.000000 255 128 0 255
44.599640 -85.878906 37.500000 0.379346 -0.596738 0.707107 255 128 0 255
45.478348 -85.320312 37.500000 0.379346 -0.596738 0.707107 255 128 0 255
-2.043037 -102.866699 37.500000 -0.062857 -0.704308 0.707106 255 128 0 255
-6.099686 -102.452148 37.500000 0.000000 0.000000 1.000000 255 128 0 255
-5.091736 -102.568359 37.500000 0.000000 0.000000 1.000000 255 128 0 255
-8.140434 -102.270020 37.500000 0.000000 0.000000 1.000000 255 128 0 255
-4.083786 -102.684570 37.500000 -0.062857 -0.704308 0.707106 255 128 0 255
-7.132484 -102.386230 37.500000 0.000000 0.000000 1.000000 255 128 0 255
-10.181183 -102.087891 37.500000 -0.080989 -0.702454 0.707106 255 128 0 255
-9.173233 -102.204102 37.500000 -0.080989 -0.702454 0.707106 255 128 0 255
-13.190125 -101.709473 37.500000 -0.102853 -0.699587 0.707106 255 128 0 255
-10.141426 -102.007812 37.500000 0.000000 0.000000 1.000000 255 128 0 255
-7.092728 -102.306152 37.500000 0.000000 0.000000 1.000000 255 128 0 255
-14.183167 -101.563477 37.500000 -0.102853 -0.699587 0.707106 255 128 0 255
-11.134468 -101.861816 37.500000 0.000000 0.000000 1.000000 255 128 0 255
-8.085770 -102.160156 37.500000 0.000000 0.000000 1.000000 255 128 0 255
-12.127510 -101.715820 37.500000 0.000000 0.000000 1.000000 255 128 0 255
-17.142426 -101.084473 37.500000 -0.133441 -0.694402 0.707107 255 128 0 255
-13.100685 -101.528809 37.500000 0.000000 0.000000 1.000000 255 128 0 255
-9.058945 -101.973145 37.500000 0.000000 0.000000 1.000000 255 128 0 255
-18.115601 -100.897461 37.500000 -0.133441 -0.694402 0.707107 255 128 0 255
-14.073860 -101.341797 37.500000 0.000000 0.000000 1.000000 255 128 0 255
-10.032120 -101.786133 37.500000 0.000000 0.000000 1.000000 255 128 0 255
-15.047035 -101.154785 37.500000 0.000000 0.000000 1.000000 255 128 0 255
4.601990 -101.704102 37.500000 0.198236 -0.678751 0.707107 255 128 0 255
-2.715065 -101.745117 37.500000 0.000000 0.000000 1.000000 255 128 0 255
-0.412926 -101.072754 37.500000 0.000000 0.000000 1.000000 255 128 0 255
-7.729980 -101.113770 37.500000 0.000000 0.000000 1.000000 255 128 0 255
-5.427841 -100.441406 37.500000 0.000000 0.000000 1.000000 255 128 0 255
-12.744896 -100.482422 37.500000 0.000000 0.000000 1.000000 255 128 0 255
-7.324493 -99.966797 37.500000 0.000000 0.000000 1.000000 255 128 0 255
-6.376167 -100.204102 37.500000 0.000000 0.000000 1.000000 255 128 0 255
-14.641548 -100.007812 37.500000 0.000000 0.000000 1.000000 255 128 0 255
-13.693222 -100.245117 37.500000 0.000000 0.000000 1.000000 255 128 0 255
-21.958603 -100.048828 37.500000 -0.171650 -0.685956 0.707107 255 128 0 255
-21.010277 -100.286133 37.500000 -0.171650 -0.685956 0.707107 255 128 0 255
-24.773773 -99.277344 37.500000 -0.217468 -0.672836 0.707107 255 128 0 255
-16.508392 -99.473633 37.500000 0.000000 0.000000 1.000000 255 128 0 255
-8.243011 -99.669922 37.500000 0.000000 0.000000 1.000000 255 128 0 255
-25.692291 -98.980469 37.500000 -0.217468 -0.672836 0.707107 255 128 0 255
-17.426910 -99.176758 37.500000 0.000000 0.000000 1.000000 255 128 0 255
-9.161530 -99.373047 37.500000 0.000000 0.000000 1.000000 255 128 0 255
-18.345428 -98.879883 37.500000 0.000000 0.000000 1.000000 255 128 0 255
-27.975861 -98.211914 37.500000 -0.257764 -0.658451 0.707106 255 128 0 255
-18.791962 -98.705078 37.500000 0.000000 0.000000 1.000000 255 128 0 255
-9.608063 -99.198242 37.500000 0.000000 0.000000 1.000000 255 128 0 255
-28.422394 -98.037109 37.500000 -0.257764 -0.658451 0.707106 255 128 0 255
-19.238495 -98.530273 37.500000 0.000000 0.000000 1.000000 255 128 0 255
-10.054596 -99.023438 37.500000 0.000000 0.000000 1.000000 255 128 0 255
-19.685028 -98.355469 37.500000 0.000000 0.000000 1.000000 255 128 0 255
13.730606 -98.950195 37.500000 0.210277 -0.675118 0.707107 255 128 0 255
1.838005 -98.986816 37.500000 0.000000 0.000000 1.000000 255 128 0 255
4.100174 -98.282227 37.500000 0.000000 0.000000 1.000000 255 128 0 255
-7.792427 -98.318848 37.500000 0.000000 0.000000 1.000000 255 128 0 255
-5.530258 -97.614258 37.500000 0.000000 0.000000 1.000000 255 128 0 255
-17.422859 -97.650879 37.500000 0.000000 0.000000 1.000000 255 128 0 255
-29.752670 -97.494141 37.500000 -0.286001 -0.646685 0.707108 255 128 0 255
-17.860069 -97.457520 37.500000 0.000000 0.000000 1.000000 255 128 0 255
-5.967468 -97.420898 37.500000 0.000000 0.000000 1.000000 255 128 0 255
-30.189880 -97.300781 37.500000 -0.286001 -0.646685 0.707108 255 128 0 255
-18.297279 -97.264160 37.500000 0.000000 0.000000 1.000000 255 128 0 255
-6.404678 -97.227539 37.500000 0.000000 0.000000 1.000000 255 128 0 255
-18.734489 -97.070801 37.500000 0.000000 0.000000 1.000000 255 128 0 255
-31.491585 -96.700195 37.500000 -0.316494 -0.632322 0.707107 255 128 0 255
-19.161774 -96.856934 37.500000 0.000000 0.000000 1.000000 255 128 0 255
-6.831963 -97.013672 37.500000 0.000000 0.000000 1.000000 255 128 0 255
-31.918869 -96.486328 37.500000 -0.316494 -0.632322 0.707107 255 128 0 255
-19.589058 -96.643066 37.500000 0.000000 0.000000 1.000000 255 128 0 255
-7.259247 -96.799805 37.500000 0.000000 0.000000 1.000000 255 128 0 255
-20.016342 -96.429199 37.500000 0.000000 0.000000 1.000000 255 128 0 255
20.462143 -96.790039 37.500000 0.227763 -0.669421 0.707106 255 128 0 255
6.601448 -96.794922 37.500000 0.000000 0.000000 1.000000 255 128 0 255
7.705048 -96.419434 37.500000 0.000000 0.000000 1.000000 255 128 0 255
-6.155647 -96.424316 37.500000 0.000000 0.000000 1.000000 255 128 0 255
-5.052048 -96.048828 37.500000 0.000000 0.000000 1.000000 255 128 0 255
-18.912743 -96.053711 37.500000 0.000000 0.000000 1.000000 255 128 0 255
-33.190750 -95.825195 37.500000 -0.345161 -0.617142 0.707106 255 128 0 255
-19.330055 -95.820312 37.500000 0.000000 0.000000 1.000000 255 128 0 255
-5.469360 -95.815430 37.500000 0.000000 0.000000 1.000000 255 128 0 255
-33.608063 -95.591797 37.500000 -0.345161 -0.617142 0.707106 255 128 0 255
-19.747368 -95.586914 37.500000 0.000000 0.000000 1.000000 255 128 0 255
-5.886673 -95.582031 37.500000 0.000000 0.000000 1.000000 255 128 0 255
-20.164680 -95.353516 37.500000 0.000000 0.000000 1.000000 255 128 0 255
24.826553 -95.250000 37.500000 0.242905 -0.664077 0.707106 255 128 0 255
9.469940 -95.416016 37.500000 0.000000 0.000000 1.000000 255 128 0 255
10.548546 -95.021484 37.500000 0.000000 0.000000 1.000000 255 128 0 255
-4.808067 -95.187500 37.500000 0.000000 0.000000 1.000000 255 128 0 255
-3.729462 -94.792969 37.500000 0.000000 0.000000 1.000000 255 128 0 255
-19.086075 -94.958984 37.500000 0.000000 0.000000 1.000000 255 128 0 255
10.819962 -94.103516 37.500000 0.000000 0.000000 1.000000 255 128 0 255
-5.343842 -93.746094 37.500000 0.000000 0.000000 1.000000 255 128 0 255
-4.536652 -94.269531 37.500000 0.000000 0.000000 1.000000 255 128 0 255
-20.700455 -93.912109 37.500000 0.000000 0.000000 1.000000 255 128 0 255
-19.893265 -94.435547 37.500000 0.000000 0.000000 1.000000 255 128 0 255
-36.057068 -94.078125 37.500000 -0.384726 -0.593284 0.707107 255 128 0 255
-35.249878 -94.601562 37.500000 -0.384726 -0.593284 0.707107 255 128 0 255
41.913536 -87.513184 37.500000 0.343987 -0.617797 0.707107 255 128 0 255
35.445702 -78.442871 37.500000 0.000000 0.000000 1.000000 255 128 0 255
28.977867 -69.372559 37.500000 0.000000 0.000000 1.000000 255 128 0 255
40.984848 -88.030273 37.500000 0.343987 -0.617797 0.707107 255 128 0 255
34.517014 -78.959961 37.500000 0.000000 0.000000 1.000000 255 128 0 255
28.049179 -69.889648 37.500000 0.000000 0.000000 1.000000 255 128 0 255
33.588326 -79.477051 37.500000 0.000000 0.000000 1.000000 255 128 0 255
38.153809 -89.545410 37.500000 0.313164 -0.633978 0.707107 255 128 0 255
32.614662 -79.958008 37.500000 0.000000 0.000000 1.000000 255 128 0 255
27.075516 -70.370605 37.500000 0.000000 0.000000 1.000000 255 128 0 255
37.180145 -90.026367 37.500000 0.313164 -0.633978 0.707107 255 128 0 255
31.640999 -80.438965 37.500000 0.000000 0.000000 1.000000 255 128 0 255
26.101852 -70.851562 37.500000 0.000000 0.000000 1.000000 255 128 0 255
30.667336 -80.919922 37.500000 0.000000 0.000000 1.000000 255 128 0 255
16.230637 -51.945312 37.500000 -0.605911 0.364516 0.707107 255 128 0 255
21.166245 -61.398438 37.500000 0.000000 0.000000 1.000000 255 128 0 255
20.796120 -62.013672 37.500000 0.000000 0.000000 1.000000 255 128 0 255
25.731728 -71.466797 37.500000 0.000000 0.000000 1.000000 255 128 0 255
25.361603 -72.082031 37.500000 0.000000 0.000000 1.000000 255 128 0 255
30.297211 -81.535156 37.500000 0.000000 0.000000 1.000000 255 128 0 255
34.219177 -91.436523 37.500000 0.285976 -0.646697 0.707107 255 128 0 255
29.283569 -81.983398 37.500000 0.000000 0.000000 1.000000 255 128 0 255
24.347961 -72.530273 37.500000 0.000000 0.000000 1.000000 255 128 0 255
33.205536 -91.884766 37.500000 0.285976 -0.646697 0.707107 255 128 0 255
28.269928 -82.431641 37.500000 0.000000 0.000000 1.000000 255 128 0 255
23.334320 -72.978516 37.500000 0.000000 0.000000 1.000000 255 128 0 255
27.256287 -82.879883 37.500000 0.000000 0.000000 1.000000 255 128 0 255
14.709274 -54.345703 37.500000 -0.588078 0.392638 0.707107 255 128 0 255
19.021797 -63.662109 37.500000 0.000000 0.000000 1.000000 255 128 0 255
18.631241 -64.247070 37.500000 0.000000 0.000000 1.000000 255 128 0 255
22.943764 -73.563477 37.500000 0.000000 0.000000 1.000000 255 128 0 255
22.553207 -74.148438 37.500000 0.000000 0.000000 1.000000 255 128 0 255
26.865730 -83.464844 37.500000 0.000000 0.000000 1.000000 255 128 0 255
13.509491 -56.056641 37.500000 -0.559216 0.432756 0.707106 255 128 0 255
18.031349 -65.102539 37.500000 0.000000 0.000000 1.000000 255 128 0 255
17.822014 -65.373047 37.500000 0.000000 0.000000 1.000000 255 128 0 255
22.343872 -74.418945 37.500000 0.000000 0.000000 1.000000 255 128 0 255
22.134537 -74.689453 37.500000 0.000000 0.000000 1.000000 255 128 0 255
26.656395 -83.735352 37.500000 0.000000 0.000000 1.000000 255 128 0 255
12.646637 -57.103516 37.500000 -0.531341 0.466558 0.707107 255 128 0 255
17.390587 -65.896484 37.500000 0.000000 0.000000 1.000000 255 128 0 255
17.168495 -66.149414 37.500000 0.000000 0.000000 1.000000 255 128 0 255
21.912445 -74.942383 37.500000 0.000000 0.000000 1.000000 255 128 0 255
21.690353 -75.195312 37.500000 0.000000 0.000000 1.000000 255 128 0 255
26.434303 -83.988281 37.500000 0.000000 0.000000 1.000000 255 128 0 255
11.727615 -58.068359 37.500000 -0.491440 0.508415 0.707107 255 128 0 255
16.708984 -66.631836 37.500000 0.000000 0.000000 1.000000 255 128 0 255
16.471565 -66.861328 37.500000 0.000000 0.000000 1.000000 255 128 0 255
21.452934 -75.424805 37.500000 0.000000 0.000000 1.000000 255 128 0 255
21.215515 -75.654297 37.500000 0.000000 0.000000 1.000000 255 128 0 255
26.196884 -84.217773 37.500000 0.000000 0.000000 1.000000 255 128 0 255
10.742203 -58.933594 37.500000 -0.440264 0.553324 0.707107 255 128 0 255
15.978859 -67.293945 37.500000 0.000000 0.000000 1.000000 255 128 0 255
15.723572 -67.497070 37.500000 0.000000 0.000000 1.000000 255 128 0 255
20.960228 -75.857422 37.500000 0.000000 0.000000 1.000000 255 128 0 255
20.704941 -76.060547 37.500000 0.000000 0.000000 1.000000 255 128 0 255
25.941597 -84.420898 37.500000 0.000000 0.000000 1.000000 255 128 0 255
9.680664 -59.685547 37.500000 -0.375821 0.598965 0.707106 255 128 0 255
15.192802 -67.873047 37.500000 0.000000 0.000000 1.000000 255 128 0 255
14.917320 -68.045898 37.500000 0.000000 0.000000 1.000000 255 128 0 255
20.429459 -76.233398 37.500000 0.000000 0.000000 1.000000 255 128 0 255
20.153976 -76.406250 37.500000 0.000000 0.000000 1.000000 255 128 0 255
25.666115 -84.593750 37.500000 0.000000 0.000000 1.000000 255 128 0 255
8.539825 -60.319336 37.500000 -0.310310 0.635380 0.707107 255 128 0 255
14.346901 -68.362793 37.500000 0.000000 0.000000 1.000000 255 128 0 255
14.051964 -68.506836 37.500000 0.000000 0.000000 1.000000 255 128 0 255
19.859039 -76.550293 37.500000 0.000000 0.000000 1.000000 255 128 0 255
19.564102 -76.694336 37.500000 0.000000 0.000000 1.000000 255 128 0 255
25.371178 -84.737793 37.500000 0.000000 0.000000 1.000000 255 128 0 255
7.326630 -60.846680 37.500000 -0.253393 0.660146 0.707107 255 128 0 255
13.445366 -68.770508 37.500000 0.000000 0.000000 1.000000 255 128 0 255
13.133705 -68.890137 37.500000 0.000000 0.000000 1.000000 255 128 0 255
19.252441 -76.813965 37.500000 0.000000 0.000000 1.000000 255 128 0 255
18.940781 -76.933594 37.500000 0.000000 0.000000 1.000000 255 128 0 255
25.059517 -84.857422 37.500000 0.000000 0.000000 1.000000 255 128 0 255
6.052124 -61.282227 37.500000 -0.204076 0.677018 0.707106 255 128 0 255
12.496452 -69.107910 37.500000 0.000000 0.000000 1.000000 255 128 0 255
12.170860 -69.206055 37.500000 0.000000 0.000000 1.000000 255 128 0 255
18.615189 -77.031738 37.500000 0.000000 0.000000 1.000000 255 128 0 255
18.289597 -77.129883 37.500000 0.000000 0.000000 1.000000 255 128 0 255
24.733925 -84.955566 37.500000 0.000000 0.000000 1.000000 255 128 0 255
4.037277 -61.780273 37.500000 -0.152776 0.690406 0.707106 255 128 0 255
11.163437 -69.455078 37.500000 0.000000 0.000000 1.000000 255 128 0 255
10.481606 -69.605957 37.500000 0.000000 0.000000 1.000000 255 128 0 255
17.607765 -77.280762 37.500000 0.000000 0.000000 1.000000 255 128 0 255
16.925934 -77.431641 37.500000 0.000000 0.000000 1.000000 255 128 0 255
24.052094 -85.106445 37.500000 0.000000 0.000000 1.000000 255 128 0 255
30.129631 -93.201172 37.500000 0.262868 -0.656430 0.707107 255 128 0 255
23.003471 -85.526367 37.500000 0.000000 0.000000 1.000000 255 128 0 255
15.877312 -77.851562 37.500000 0.000000 0.000000 1.000000 255 128 0 255
29.081009 -93.621094 37.500000 0.262868 -0.656430 0.707107 255 128 0 255
21.954849 -85.946289 37.500000 0.000000 0.000000 1.000000 255 128 0 255
14.828690 -78.271484 37.500000 0.000000 0.000000 1.000000 255 128 0 255
20.906227 -86.366211 37.500000 0.000000 0.000000 1.000000 255 128 0 255
1.265366 -62.318359 37.500000 -0.117028 0.697355 0.707107 255 128 0 255
8.047028 -70.294922 37.500000 0.000000 0.000000 1.000000 255 128 0 255
7.342903 -70.413086 37.500000 0.000000 0.000000 1.000000 255 128 0 255
14.124565 -78.389648 37.500000 0.000000 0.000000 1.000000 255 128 0 255
13.420441 -78.507812 37.500000 0.000000 0.000000 1.000000 255 128 0 255
20.202103 -86.484375 37.500000 0.000000 0.000000 1.000000 255 128 0 255
4.038300 -86.126953 37.500000 0.000000 0.000000 1.000000 255 128 0 255
-2.743362 -78.150391 37.500000 0.000000 0.000000 1.000000 255 128 0 255
-12.125504 -85.769531 37.500000 0.000000 0.000000 1.000000 255 128 0 255
-18.907166 -77.792969 37.500000 0.000000 0.000000 1.000000 255 128 0 255
-28.289307 -85.412109 37.500000 0.000000 0.000000 1.000000 255 128 0 255
-20.457352 -76.616211 37.500000 0.000000 0.000000 1.000000 255 128 0 255
-19.682259 -77.204590 37.500000 0.000000 0.000000 1.000000 255 128 0 255
-29.839493 -84.235352 37.500000 0.000000 0.000000 1.000000 255 128 0 255
-29.064400 -84.823730 37.500000 0.000000 0.000000 1.000000 255 128 0 255
-39.221634 -91.854492 37.500000 -0.427540 -0.563214 0.707107 255 128 0 255
-38.446541 -92.442871 37.500000 -0.427540 -0.563214 0.707107 255 128 0 255
-41.520172 -90.035156 37.500000 -0.460647 -0.536474 0.707107 255 128 0 255
-31.362938 -83.004395 37.500000 0.000000 0.000000 1.000000 255 128 0 255
-21.205704 -75.973633 37.500000 0.000000 0.000000 1.000000 255 128 0 255
-42.268524 -89.392578 37.500000 -0.460647 -0.536474 0.707107 255 128 0 255
-32.111290 -82.361816 37.500000 0.000000 0.000000 1.000000 255 128 0 255
-21.954056 -75.331055 37.500000 0.000000 0.000000 1.000000 255 128 0 255
-32.859642 -81.719238 37.500000 0.000000 0.000000 1.000000 255 128 0 255
-44.492180 -87.421387 37.500000 -0.485318 -0.514264 0.707106 255 128 0 255
-33.586594 -81.033203 37.500000 0.000000 0.000000 1.000000 255 128 0 255
-22.681007 -74.645020 37.500000 0.000000 0.000000 1.000000 255 128 0 255
-45.219131 -86.735352 37.500000 -0.485318 -0.514264 0.707106 255 128 0 255
-34.313545 -80.347168 37.500000 0.000000 0.000000 1.000000 255 128 0 255
-23.407959 -73.958984 37.500000 0.000000 0.000000 1.000000 255 128 0 255
-35.040497 -79.661133 37.500000 0.000000 0.000000 1.000000 255 128 0 255
-24.829758 -72.523438 37.500000 0.000000 0.000000 1.000000 255 128 0 255
-24.118858 -73.241211 37.500000 0.000000 0.000000 1.000000 255 128 0 255
-36.462296 -78.225586 37.500000 0.000000 0.000000 1.000000 255 128 0 255
-35.751396 -78.943359 37.500000 0.000000 0.000000 1.000000 255 128 0 255
-48.094833 -83.927734 37.500000 -0.502400 -0.497588 0.707107 255 128 0 255
-47.383934 -84.645508 37.500000 -0.502400 -0.497588 0.707107 255 128 0 255
-56.222946 -74.275879 37.500000 -0.632420 -0.316300 0.707107 255 128 0 255
-52.306763 -79.509766 37.500000 -0.516369 -0.483076 0.707107 255 128 0 255
-54.827881 -75.767090 37.500000 0.000000 0.000000 1.000000 255 128 0 255
-53.432816 -77.258301 37.500000 0.000000 0.000000 1.000000 255 128 0 255
-57.348999 -72.024414 37.500000 -0.632420 -0.316300 0.707107 255 128 0 255
-55.953934 -73.515625 37.500000 0.000000 0.000000 1.000000 255 128 0 255
-54.558868 -75.006836 37.500000 0.000000 0.000000 1.000000 255 128 0 255
-57.079987 -71.264160 37.500000 0.000000 0.000000 1.000000 255 128 0 255
-39.694313 -73.765137 37.500000 0.000000 0.000000 1.000000 255 128 0 255
-27.350876 -68.780762 37.500000 0.000000 0.000000 1.000000 255 128 0 255
-42.215431 -70.022461 37.500000 0.000000 0.000000 1.000000 255 128 0 255
-29.871994 -65.038086 37.500000 0.000000 0.000000 1.000000 255 128 0 255
-44.736549 -66.279785 37.500000 0.000000 0.000000 1.000000 255 128 0 255
-60.140274 -66.390137 37.500000 -0.638324 -0.304208 0.707107 255 128 0 255
-45.275719 -65.148438 37.500000 0.000000 0.000000 1.000000 255 128 0 255
-30.411163 -63.906738 37.500000 0.000000 0.000000 1.000000 255 128 0 255
-60.679443 -65.258789 37.500000 -0.638324 -0.304208 0.707107 255 128 0 255
-45.814888 -64.017090 37.500000 0.000000 0.000000 1.000000 255 128 0 255
-30.950333 -62.775391 37.500000 0.000000 0.000000 1.000000 255 128 0 255
-46.354057 -62.885742 37.500000 0.000000 0.000000 1.000000 255 128 0 255
-1.565063 -62.298828 37.500000 0.125203 0.695935 0.707106 255 128 0 255
-16.257698 -62.537109 37.500000 0.000000 0.000000 1.000000 255 128 0 255
-16.968788 -62.409180 37.500000 0.000000 0.000000 1.000000 255 128 0 255
-31.661423 -62.647461 37.500000 0.000000 0.000000 1.000000 255 128 0 255
-32.372513 -62.519531 37.500000 0.000000 0.000000 1.000000 255 128 0 255
-47.065147 -62.757812 37.500000 0.000000 0.000000 1.000000 255 128 0 255
-4.361389 -61.718750 37.500000 0.162378 0.688211 0.707106 255 128 0 255
-18.366951 -62.119141 37.500000 0.000000 0.000000 1.000000 255 128 0 255
-19.054024 -61.957031 37.500000 0.000000 0.000000 1.000000 255 128 0 255
-33.059586 -62.357422 37.500000 0.000000 0.000000 1.000000 255 128 0 255
-33.746658 -62.195312 37.500000 0.000000 0.000000 1.000000 255 128 0 255
-47.752220 -62.595703 37.500000 0.000000 0.000000 1.000000 255 128 0 255
-6.389587 -61.183594 37.500000 0.217040 0.672975 0.707106 255 128 0 255
-20.068123 -61.689453 37.500000 0.000000 0.000000 1.000000 255 128 0 255
-20.395149 -61.583984 37.500000 0.000000 0.000000 1.000000 255 128 0 255
-34.073685 -62.089844 37.500000 0.000000 0.000000 1.000000 255 128 0 255
-34.400711 -61.984375 37.500000 0.000000 0.000000 1.000000 255 128 0 255
-48.079247 -62.490234 37.500000 0.000000 0.000000 1.000000 255 128 0 255
-7.667664 -60.721680 37.500000 0.263851 0.656035 0.707107 255 128 0 255
-21.034187 -61.353027 37.500000 0.000000 0.000000 1.000000 255 128 0 255
-21.346199 -61.227539 37.500000 0.000000 0.000000 1.000000 255 128 0 255
-34.712723 -61.858887 37.500000 0.000000 0.000000 1.000000 255 128 0 255
-35.024734 -61.733398 37.500000 0.000000 0.000000 1.000000 255 128 0 255
-48.391258 -62.364746 37.500000 0.000000 0.000000 1.000000 255 128 0 255
-8.879700 -60.166992 37.500000 0.324495 0.628253 0.707107 255 128 0 255
-21.952217 -60.950195 37.500000 0.000000 0.000000 1.000000 255 128 0 255
-22.246223 -60.798340 37.500000 0.000000 0.000000 1.000000 255 128 0 255
-35.318741 -61.581543 37.500000 0.000000 0.000000 1.000000 255 128 0 255
-35.612747 -61.429688 37.500000 0.000000 0.000000 1.000000 255 128 0 255
-48.685265 -62.212891 37.500000 0.000000 0.000000 1.000000 255 128 0 255
-10.013855 -59.500000 37.500000 0.391625 0.588753 0.707106 255 128 0 255
-22.813301 -60.464844 37.500000 0.000000 0.000000 1.000000 255 128 0 255
-23.086372 -60.283203 37.500000 0.000000 0.000000 1.000000 255 128 0 255
-35.885818 -61.248047 37.500000 0.000000 0.000000 1.000000 255 128 0 255
-36.158890 -61.066406 37.500000 0.000000 0.000000 1.000000 255 128 0 255
-48.958336 -62.031250 37.500000 0.000000 0.000000 1.000000 255 128 0 255
-11.063385 -58.712891 37.500000 0.455424 0.540914 0.707108 255 128 0 255
-23.611137 -59.889648 37.500000 0.000000 0.000000 1.000000 255 128 0 255
-23.862831 -59.677734 37.500000 0.000000 0.000000 1.000000 255 128 0 255
-36.410583 -60.854492 37.500000 0.000000 0.000000 1.000000 255 128 0 255
-36.662277 -60.642578 37.500000 0.000000 0.000000 1.000000 255 128 0 255
-49.210030 -61.819336 37.500000 0.000000 0.000000 1.000000 255 128 0 255
-12.032455 -57.811523 37.500000 0.506245 0.493676 0.707107 255 128 0 255
-24.347366 -59.227051 37.500000 0.000000 0.000000 1.000000 255 128 0 255
-24.580208 -58.988281 37.500000 0.000000 0.000000 1.000000 255 128 0 255
-36.895119 -60.403809 37.500000 0.000000 0.000000 1.000000 255 128 0 255
-37.127960 -60.165039 37.500000 0.000000 0.000000 1.000000 255 128 0 255
-49.442871 -61.580566 37.500000 0.000000 0.000000 1.000000 255 128 0 255
-12.931488 -56.809570 37.500000 0.545082 0.450428 0.707107 255 128 0 255
-25.029724 -58.487305 37.500000 0.000000 0.000000 1.000000 255 128 0 255
-25.246399 -58.225098 37.500000 0.000000 0.000000 1.000000 255 128 0 255
-37.344635 -59.902832 37.500000 0.000000 0.000000 1.000000 255 128 0 255
-37.561310 -59.640625 37.500000 0.000000 0.000000 1.000000 255 128 0 255
-49.659546 -61.318359 37.500000 0.000000 0.000000 1.000000 255 128 0 255
-13.771271 -55.722656 37.500000 0.573148 0.414127 0.707107 255 128 0 255
-25.666290 -57.681641 37.500000 0.000000 0.000000 1.000000 255 128 0 255
-25.869507 -57.400391 37.500000 0.000000 0.000000 1.000000 255 128 0 255
-37.764526 -59.359375 37.500000 0.000000 0.000000 1.000000 255 128 0 255
-37.967743 -59.078125 37.500000 0.000000 0.000000 1.000000 255 128 0 255
-49.862762 -61.037109 37.500000 0.000000 0.000000 1.000000 255 128 0 255
-14.931290 -53.952148 37.500000 0.599942 0.374259 0.707107 255 128 0 255
-26.449516 -56.515137 37.500000 0.000000 0.000000 1.000000 255 128 0 255
-26.826309 -55.911133 37.500000 0.000000 0.000000 1.000000 255 128 0 255
-38.344536 -58.474121 37.500000 0.000000 0.000000 1.000000 255 128 0 255
-38.721329 -57.870117 37.500000 0.000000 0.000000 1.000000 255 128 0 255
-50.239555 -60.433105 37.500000 0.000000 0.000000 1.000000 255 128 0 255
-16.395386 -51.473633 37.500000 0.617157 0.345135 0.707107 255 128 0 255
-27.558357 -54.671875 37.500000 0.000000 0.000000 1.000000 255 128 0 255
-27.913612 -54.036621 37.500000 0.000000 0.000000 1.000000 255 128 0 255
-39.076584 -57.234863 37.500000 0.000000 0.000000 1.000000 255 128 0 255
-39.431839 -56.599609 37.500000 0.000000 0.000000 1.000000 255 128 0 255
-50.594810 -59.797852 37.500000 0.000000 0.000000 1.000000 255 128 0 255
-17.884064 -47.118164 37.500000 0.685631 0.172947 0.707107 255 128 0 255
-28.657951 -51.858887 37.500000 0.000000 0.000000 1.000000 255 128 0 255
-29.047035 -50.316406 37.500000 0.000000 0.000000 1.000000 255 128 0 255
-39.820923 -55.057129 37.500000 0.000000 0.000000 1.000000 255 128 0 255
-40.210007 -53.514648 37.500000 0.000000 0.000000 1.000000 255 128 0 255
-50.983894 -58.255371 37.500000 0.000000 0.000000 1.000000 255 128 0 255
-19.372604 -40.938477 37.500000 0.689183 0.158197 0.707107 255 128 0 255
-29.791306 -47.226562 37.500000 0.000000 0.000000 1.000000 255 128 0 255
-30.146492 -45.679199 37.500000 0.000000 0.000000 1.000000 255 128 0 255
-40.565193 -51.967285 37.500000 0.000000 0.000000 1.000000 255 128 0 255
-40.920380 -50.419922 37.500000 0.000000 0.000000 1.000000 255 128 0 255
-51.339081 -56.708008 37.500000 0.000000 0.000000 1.000000 255 128 0 255
-20.391556 -36.291016 37.500000 0.693544 0.137830 0.707107 255 128 0 255
-30.655968 -43.355469 37.500000 0.000000 0.000000 1.000000 255 128 0 255
-30.810257 -42.579102 37.500000 0.000000 0.000000 1.000000 255 128 0 255
-41.074669 -49.643555 37.500000 0.000000 0.000000 1.000000 255 128 0 255
-41.228958 -48.867188 37.500000 0.000000 0.000000 1.000000 255 128 0 255
-51.493370 -55.931641 37.500000 0.000000 0.000000 1.000000 255 128 0 255
-62.268333 -61.856934 37.500000 -0.645264 -0.289196 0.707107 255 128 0 255
-52.003922 -54.792480 37.500000 0.000000 0.000000 1.000000 255 128 0 255
-41.739510 -47.728027 37.500000 0.000000 0.000000 1.000000 255 128 0 255
-62.778885 -60.717773 37.500000 -0.645264 -0.289196 0.707107 255 128 0 255
-52.514473 -53.653320 37.500000 0.000000 0.000000 1.000000 255 128 0 255
-42.250061 -46.588867 37.500000 0.000000 0.000000 1.000000 255 128 0 255
-53.025024 -52.514160 37.500000 0.000000 0.000000 1.000000 255 128 0 255
-20.966370 -33.179688 37.500000 0.697011 0.119062 0.707107 255 128 0 255
-31.608215 -39.884277 37.500000 0.000000 0.000000 1.000000 255 128 0 255
-31.741333 -39.104980 37.500000 0.000000 0.000000 1.000000 255 128 0 255
-42.383179 -45.809570 37.500000 0.000000 0.000000 1.000000 255 128 0 255
-42.516296 -45.030273 37.500000 0.000000 0.000000 1.000000 255 128 0 255
-53.158142 -51.734863 37.500000 0.000000 0.000000 1.000000 255 128 0 255
-64.272377 -57.290039 37.500000 -0.654026 -0.268793 0.707107 255 128 0 255
-53.630531 -50.585449 37.500000 0.000000 0.000000 1.000000 255 128 0 255
-42.988686 -43.880859 37.500000 0.000000 0.000000 1.000000 255 128 0 255
-64.744766 -56.140625 37.500000 -0.654026 -0.268793 0.707107 255 128 0 255
-54.102921 -49.436035 37.500000 0.000000 0.000000 1.000000 255 128 0 255
-43.461075 -42.731445 37.500000 0.000000 0.000000 1.000000 255 128 0 255
-54.575310 -48.286621 37.500000 0.000000 0.000000 1.000000 255 128 0 255
-21.449951 -30.055664 37.500000 0.700388 0.097243 0.707107 255 128 0 255
-32.455513 -36.393555 37.500000 0.000000 0.000000 1.000000 255 128 0 255
-32.564186 -35.610840 37.500000 0.000000 0.000000 1.000000 255 128 0 255
-43.569748 -41.948730 37.500000 0.000000 0.000000 1.000000 255 128 0 255
-43.678421 -41.166016 37.500000 0.000000 0.000000 1.000000 255 128 0 255
-54.683983 -47.503906 37.500000 0.000000 0.000000 1.000000 255 128 0 255
-66.114235 -52.680176 37.500000 -0.664114 -0.242801 0.707107 255 128 0 255
-55.108673 -46.342285 37.500000 0.000000 0.000000 1.000000 255 128 0 255
-44.103111 -40.004395 37.500000 0.000000 0.000000 1.000000 255 128 0 255
-66.538925 -51.518555 37.500000 -0.664114 -0.242801 0.707107 255 128 0 255
-55.533363 -45.180664 37.500000 0.000000 0.000000 1.000000 255 128 0 255
-44.527802 -38.842773 37.500000 0.000000 0.000000 1.000000 255 128 0 255
-55.958054 -44.019043 37.500000 0.000000 0.000000 1.000000 255 128 0 255
-67.755745 -48.018555 37.500000 -0.674968 -0.210757 0.707107 255 128 0 255
-56.325493 -42.842285 37.500000 0.000000 0.000000 1.000000 255 128 0 255
-44.895241 -37.666016 37.500000 0.000000 0.000000 1.000000 255 128 0 255
-68.123184 -46.841797 37.500000 -0.674968 -0.210757 0.707107 255 128 0 255
-56.692932 -41.665527 37.500000 0.000000 0.000000 1.000000 255 128 0 255
-45.262680 -36.489258 37.500000 0.000000 0.000000 1.000000 255 128 0 255
-57.060371 -40.488770 37.500000 0.000000 0.000000 1.000000 255 128 0 255
-21.838226 -26.918945 37.500000 0.702959 0.076470 0.707107 255 128 0 255
-33.550453 -31.704102 37.500000 0.000000 0.000000 1.000000 255 128 0 255
-33.635918 -30.918457 37.500000 0.000000 0.000000 1.000000 255 128 0 255
-45.348145 -35.703613 37.500000 0.000000 0.000000 1.000000 255 128 0 255
-45.433609 -34.917969 37.500000 0.000000 0.000000 1.000000 255 128 0 255
-57.145836 -39.703125 37.500000 0.000000 0.000000 1.000000 255 128 0 255
-69.160957 -43.295898 37.500000 -0.685340 -0.174093 0.707107 255 128 0 255
-57.448730 -38.510742 37.500000 0.000000 0.000000 1.000000 255 128 0 255
-45.736504 -33.725586 37.500000 0.000000 0.000000 1.000000 255 128 0 255
-69.463852 -42.103516 37.500000 -0.685340 -0.174093 0.707107 255 128 0 255
-57.751625 -37.318359 37.500000 0.000000 0.000000 1.000000 255 128 0 255
-46.039398 -32.533203 37.500000 0.000000 0.000000 1.000000 255 128 0 255
-58.054520 -36.125977 37.500000 0.000000 0.000000 1.000000 255 128 0 255
-70.311974 -38.509766 37.500000 -0.693316 -0.138970 0.707107 255 128 0 255
-58.296852 -34.916992 37.500000 0.000000 0.000000 1.000000 255 128 0 255
-46.281731 -31.324219 37.500000 0.000000 0.000000 1.000000 255 128 0 255
-70.554306 -37.300781 37.500000 -0.693316 -0.138970 0.707107 255 128 0 255
-58.539185 -33.708008 37.500000 0.000000 0.000000 1.000000 255 128 0 255
-46.524063 -30.115234 37.500000 0.000000 0.000000 1.000000 255 128 0 255
-58.781517 -32.499023 37.500000 0.000000 0.000000 1.000000 255 128 0 255
-22.232529 -22.189453 37.500000 0.705345 0.049888 0.707107 255 128 0 255
-34.378296 -26.152344 37.500000 0.000000 0.000000 1.000000 255 128 0 255
-34.489983 -24.573242 37.500000 0.000000 0.000000 1.000000 255 128 0 255
-46.635750 -28.536133 37.500000 0.000000 0.000000 1.000000 255 128 0 255
-46.747437 -26.957031 37.500000 0.000000 0.000000 1.000000 255 128 0 255
-58.893204 -30.919922 37.500000 0.000000 0.000000 1.000000 255 128 0 255
-47.126099 -24.511719 37.500000 0.000000 0.000000 1.000000 255 128 0 255
-46.936768 -25.734375 37.500000 0.000000 0.000000 1.000000 255 128 0 255
-59.271866 -28.474609 37.500000 0.000000 0.000000 1.000000 255 128 0 255
-59.082535 -29.697266 37.500000 0.000000 0.000000 1.000000 255 128 0 255
-71.417633 -32.437500 37.500000 -0.698778 -0.108207 0.707107 255 128 0 255
-71.228302 -33.660156 37.500000 -0.698778 -0.108207 0.707107 255 128 0 255
-71.940216 -28.757324 37.500000 -0.702353 -0.081858 0.707107 255 128 0 255
-59.605118 -26.017090 37.500000 0.000000 0.000000 1.000000 255 128 0 255
-47.270020 -23.276855 37.500000 0.000000 0.000000 1.000000 255 128 0 255
-72.084137 -27.522461 37.500000 -0.702353 -0.081858 0.707107 255 128 0 255
-59.749039 -24.782227 37.500000 0.000000 0.000000 1.000000 255 128 0 255
-47.413940 -22.041992 37.500000 0.000000 0.000000 1.000000 255 128 0 255
-59.892960 -23.547363 37.500000 0.000000 0.000000 1.000000 255 128 0 255
-72.478050 -23.808105 37.500000 -0.704553 -0.060044 0.707107 255 128 0 255
-59.999031 -22.302734 37.500000 0.000000 0.000000 1.000000 255 128 0 255
-47.520012 -20.797363 37.500000 0.000000 0.000000 1.000000 255 128 0 255
-72.584122 -22.563477 37.500000 -0.704553 -0.060044 0.707107 255 128 0 255
-60.105103 -21.058105 37.500000 0.000000 0.000000 1.000000 255 128 0 255
-47.626083 -19.552734 37.500000 0.000000 0.000000 1.000000 255 128 0 255
-60.211174 -19.813477 37.500000 0.000000 0.000000 1.000000 255 128 0 255
-22.555557 -15.857422 37.500000 0.706758 0.022192 0.707107 255 128 0 255
-35.090820 -17.705078 37.500000 0.000000 0.000000 1.000000 255 128 0 255
-35.140648 -16.118164 37.500000 0.000000 0.000000 1.000000 255 128 0 255
-47.675911 -17.965820 37.500000 0.000000 0.000000 1.000000 255 128 0 255
-47.725739 -16.378906 37.500000 0.000000 0.000000 1.000000 255 128 0 255
-60.261002 -18.226562 37.500000 0.000000 0.000000 1.000000 255 128 0 255
-72.872047 -18.822754 37.500000 -0.705814 -0.042741 0.707107 255 128 0 255
-60.336784 -16.975098 37.500000 0.000000 0.000000 1.000000 255 128 0 255
-47.801521 -15.127441 37.500000 0.000000 0.000000 1.000000 255 128 0 255
-72.947830 -17.571289 37.500000 -0.705814 -0.042741 0.707107 255 128 0 255
-60.412567 -15.723633 37.500000 0.000000 0.000000 1.000000 255 128 0 255
-47.877304 -13.875977 37.500000 0.000000 0.000000 1.000000 255 128 0 255
-60.488350 -14.472168 37.500000 0.000000 0.000000 1.000000 255 128 0 255
-73.152481 -13.810059 37.500000 -0.706478 -0.029805 0.707107 255 128 0 255
-60.541435 -13.213867 37.500000 0.000000 0.000000 1.000000 255 128 0 255
-47.930389 -12.617676 37.500000 0.000000 0.000000 1.000000 255 128 0 255
-73.205566 -12.551758 37.500000 -0.706478 -0.029805 0.707107 255 128 0 255
-60.594521 -11.955566 37.500000 0.000000 0.000000 1.000000 255 128 0 255
-47.983475 -11.359375 37.500000 0.000000 0.000000 1.000000 255 128 0 255
-60.647606 -10.697266 37.500000 0.000000 0.000000 1.000000 255 128 0 255
-22.672424 -9.498047 37.500000 0.707096 0.003821 0.707107 255 128 0 255
-35.327950 -10.428711 37.500000 0.000000 0.000000 1.000000 255 128 0 255
-35.336555 -8.835938 37.500000 0.000000 0.000000 1.000000 255 128 0 255
-47.992081 -9.766602 37.500000 0.000000 0.000000 1.000000 255 128 0 255
-48.000687 -8.173828 37.500000 0.000000 0.000000 1.000000 255 128 0 255
-60.656212 -9.104492 37.500000 0.000000 0.000000 1.000000 255 128 0 255
-73.380035 -7.509277 37.500000 -0.706848 -0.019113 0.707107 255 128 0 255
-60.724510 -6.578613 37.500000 0.000000 0.000000 1.000000 255 128 0 255
-48.068985 -5.647949 37.500000 0.000000 0.000000 1.000000 255 128 0 255
-73.448334 -4.983398 37.500000 -0.706848 -0.019113 0.707107 255 128 0 255
-60.792809 -4.052734 37.500000 0.000000 0.000000 1.000000 255 128 0 255
-48.137283 -3.122070 37.500000 0.000000 0.000000 1.000000 255 128 0 255
-60.861107 -1.526855 37.500000 0.000000 0.000000 1.000000 255 128 0 255
-22.665604 -3.122070 37.500000 0.707087 -0.005326 0.707107 255 128 0 255
-35.401443 -3.122070 37.500000 0.000000 0.000000 1.000000 255 128 0 255
-35.389427 -1.526855 37.500000 0.000000 0.000000 1.000000 255 128 0 255
-48.125267 -1.526855 37.500000 0.000000 0.000000 1.000000 255 128 0 255
-48.113251 0.068359 37.500000 0.000000 0.000000 1.000000 255 128 0 255
-60.849091 0.068359 37.500000 0.000000 0.000000 1.000000 255 128 0 255
-22.671127 3.279297 37.500000 0.707077 0.006509 0.707107 255 128 0 255
-35.392189 1.673828 37.500000 0.000000 0.000000 1.000000 255 128 0 255
-35.406967 3.279297 37.500000 0.000000 0.000000 1.000000 255 128 0 255
-48.128029 1.673828 37.500000 0.000000 0.000000 1.000000 255 128 0 255
-48.142807 3.279297 37.500000 0.000000 0.000000 1.000000 255 128 0 255
-60.863869 1.673828 37.500000 0.000000 0.000000 1.000000 255 128 0 255
-73.491653 2.536133 37.500000 -0.706602 0.026708 0.707107 255 128 0 255
-60.770592 4.141602 37.500000 0.000000 0.000000 1.000000 255 128 0 255
-48.049530 5.747070 37.500000 0.000000 0.000000 1.000000 255 128 0 255
-73.398376 5.003906 37.500000 -0.706602 0.026708 0.707107 255 128 0 255
-60.677315 6.609375 37.500000 0.000000 0.000000 1.000000 255 128 0 255
-47.956253 8.214844 37.500000 0.000000 0.000000 1.000000 255 128 0 255
-60.584038 9.077148 37.500000 0.000000 0.000000 1.000000 255 128 0 255
-22.688217 9.694336 37.500000 0.707101 -0.002751 0.707107 255 128 0 255
-35.322235 8.954590 37.500000 0.000000 0.000000 1.000000 255 128 0 255
-35.316002 10.556641 37.500000 0.000000 0.000000 1.000000 255 128 0 255
-47.950020 9.816895 37.500000 0.000000 0.000000 1.000000 255 128 0 255
-47.943787 11.418945 37.500000 0.000000 0.000000 1.000000 255 128 0 255
-60.577805 10.679199 37.500000 0.000000 0.000000 1.000000 255 128 0 255
-73.087959 12.382324 37.500000 -0.706200 0.035807 0.707107 255 128 0 255
-60.453941 13.122070 37.500000 0.000000 0.000000 1.000000 255 128 0 255
-47.819923 13.861816 37.500000 0.000000 0.000000 1.000000 255 128 0 255
-72.964096 14.825195 37.500000 -0.706200 0.035807 0.707107 255 128 0 255
-60.330078 15.564941 37.500000 0.000000 0.000000 1.000000 255 128 0 255
-47.696060 16.304688 37.500000 0.000000 0.000000 1.000000 255 128 0 255
-60.206215 18.007812 37.500000 0.000000 0.000000 1.000000 255 128 0 255
-22.579193 16.091797 37.500000 0.706784 -0.021371 0.707107 255 128 0 255
-35.137627 16.198242 37.500000 0.000000 0.000000 1.000000 255 128 0 255
-35.089348 17.794922 37.500000 0.000000 0.000000 1.000000 255 128 0 255
-47.647781 17.901367 37.500000 0.000000 0.000000 1.000000 255 128 0 255
-47.599503 19.498047 37.500000 0.000000 0.000000 1.000000 255 128 0 255
-60.157936 19.604492 37.500000 0.000000 0.000000 1.000000 255 128 0 255
-72.633408 20.915527 37.500000 -0.705436 0.048584 0.707107 255 128 0 255
-60.074974 20.809082 37.500000 0.000000 0.000000 1.000000 255 128 0 255
-47.516541 20.702637 37.500000 0.000000 0.000000 1.000000 255 128 0 255
-72.550446 22.120117 37.500000 -0.705436 0.048584 0.707107 255 128 0 255
-59.992012 22.013672 37.500000 0.000000 0.000000 1.000000 255 128 0 255
-47.433578 21.907227 37.500000 0.000000 0.000000 1.000000 255 128 0 255
-59.909050 23.218262 37.500000 0.000000 0.000000 1.000000 255 128 0 255
-72.282463 25.717773 37.500000 -0.704514 0.060499 0.707107 255 128 0 255
-59.806992 24.406738 37.500000 0.000000 0.000000 1.000000 255 128 0 255
-47.331520 23.095703 37.500000 0.000000 0.000000 1.000000 255 128 0 255
-72.180405 26.906250 37.500000 -0.704514 0.060499 0.707107 255 128 0 255
-59.704933 25.595215 37.500000 0.000000 0.000000 1.000000 255 128 0 255
-47.229462 24.284180 37.500000 0.000000 0.000000 1.000000 255 128 0 255
-59.602875 26.783691 37.500000 0.000000 0.000000 1.000000 255 128 0 255
-22.259995 22.460938 37.500000 0.705376 -0.049451 0.707107 255 128 0 255
-34.744728 23.372559 37.500000 0.000000 0.000000 1.000000 255 128 0 255
-34.633408 24.960449 37.500000 0.000000 0.000000 1.000000 255 128 0 255
-47.118141 25.872070 37.500000 0.000000 0.000000 1.000000 255 128 0 255
-47.006821 27.459961 37.500000 0.000000 0.000000 1.000000 255 128 0 255
-59.491554 28.371582 37.500000 0.000000 0.000000 1.000000 255 128 0 255
-71.851280 30.453125 37.500000 -0.703104 0.075128 0.707107 255 128 0 255
-59.366547 29.541504 37.500000 0.000000 0.000000 1.000000 255 128 0 255
-46.881813 28.629883 37.500000 0.000000 0.000000 1.000000 255 128 0 255
-71.726273 31.623047 37.500000 -0.703104 0.075128 0.707107 255 128 0 255
-59.241539 30.711426 37.500000 0.000000 0.000000 1.000000 255 128 0 255
-46.756805 29.799805 37.500000 0.000000 0.000000 1.000000 255 128 0 255
-59.116531 31.881348 37.500000 0.000000 0.000000 1.000000 255 128 0 255
-71.324486 35.110840 37.500000 -0.701007 0.092681 0.707107 255 128 0 255
-58.964760 33.029297 37.500000 0.000000 0.000000 1.000000 255 128 0 255
-46.605034 30.947754 37.500000 0.000000 0.000000 1.000000 255 128 0 255
-71.172714 36.258789 37.500000 -0.701007 0.092681 0.707107 255 128 0 255
-58.812988 34.177246 37.500000 0.000000 0.000000 1.000000 255 128 0 255
-46.453262 32.095703 37.500000 0.000000 0.000000 1.000000 255 128 0 255
-58.661217 35.325195 37.500000 0.000000 0.000000 1.000000 255 128 0 255
-21.865601 27.216797 37.500000 0.702966 -0.076412 0.707107 255 128 0 255
-34.159431 29.656250 37.500000 0.000000 0.000000 1.000000 255 128 0 255
-34.073555 30.446289 37.500000 0.000000 0.000000 1.000000 255 128 0 255
-46.367386 32.885742 37.500000 0.000000 0.000000 1.000000 255 128 0 255
-46.281509 33.675781 37.500000 0.000000 0.000000 1.000000 255 128 0 255
-58.575340 36.115234 37.500000 0.000000 0.000000 1.000000 255 128 0 255
-70.686829 39.678711 37.500000 -0.697982 0.113229 0.707107 255 128 0 255
-58.392998 37.239258 37.500000 0.000000 0.000000 1.000000 255 128 0 255
-46.099167 34.799805 37.500000 0.000000 0.000000 1.000000 255 128 0 255
-70.504486 40.802734 37.500000 -0.697982 0.113229 0.707107 255 128 0 255
-58.210655 38.363281 37.500000 0.000000 0.000000 1.000000 255 128 0 255
-45.916824 35.923828 37.500000 0.000000 0.000000 1.000000 255 128 0 255
-58.028313 39.487305 37.500000 0.000000 0.000000 1.000000 255 128 0 255
-69.923058 44.145508 37.500000 -0.693642 0.137333 0.707107 255 128 0 255
-57.811569 40.582031 37.500000 0.000000 0.000000 1.000000 255 128 0 255
-45.700081 37.018555 37.500000 0.000000 0.000000 1.000000 255 128 0 255
-69.706314 45.240234 37.500000 -0.693642 0.137333 0.707107 255 128 0 255
-57.594826 41.676758 37.500000 0.000000 0.000000 1.000000 255 128 0 255
-45.483337 38.113281 37.500000 0.000000 0.000000 1.000000 255 128 0 255
-57.378082 42.771484 37.500000 0.000000 0.000000 1.000000 255 128 0 255
-21.474808 30.370117 37.500000 0.700352 -0.097509 0.707106 255 128 0 255
-33.479073 34.241699 37.500000 0.000000 0.000000 1.000000 255 128 0 255
-33.369553 35.028320 37.500000 0.000000 0.000000 1.000000 255 128 0 255
-45.373817 38.899902 37.500000 0.000000 0.000000 1.000000 255 128 0 255
-45.264297 39.686523 37.500000 0.000000 0.000000 1.000000 255 128 0 255
-57.268562 43.558105 37.500000 0.000000 0.000000 1.000000 255 128 0 255
-69.017853 48.494141 37.500000 -0.687654 0.164718 0.707107 255 128 0 255
-57.013588 44.622559 37.500000 0.000000 0.000000 1.000000 255 128 0 255
-45.009323 40.750977 37.500000 0.000000 0.000000 1.000000 255 128 0 255
-68.762878 49.558594 37.500000 -0.687654 0.164718 0.707107 255 128 0 255
-56.758614 45.687012 37.500000 0.000000 0.000000 1.000000 255 128 0 255
-44.754349 41.815430 37.500000 0.000000 0.000000 1.000000 255 128 0 255
-56.503639 46.751465 37.500000 0.000000 0.000000 1.000000 255 128 0 255
-67.955910 52.717285 37.500000 -0.679411 0.195962 0.707107 255 128 0 255
-56.206619 47.781250 37.500000 0.000000 0.000000 1.000000 255 128 0 255
-44.457329 42.845215 37.500000 0.000000 0.000000 1.000000 255 128 0 255
-67.658890 53.747070 37.500000 -0.679411 0.195962 0.707107 255 128 0 255
-55.909599 48.811035 37.500000 0.000000 0.000000 1.000000 255 128 0 255
-44.160309 43.875000 37.500000 0.000000 0.000000 1.000000 255 128 0 255
-55.612579 49.840820 37.500000 0.000000 0.000000 1.000000 255 128 0 255
-20.986374 33.510742 37.500000 0.696889 -0.119778 0.707107 255 128 0 255
-32.573341 38.692871 37.500000 0.000000 0.000000 1.000000 255 128 0 255
-32.438644 39.476562 37.500000 0.000000 0.000000 1.000000 255 128 0 255
-44.025612 44.658691 37.500000 0.000000 0.000000 1.000000 255 128 0 255
-43.890915 45.442383 37.500000 0.000000 0.000000 1.000000 255 128 0 255
-55.477882 50.624512 37.500000 0.000000 0.000000 1.000000 255 128 0 255
-66.721962 56.798828 37.500000 -0.668323 0.230964 0.707107 255 128 0 255
-55.134995 51.616699 37.500000 0.000000 0.000000 1.000000 255 128 0 255
-43.548027 46.434570 37.500000 0.000000 0.000000 1.000000 255 128 0 255
-66.379074 57.791016 37.500000 -0.668323 0.230964 0.707107 255 128 0 255
-54.792107 52.608887 37.500000 0.000000 0.000000 1.000000 255 128 0 255
-43.205139 47.426758 37.500000 0.000000 0.000000 1.000000 255 128 0 255
-54.449219 53.601074 37.500000 0.000000 0.000000 1.000000 255 128 0 255
-65.300705 60.727539 37.500000 -0.653717 0.269543 0.707107 255 128 0 255
-54.056625 54.553223 37.500000 0.000000 0.000000 1.000000 255 128 0 255
-42.812546 48.378906 37.500000 0.000000 0.000000 1.000000 255 128 0 255
-64.908112 61.679688 37.500000 -0.653717 0.269543 0.707107 255 128 0 255
-53.664032 55.505371 37.500000 0.000000 0.000000 1.000000 255 128 0 255
-42.419952 49.331055 37.500000 0.000000 0.000000 1.000000 255 128 0 255
-53.271439 56.457520 37.500000 0.000000 0.000000 1.000000 255 128 0 255
-20.403503 36.639648 37.500000 0.693275 -0.139175 0.707107 255 128 0 255
-31.411728 42.985352 37.500000 0.000000 0.000000 1.000000 255 128 0 255
-31.254990 43.766113 37.500000 0.000000 0.000000 1.000000 255 128 0 255
-42.263214 50.111816 37.500000 0.000000 0.000000 1.000000 255 128 0 255
-42.106476 50.892578 37.500000 0.000000 0.000000 1.000000 255 128 0 255
-53.114700 57.238281 37.500000 0.000000 0.000000 1.000000 255 128 0 255
-63.676819 64.492676 37.500000 -0.634741 0.311615 0.707107 255 128 0 255
-52.668594 58.146973 37.500000 0.000000 0.000000 1.000000 255 128 0 255
-41.660370 51.801270 37.500000 0.000000 0.000000 1.000000 255 128 0 255
-63.230713 65.401367 37.500000 -0.634741 0.311615 0.707107 255 128 0 255
-52.222488 59.055664 37.500000 0.000000 0.000000 1.000000 255 128 0 255
-41.214264 52.709961 37.500000 0.000000 0.000000 1.000000 255 128 0 255
-51.776382 59.964355 37.500000 0.000000 0.000000 1.000000 255 128 0 255
-61.835052 68.081055 37.500000 -0.610649 0.356522 0.707107 255 128 0 255
-51.272934 60.826660 37.500000 0.000000 0.000000 1.000000 255 128 0 255
-40.710815 53.572266 37.500000 0.000000 0.000000 1.000000 255 128 0 255
-61.331604 68.943359 37.500000 -0.610649 0.356522 0.707107 255 128 0 255
-50.769485 61.688965 37.500000 0.000000 0.000000 1.000000 255 128 0 255
-40.207367 54.434570 37.500000 0.000000 0.000000 1.000000 255 128 0 255
-50.266037 62.551270 37.500000 0.000000 0.000000 1.000000 255 128 0 255
-39.078156 56.057617 37.500000 0.000000 0.000000 1.000000 255 128 0 255
-39.642761 55.246094 37.500000 0.000000 0.000000 1.000000 255 128 0 255
-49.136826 64.174316 37.500000 0.000000 0.000000 1.000000 255 128 0 255
-49.701431 63.362793 37.500000 0.000000 0.000000 1.000000 255 128 0 255
-59.195496 72.291016 37.500000 -0.580445 0.403836 0.707107 255 128 0 255
-59.760101 71.479492 37.500000 -0.580445 0.403836 0.707107 255 128 0 255
-57.759850 74.300293 37.500000 -0.553937 0.439493 0.707107 255 128 0 255
-48.265785 65.372070 37.500000 0.000000 0.000000 1.000000 255 128 0 255
-38.771721 56.443848 37.500000 0.000000 0.000000 1.000000 255 128 0 255
-57.453415 74.686523 37.500000 -0.553937 0.439493 0.707107 255 128 0 255
-47.959351 65.758301 37.500000 0.000000 0.000000 1.000000 255 128 0 255
-38.465286 56.830078 37.500000 0.000000 0.000000 1.000000 255 128 0 255
-47.652916 66.144531 37.500000 0.000000 0.000000 1.000000 255 128 0 255
-56.517395 75.831543 37.500000 -0.534164 0.463324 0.707106 255 128 0 255
-47.329765 66.517090 37.500000 0.000000 0.000000 1.000000 255 128 0 255
-38.142136 57.202637 37.500000 0.000000 0.000000 1.000000 255 128 0 255
-56.194244 76.204102 37.500000 -0.534164 0.463324 0.707106 255 128 0 255
-47.006615 66.889648 37.500000 0.000000 0.000000 1.000000 255 128 0 255
-37.818985 57.575195 37.500000 0.000000 0.000000 1.000000 255 128 0 255
-46.683464 67.262207 37.500000 0.000000 0.000000 1.000000 255 128 0 255
-19.366211 41.310547 37.500000 0.688693 -0.160317 0.707107 255 128 0 255
-28.592598 49.442871 37.500000 0.000000 0.000000 1.000000 255 128 0 255
-28.230690 50.997559 37.500000 0.000000 0.000000 1.000000 255 128 0 255
-37.457077 59.129883 37.500000 0.000000 0.000000 1.000000 255 128 0 255
-37.095169 60.684570 37.500000 0.000000 0.000000 1.000000 255 128 0 255
-46.321556 68.816895 37.500000 0.000000 0.000000 1.000000 255 128 0 255
-55.207664 77.308105 37.500000 -0.513125 0.486520 0.707107 255 128 0 255
-45.981277 69.175781 37.500000 0.000000 0.000000 1.000000 255 128 0 255
-36.754890 61.043457 37.500000 0.000000 0.000000 1.000000 255 128 0 255
-54.867386 77.666992 37.500000 -0.513125 0.486520 0.707107 255 128 0 255
-45.640999 69.534668 37.500000 0.000000 0.000000 1.000000 255 128 0 255
-36.414612 61.402344 37.500000 0.000000 0.000000 1.000000 255 128 0 255
-45.300720 69.893555 37.500000 0.000000 0.000000 1.000000 255 128 0 255
-35.700363 62.091797 37.500000 0.000000 0.000000 1.000000 255 128 0 255
-36.057487 61.747070 37.500000 0.000000 0.000000 1.000000 255 128 0 255
-44.586472 70.583008 37.500000 0.000000 0.000000 1.000000 255 128 0 255
-44.943596 70.238281 37.500000 0.000000 0.000000 1.000000 255 128 0 255
-53.472580 79.074219 37.500000 -0.491091 0.508753 0.707107 255 128 0 255
-53.829704 78.729492 37.500000 -0.491091 0.508753 0.707107 255 128 0 255
-51.996048 80.415039 37.500000 -0.459358 0.537578 0.707107 255 128 0 255
-43.467064 71.579102 37.500000 0.000000 0.000000 1.000000 255 128 0 255
-34.938080 62.743164 37.500000 0.000000 0.000000 1.000000 255 128 0 255
-51.233765 81.066406 37.500000 -0.459358 0.537578 0.707107 255 128 0 255
-42.704781 72.230469 37.500000 0.000000 0.000000 1.000000 255 128 0 255
-34.175797 63.394531 37.500000 0.000000 0.000000 1.000000 255 128 0 255
-41.942497 72.881836 37.500000 0.000000 0.000000 1.000000 255 128 0 255
-48.887032 82.971191 37.500000 -0.417764 0.570503 0.707107 255 128 0 255
-41.120331 73.483887 37.500000 0.000000 0.000000 1.000000 255 128 0 255
-33.353630 63.996582 37.500000 0.000000 0.000000 1.000000 255 128 0 255
-48.064865 83.573242 37.500000 -0.417764 0.570503 0.707107 255 128 0 255
-40.298164 74.085938 37.500000 0.000000 0.000000 1.000000 255 128 0 255
-32.531464 64.598633 37.500000 0.000000 0.000000 1.000000 255 128 0 255
-39.475998 74.687988 37.500000 0.000000 0.000000 1.000000 255 128 0 255
-17.848083 47.520508 37.500000 0.684987 -0.175481 0.707107 255 128 0 255
-25.189774 56.059570 37.500000 0.000000 0.000000 1.000000 255 128 0 255
-24.792618 57.609863 37.500000 0.000000 0.000000 1.000000 255 128 0 255
-32.134308 66.148926 37.500000 0.000000 0.000000 1.000000 255 128 0 255
-31.737152 67.699219 37.500000 0.000000 0.000000 1.000000 255 128 0 255
-39.078842 76.238281 37.500000 0.000000 0.000000 1.000000 255 128 0 255
-29.983002 68.814453 37.500000 0.000000 0.000000 1.000000 255 128 0 255
-30.860077 68.256836 37.500000 0.000000 0.000000 1.000000 255 128 0 255
-37.324692 77.353516 37.500000 0.000000 0.000000 1.000000 255 128 0 255
-38.201767 76.795898 37.500000 0.000000 0.000000 1.000000 255 128 0 255
-44.666382 85.892578 37.500000 -0.379376 0.596720 0.707107 255 128 0 255
-45.543457 85.334961 37.500000 -0.379376 0.596720 0.707107 255 128 0 255
-41.985237 87.524414 37.500000 -0.344218 0.617668 0.707106 255 128 0 255
-35.520622 78.427734 37.500000 0.000000 0.000000 1.000000 255 128 0 255
-29.056007 69.331055 37.500000 0.000000 0.000000 1.000000 255 128 0 255
-41.058243 88.041016 37.500000 -0.344218 0.617668 0.707106 255 128 0 255
-34.593628 78.944336 37.500000 0.000000 0.000000 1.000000 255 128 0 255
-28.129013 69.847656 37.500000 0.000000 0.000000 1.000000 255 128 0 255
-33.666634 79.460938 37.500000 0.000000 0.000000 1.000000 255 128 0 255
-38.232346 89.554688 37.500000 -0.313362 0.633880 0.707107 255 128 0 255
-32.694725 79.941406 37.500000 0.000000 0.000000 1.000000 255 128 0 255
-27.157104 70.328125 37.500000 0.000000 0.000000 1.000000 255 128 0 255
-37.260437 90.035156 37.500000 -0.313362 0.633880 0.707107 255 128 0 255
-31.722816 80.421875 37.500000 0.000000 0.000000 1.000000 255 128 0 255
-26.185196 70.808594 37.500000 0.000000 0.000000 1.000000 255 128 0 255
-30.750908 80.902344 37.500000 0.000000 0.000000 1.000000 255 128 0 255
-16.330414 51.855469 37.500000 0.610072 -0.357509 0.707107 255 128 0 255
-21.257805 61.332031 37.500000 0.000000 0.000000 1.000000 255 128 0 255
-20.896126 61.949219 37.500000 0.000000 0.000000 1.000000 255 128 0 255
-25.823517 71.425781 37.500000 0.000000 0.000000 1.000000 255 128 0 255
-25.461838 72.042969 37.500000 0.000000 0.000000 1.000000 255 128 0 255
-30.389229 81.519531 37.500000 0.000000 0.000000 1.000000 255 128 0 255
-34.304787 91.443359 37.500000 -0.285881 0.646739 0.707107 255 128 0 255
-29.377396 81.966797 37.500000 0.000000 0.000000 1.000000 255 128 0 255
-24.450005 72.490234 37.500000 0.000000 0.000000 1.000000 255 128 0 255
-33.292953 91.890625 37.500000 -0.285881 0.646739 0.707107 255 128 0 255
-28.365562 82.414062 37.500000 0.000000 0.000000 1.000000 255 128 0 255
-23.438171 72.937500 37.500000 0.000000 0.000000 1.000000 255 128 0 255
-27.353729 82.861328 37.500000 0.000000 0.000000 1.000000 255 128 0 255
-14.842484 54.263672 37.500000 0.592504 -0.385927 0.707107 255 128 0 255
-19.140327 63.600586 37.500000 0.000000 0.000000 1.000000 255 128 0 255
-18.758041 64.187500 37.500000 0.000000 0.000000 1.000000 255 128 0 255
-23.055885 73.524414 37.500000 0.000000 0.000000 1.000000 255 128 0 255
-22.673599 74.111328 37.500000 0.000000 0.000000 1.000000 255 128 0 255
-16.058304 66.772949 37.500000 0.000000 0.000000 1.000000 255 128 0 255
-12.601891 57.289062 37.500000 0.536260 -0.460896 0.707107 255 128 0 255
-19.732941 76.002930 37.500000 0.000000 0.000000 1.000000 255 128 0 255
-16.276527 66.519043 37.500000 0.000000 0.000000 1.000000 255 128 0 255
-19.951164 75.749023 37.500000 0.000000 0.000000 1.000000 255 128 0 255
-12.820114 57.035156 37.500000 0.536260 -0.460896 0.707107 255 128 0 255
-16.494751 66.265137 37.500000 0.000000 0.000000 1.000000 255 128 0 255
-20.169388 75.495117 37.500000 0.000000 0.000000 1.000000 255 128 0 255
-16.712975 66.011230 37.500000 0.000000 0.000000 1.000000 255 128 0 255
-13.461899 56.254883 37.500000 0.564697 -0.425578 0.707107 255 128 0 255
-16.918312 65.738770 37.500000 0.000000 0.000000 1.000000 255 128 0 255
-20.374725 75.222656 37.500000 0.000000 0.000000 1.000000 255 128 0 255
-13.667236 55.982422 37.500000 0.564697 -0.425578 0.707107 255 128 0 255
-17.123650 65.466309 37.500000 0.000000 0.000000 1.000000 255 128 0 255
-20.580063 74.950195 37.500000 0.000000 0.000000 1.000000 255 128 0 255
-17.328987 65.193848 37.500000 0.000000 0.000000 1.000000 255 128 0 255
-29.175751 93.624023 37.500000 -0.263005 0.656375 0.707107 255 128 0 255
-24.877907 84.287109 37.500000 0.000000 0.000000 1.000000 255 128 0 255
-25.924675 83.867676 37.500000 0.000000 0.000000 1.000000 255 128 0 255
-21.626831 74.530762 37.500000 0.000000 0.000000 1.000000 255 128 0 255
-13.525200 68.474609 37.500000 0.000000 0.000000 1.000000 255 128 0 255
-10.693581 59.080566 37.500000 0.445956 -0.548747 0.707107 255 128 0 255
-16.608566 77.664062 37.500000 0.000000 0.000000 1.000000 255 128 0 255
-13.776947 68.270020 37.500000 0.000000 0.000000 1.000000 255 128 0 255
-16.860313 77.459473 37.500000 0.000000 0.000000 1.000000 255 128 0 255
-10.945328 58.875977 37.500000 0.445956 -0.548747 0.707107 255 128 0 255
-14.028694 68.065430 37.500000 0.000000 0.000000 1.000000 255 128 0 255
-17.112061 77.254883 37.500000 0.000000 0.000000 1.000000 255 128 0 255
-14.280441 67.860840 37.500000 0.000000 0.000000 1.000000 255 128 0 255
-11.682533 58.235840 37.500000 0.497028 -0.502955 0.707106 255 128 0 255
-14.514153 67.629883 37.500000 0.000000 0.000000 1.000000 255 128 0 255
-17.345772 77.023926 37.500000 0.000000 0.000000 1.000000 255 128 0 255
-11.916245 58.004883 37.500000 0.497028 -0.502955 0.707106 255 128 0 255
-14.747864 67.398926 37.500000 0.000000 0.000000 1.000000 255 128 0 255
-17.579483 76.792969 37.500000 0.000000 0.000000 1.000000 255 128 0 255
-14.981575 67.167969 37.500000 0.000000 0.000000 1.000000 255 128 0 255
-24.928757 95.252930 37.500000 -0.243544 0.663842 0.707107 255 128 0 255
-21.254120 86.022949 37.500000 0.000000 0.000000 1.000000 255 128 0 255
-22.330849 85.627930 37.500000 0.000000 0.000000 1.000000 255 128 0 255
-18.656212 76.397949 37.500000 0.000000 0.000000 1.000000 255 128 0 255
-8.477066 60.424316 37.500000 0.316215 -0.632462 0.707106 255 128 0 255
-11.022949 69.667480 37.500000 0.000000 0.000000 1.000000 255 128 0 255
-13.568832 78.910645 37.500000 0.000000 0.000000 1.000000 255 128 0 255
-8.769073 60.278320 37.500000 0.316215 -0.632462 0.707106 255 128 0 255
-11.314957 69.521484 37.500000 0.000000 0.000000 1.000000 255 128 0 255
-13.860840 78.764648 37.500000 0.000000 0.000000 1.000000 255 128 0 255
-11.606964 69.375488 37.500000 0.000000 0.000000 1.000000 255 128 0 255
-9.625275 59.811035 37.500000 0.382862 -0.594489 0.707107 255 128 0 255
-11.879150 69.200195 37.500000 0.000000 0.000000 1.000000 255 128 0 255
-14.133026 78.589355 37.500000 0.000000 0.000000 1.000000 255 128 0 255
-9.897461 59.635742 37.500000 0.382862 -0.594489 0.707107 255 128 0 255
-12.151337 69.024902 37.500000 0.000000 0.000000 1.000000 255 128 0 255
-14.405212 78.414062 37.500000 0.000000 0.000000 1.000000 255 128 0 255
-12.423523 68.849609 37.500000 0.000000 0.000000 1.000000 255 128 0 255
-20.571945 96.792969 37.500000 -0.227854 0.669390 0.707107 255 128 0 255
-17.488579 87.603516 37.500000 0.000000 0.000000 1.000000 255 128 0 255
-18.590256 87.228516 37.500000 0.000000 0.000000 1.000000 255 128 0 255
-15.506889 78.039062 37.500000 0.000000 0.000000 1.000000 255 128 0 255
-3.622551 61.914551 37.500000 0.156490 -0.689573 0.707107 255 128 0 255
-5.220261 71.487305 37.500000 0.000000 0.000000 1.000000 255 128 0 255
-6.817970 81.060059 37.500000 0.000000 0.000000 1.000000 255 128 0 255
-4.300308 61.760742 37.500000 0.156490 -0.689573 0.707107 255 128 0 255
-5.898018 71.333496 37.500000 0.000000 0.000000 1.000000 255 128 0 255
-7.495728 80.906250 37.500000 0.000000 0.000000 1.000000 255 128 0 255
-6.575775 71.179688 37.500000 0.000000 0.000000 1.000000 255 128 0 255
-5.979073 61.353027 37.500000 0.209164 -0.675463 0.707107 255 128 0 255
-6.899025 71.079590 37.500000 0.000000 0.000000 1.000000 255 128 0 255
-7.818977 80.806152 37.500000 0.000000 0.000000 1.000000 255 128 0 255
-6.302322 61.252930 37.500000 0.209164 -0.675463 0.707107 255 128 0 255
-7.222275 70.979492 37.500000 0.000000 0.000000 1.000000 255 128 0 255
-8.142227 80.706055 37.500000 0.000000 0.000000 1.000000 255 128 0 255
-7.545525 70.879395 37.500000 0.000000 0.000000 1.000000 255 128 0 255
-13.852112 98.951172 37.500000 -0.210477 0.675055 0.707107 255 128 0 255
-10.997169 89.828613 37.500000 0.000000 0.000000 1.000000 255 128 0 255
-13.255409 89.124512 37.500000 0.000000 0.000000 1.000000 255 128 0 255
-10.400467 80.001953 37.500000 0.000000 0.000000 1.000000 255 128 0 255
-7.037445 101.031250 37.500000 -0.198417 0.678698 0.707107 255 128 0 255
-4.739258 91.580078 37.500000 0.000000 0.000000 1.000000 255 128 0 255
-2.441071 82.128906 37.500000 0.000000 0.000000 1.000000 255 128 0 255
-4.739258 101.703125 37.500000 -0.198417 0.678698 0.707107 255 128 0 255
-2.441071 92.251953 37.500000 0.000000 0.000000 1.000000 255 128 0 255
-0.142883 82.800781 37.500000 0.000000 0.000000 1.000000 255 128 0 255
-0.142883 92.923828 37.500000 0.000000 0.000000 1.000000 255 128 0 255
1.879463 102.863770 37.500000 0.063761 0.704226 0.707107 255 128 0 255
1.879463 92.740723 37.500000 0.000000 0.000000 1.000000 255 128 0 255
1.879463 82.617676 37.500000 0.000000 0.000000 1.000000 255 128 0 255
3.901810 102.680664 37.500000 0.063761 0.704226 0.707107 255 128 0 255
3.901810 92.557617 37.500000 0.000000 0.000000 1.000000 255 128 0 255
3.901810 82.434570 37.500000 0.000000 0.000000 1.000000 255 128 0 255
5.924156 92.374512 37.500000 0.000000 0.000000 1.000000 255 128 0 255
5.900162 82.203125 37.500000 0.000000 0.000000 1.000000 255 128 0 255
4.900986 82.318848 37.500000 0.000000 0.000000 1.000000 255 128 0 255
7.922508 92.143066 37.500000 0.000000 0.000000 1.000000 255 128 0 255
6.923332 92.258789 37.500000 0.000000 0.000000 1.000000 255 128 0 255
9.944855 102.083008 37.500000 0.081352 0.702412 0.707107 255 128 0 255
8.945679 102.198730 37.500000 0.081352 0.702412 0.707107 255 128 0 255
12.927986 101.705566 37.500000 0.103697 0.699462 0.707107 255 128 0 255
9.906464 91.881348 37.500000 0.000000 0.000000 1.000000 255 128 0 255
6.884941 82.057129 37.500000 0.000000 0.000000 1.000000 255 128 0 255
13.912766 101.559570 37.500000 0.103697 0.699462 0.707107 255 128 0 255
10.891243 91.735352 37.500000 0.000000 0.000000 1.000000 255 128 0 255
7.869720 81.911133 37.500000 0.000000 0.000000 1.000000 255 128 0 255
11.876022 91.589355 37.500000 0.000000 0.000000 1.000000 255 128 0 255
16.847923 101.082520 37.500000 0.133096 0.694468 0.707107 255 128 0 255
12.841621 91.404297 37.500000 0.000000 0.000000 1.000000 255 128 0 255
8.835320 81.726074 37.500000 0.000000 0.000000 1.000000 255 128 0 255
17.813522 100.897461 37.500000 0.133096 0.694468 0.707107 255 128 0 255
13.807220 91.219238 37.500000 0.000000 0.000000 1.000000 255 128 0 255
9.800919 81.541016 37.500000 0.000000 0.000000 1.000000 255 128 0 255
14.772820 91.034180 37.500000 0.000000 0.000000 1.000000 255 128 0 255
11.684097 81.071289 37.500000 0.000000 0.000000 1.000000 255 128 0 255
10.742508 81.306152 37.500000 0.000000 0.000000 1.000000 255 128 0 255
16.655998 90.564453 37.500000 0.000000 0.000000 1.000000 255 128 0 255
15.714409 90.799316 37.500000 0.000000 0.000000 1.000000 255 128 0 255
21.627899 100.057617 37.500000 0.171132 0.686086 0.707107 255 128 0 255
20.686310 100.292480 37.500000 0.171132 0.686086 0.707107 255 128 0 255
24.423889 99.294434 37.500000 0.216417 0.673174 0.707107 255 128 0 255
18.510399 90.036133 37.500000 0.000000 0.000000 1.000000 255 128 0 255
12.596909 80.777832 37.500000 0.000000 0.000000 1.000000 255 128 0 255
25.336700 99.000977 37.500000 0.216417 0.673174 0.707107 255 128 0 255
19.423210 89.742676 37.500000 0.000000 0.000000 1.000000 255 128 0 255
13.509720 80.484375 37.500000 0.000000 0.000000 1.000000 255 128 0 255
20.336021 89.449219 37.500000 0.000000 0.000000 1.000000 255 128 0 255
28.041534 98.050781 37.500000 0.270027 0.653518 0.707107 255 128 0 255
21.215233 89.085938 37.500000 0.000000 0.000000 1.000000 255 128 0 255
14.388931 80.121094 37.500000 0.000000 0.000000 1.000000 255 128 0 255
28.920746 97.687500 37.500000 0.270027 0.653518 0.707107 255 128 0 255
22.094444 88.722656 37.500000 0.000000 0.000000 1.000000 255 128 0 255
15.268143 79.757812 37.500000 0.000000 0.000000 1.000000 255 128 0 255
22.973656 88.359375 37.500000 0.000000 0.000000 1.000000 255 128 0 255
16.119202 79.337891 37.500000 0.000000 0.000000 1.000000 255 128 0 255
15.693672 79.547852 37.500000 0.000000 0.000000 1.000000 255 128 0 255
23.824715 87.939453 37.500000 0.000000 0.000000 1.000000 255 128 0 255
23.399185 88.149414 37.500000 0.000000 0.000000 1.000000 255 128 0 255
31.530228 96.541016 37.500000 0.312881 0.634118 0.707107 255 128 0 255
31.104698 96.750977 37.500000 0.312881 0.634118 0.707107 255 128 0 255
32.797234 95.890625 37.500000 0.342705 0.618509 0.707107 255 128 0 255
24.666191 87.499023 37.500000 0.000000 0.000000 1.000000 255 128 0 255
16.535149 79.107422 37.500000 0.000000 0.000000 1.000000 255 128 0 255
33.213181 95.660156 37.500000 0.342705 0.618509 0.707107 255 128 0 255
25.082138 87.268555 37.500000 0.000000 0.000000 1.000000 255 128 0 255
16.951096 78.876953 37.500000 0.000000 0.000000 1.000000 255 128 0 255
25.498085 87.038086 37.500000 0.000000 0.000000 1.000000 255 128 0 255
34.850677 94.685059 37.500000 0.380420 0.596054 0.707107 255 128 0 255
26.303688 86.523926 37.500000 0.000000 0.000000 1.000000 255 128 0 255
17.756699 78.362793 37.500000 0.000000 0.000000 1.000000 255 128 0 255
35.656281 94.170898 37.500000 0.380420 0.596054 0.707107 255 128 0 255
27.109291 86.009766 37.500000 0.000000 0.000000 1.000000 255 128 0 255
18.562302 77.848633 37.500000 0.000000 0.000000 1.000000 255 128 0 255
27.914894 85.495605 37.500000 0.000000 0.000000 1.000000 255 128 0 255
20.111969 76.692383 37.500000 0.000000 0.000000 1.000000 255 128 0 255
19.337135 77.270508 37.500000 0.000000 0.000000 1.000000 255 128 0 255
29.464561 84.339355 37.500000 0.000000 0.000000 1.000000 255 128 0 255
28.689728 84.917480 37.500000 0.000000 0.000000 1.000000 255 128 0 255
38.817154 91.986328 37.500000 0.422858 0.566737 0.707107 255 128 0 255
38.042320 92.564453 37.500000 0.422858 0.566737 0.707107 255 128 0 255
41.116013 90.199707 37.500000 0.455250 0.541061 0.707107 255 128 0 255
30.988586 83.130859 37.500000 0.000000 0.000000 1.000000 255 128 0 255
20.861160 76.062012 37.500000 0.000000 0.000000 1.000000 255 128 0 255
41.865204 89.569336 37.500000 0.455250 0.541061 0.707107 255 128 0 255
31.737778 82.500488 37.500000 0.000000 0.000000 1.000000 255 128 0 255
21.610352 75.431641 37.500000 0.000000 0.000000 1.000000 255 128 0 255
32.486969 81.870117 37.500000 0.000000 0.000000 1.000000 255 128 0 255
44.092255 87.635742 37.500000 0.479707 0.519501 0.707107 255 128 0 255
33.215637 81.197266 37.500000 0.000000 0.000000 1.000000 255 128 0 255
22.339020 74.758789 37.500000 0.000000 0.000000 1.000000 255 128 0 255
44.820923 86.962891 37.500000 0.479707 0.519501 0.707107 255 128 0 255
33.944305 80.524414 37.500000 0.000000 0.000000 1.000000 255 128 0 255
23.067688 74.085938 37.500000 0.000000 0.000000 1.000000 255 128 0 255
34.672974 79.851562 37.500000 0.000000 0.000000 1.000000 255 128 0 255
24.494263 72.677734 37.500000 0.000000 0.000000 1.000000 255 128 0 255
23.780975 73.381836 37.500000 0.000000 0.000000 1.000000 255 128 0 255
36.099548 78.443359 37.500000 0.000000 0.000000 1.000000 255 128 0 255
35.386261 79.147461 37.500000 0.000000 0.000000 1.000000 255 128 0 255
47.704834 84.208984 37.500000 0.496749 0.503230 0.707106 255 128 0 255
46.991547 84.913086 37.500000 0.496749 0.503230 0.707106 255 128 0 255
55.889374 74.700195 37.500000 0.629312 0.322439 0.707107 255 128 0 255
51.933228 79.876953 37.500000 0.510539 0.489234 0.707107 255 128 0 255
54.488464 76.162109 37.500000 0.000000 0.000000 1.000000 255 128 0 255
53.087555 77.624023 37.500000 0.000000 0.000000 1.000000 255 128 0 255
57.043701 72.447266 37.500000 0.629312 0.322439 0.707107 255 128 0 255
55.642792 73.909180 37.500000 0.000000 0.000000 1.000000 255 128 0 255
54.241882 75.371094 37.500000 0.000000 0.000000 1.000000 255 128 0 255
56.797119 71.656250 37.500000 0.000000 0.000000 1.000000 255 128 0 255
39.368073 74.024414 37.500000 0.000000 0.000000 1.000000 255 128 0 255
27.049500 68.962891 37.500000 0.000000 0.000000 1.000000 255 128 0 255
41.923309 70.309570 37.500000 0.000000 0.000000 1.000000 255 128 0 255
29.604736 65.248047 37.500000 0.000000 0.000000 1.000000 255 128 0 255
44.478546 66.594727 37.500000 0.000000 0.000000 1.000000 255 128 0 255
59.904816 66.808594 37.500000 0.635554 0.309953 0.707107 255 128 0 255
45.031006 65.461914 37.500000 0.000000 0.000000 1.000000 255 128 0 255
30.157196 64.115234 37.500000 0.000000 0.000000 1.000000 255 128 0 255
60.457275 65.675781 37.500000 0.635554 0.309953 0.707107 255 128 0 255
45.583466 64.329102 37.500000 0.000000 0.000000 1.000000 255 128 0 255
30.709656 62.982422 37.500000 0.000000 0.000000 1.000000 255 128 0 255
46.135925 63.196289 37.500000 0.000000 0.000000 1.000000 255 128 0 255
1.273911 62.317383 37.500000 -0.116809 -0.697392 0.707107 255 128 0 255
15.991783 62.649902 37.500000 0.000000 0.000000 1.000000 255 128 0 255
16.700180 62.531250 37.500000 0.000000 0.000000 1.000000 255 128 0 255
31.418053 62.863770 37.500000 0.000000 0.000000 1.000000 255 128 0 255
32.126450 62.745117 37.500000 0.000000 0.000000 1.000000 255 128 0 255
46.844322 63.077637 37.500000 0.000000 0.000000 1.000000 255 128 0 255
4.062302 61.776367 37.500000 -0.152871 -0.690386 0.707105 255 128 0 255
18.094376 62.260742 37.500000 0.000000 0.000000 1.000000 255 128 0 255
18.780174 62.108887 37.500000 0.000000 0.000000 1.000000 255 128 0 255
32.812248 62.593262 37.500000 0.000000 0.000000 1.000000 255 128 0 255
33.498047 62.441406 37.500000 0.000000 0.000000 1.000000 255 128 0 255
47.530121 62.925781 37.500000 0.000000 0.000000 1.000000 255 128 0 255
6.088608 61.275391 37.500000 -0.203995 -0.677043 0.707106 255 128 0 255
19.793327 61.858398 37.500000 0.000000 0.000000 1.000000 255 128 0 255
20.120682 61.759766 37.500000 0.000000 0.000000 1.000000 255 128 0 255
33.825401 62.342773 37.500000 0.000000 0.000000 1.000000 255 128 0 255
34.152756 62.244141 37.500000 0.000000 0.000000 1.000000 255 128 0 255
47.857475 62.827148 37.500000 0.000000 0.000000 1.000000 255 128 0 255
7.369766 60.837891 37.500000 -0.253187 -0.660225 0.707107 255 128 0 255
20.761261 61.541016 37.500000 0.000000 0.000000 1.000000 255 128 0 255
21.074486 61.420898 37.500000 0.000000 0.000000 1.000000 255 128 0 255
34.465981 62.124023 37.500000 0.000000 0.000000 1.000000 255 128 0 255
34.779205 62.003906 37.500000 0.000000 0.000000 1.000000 255 128 0 255
48.170700 62.707031 37.500000 0.000000 0.000000 1.000000 255 128 0 255
8.588776 60.308594 37.500000 -0.310020 -0.635521 0.707107 255 128 0 255
21.683990 61.156250 37.500000 0.000000 0.000000 1.000000 255 128 0 255
21.980270 61.011719 37.500000 0.000000 0.000000 1.000000 255 128 0 255
35.075485 61.859375 37.500000 0.000000 0.000000 1.000000 255 128 0 255
35.371765 61.714844 37.500000 0.000000 0.000000 1.000000 255 128 0 255
48.466980 62.562500 37.500000 0.000000 0.000000 1.000000 255 128 0 255
9.734406 59.671875 37.500000 -0.376312 -0.598657 0.707106 255 128 0 255
22.553085 60.693359 37.500000 0.000000 0.000000 1.000000 255 128 0 255
22.829620 60.519531 37.500000 0.000000 0.000000 1.000000 255 128 0 255
35.648300 61.541016 37.500000 0.000000 0.000000 1.000000 255 128 0 255
35.924835 61.367188 37.500000 0.000000 0.000000 1.000000 255 128 0 255
48.743515 62.388672 37.500000 0.000000 0.000000 1.000000 255 128 0 255
10.799500 58.914062 37.500000 -0.442079 -0.551875 0.707107 255 128 0 255
23.362167 60.140625 37.500000 0.000000 0.000000 1.000000 255 128 0 255
23.618179 59.935547 37.500000 0.000000 0.000000 1.000000 255 128 0 255
36.180847 61.162109 37.500000 0.000000 0.000000 1.000000 255 128 0 255
36.436859 60.957031 37.500000 0.000000 0.000000 1.000000 255 128 0 255
48.999527 62.183594 37.500000 0.000000 0.000000 1.000000 255 128 0 255
11.787201 58.041016 37.500000 -0.493143 -0.506765 0.707106 255 128 0 255
24.112030 59.499023 37.500000 0.000000 0.000000 1.000000 255 128 0 255
24.349869 59.267578 37.500000 0.000000 0.000000 1.000000 255 128 0 255
36.674698 60.725586 37.500000 0.000000 0.000000 1.000000 255 128 0 255
36.912537 60.494141 37.500000 0.000000 0.000000 1.000000 255 128 0 255
49.237366 61.952148 37.500000 0.000000 0.000000 1.000000 255 128 0 255
12.707367 57.069336 37.500000 -0.532516 -0.465217 0.707107 255 128 0 255
24.809952 58.781738 37.500000 0.000000 0.000000 1.000000 255 128 0 255
25.032196 58.527344 37.500000 0.000000 0.000000 1.000000 255 128 0 255
37.134781 60.239746 37.500000 0.000000 0.000000 1.000000 255 128 0 255
37.357025 59.985352 37.500000 0.000000 0.000000 1.000000 255 128 0 255
49.459610 61.697754 37.500000 0.000000 0.000000 1.000000 255 128 0 255
13.570374 56.013672 37.500000 -0.561537 -0.429739 0.707107 255 128 0 255
25.463699 57.999512 37.500000 0.000000 0.000000 1.000000 255 128 0 255
25.672958 57.726074 37.500000 0.000000 0.000000 1.000000 255 128 0 255
37.566284 59.711914 37.500000 0.000000 0.000000 1.000000 255 128 0 255
37.775543 59.438477 37.500000 0.000000 0.000000 1.000000 255 128 0 255
49.668869 61.424316 37.500000 0.000000 0.000000 1.000000 255 128 0 255
14.768784 54.288086 37.500000 -0.589710 -0.390181 0.707107 255 128 0 255
26.272163 56.863281 37.500000 0.000000 0.000000 1.000000 255 128 0 255
26.662109 56.273926 37.500000 0.000000 0.000000 1.000000 255 128 0 255
38.165489 58.849121 37.500000 0.000000 0.000000 1.000000 255 128 0 255
38.555435 58.259766 37.500000 0.000000 0.000000 1.000000 255 128 0 255
50.058815 60.834961 37.500000 0.000000 0.000000 1.000000 255 128 0 255
16.286987 51.867188 37.500000 -0.607845 -0.361281 0.707107 255 128 0 255
27.421211 55.063477 37.500000 0.000000 0.000000 1.000000 255 128 0 255
27.790367 54.442383 37.500000 0.000000 0.000000 1.000000 255 128 0 255
38.924591 57.638672 37.500000 0.000000 0.000000 1.000000 255 128 0 255
39.293747 57.017578 37.500000 0.000000 0.000000 1.000000 255 128 0 255
50.427971 60.213867 37.500000 0.000000 0.000000 1.000000 255 128 0 255
17.823639 47.525391 37.500000 -0.684759 -0.176367 0.707107 255 128 0 255
28.558693 52.271484 37.500000 0.000000 0.000000 1.000000 255 128 0 255
28.957863 50.721680 37.500000 0.000000 0.000000 1.000000 255 128 0 255
39.692917 55.467773 37.500000 0.000000 0.000000 1.000000 255 128 0 255
40.092087 53.917969 37.500000 0.000000 0.000000 1.000000 255 128 0 255
50.827141 58.664062 37.500000 0.000000 0.000000 1.000000 255 128 0 255
19.349472 41.316406 37.500000 -0.688513 -0.161090 0.707107 255 128 0 255
29.720779 47.617188 37.500000 0.000000 0.000000 1.000000 255 128 0 255
30.084526 46.062500 37.500000 0.000000 0.000000 1.000000 255 128 0 255
40.455833 52.363281 37.500000 0.000000 0.000000 1.000000 255 128 0 255
40.819580 50.808594 37.500000 0.000000 0.000000 1.000000 255 128 0 255
51.190887 57.109375 37.500000 0.000000 0.000000 1.000000 255 128 0 255
20.392029 36.646484 37.500000 -0.693122 -0.139936 0.707107 255 128 0 255
30.605804 43.727539 37.500000 0.000000 0.000000 1.000000 255 128 0 255
30.763336 42.947266 37.500000 0.000000 0.000000 1.000000 255 128 0 255
40.977112 50.028320 37.500000 0.000000 0.000000 1.000000 255 128 0 255
41.134644 49.248047 37.500000 0.000000 0.000000 1.000000 255 128 0 255
51.348419 56.329102 37.500000 0.000000 0.000000 1.000000 255 128 0 255
62.085022 62.269043 37.500000 0.642845 0.294534 0.707107 255 128 0 255
51.871246 55.187988 37.500000 0.000000 0.000000 1.000000 255 128 0 255
41.657471 48.106934 37.500000 0.000000 0.000000 1.000000 255 128 0 255
62.607849 61.127930 37.500000 0.642845 0.294534 0.707107 255 128 0 255
52.394073 54.046875 37.500000 0.000000 0.000000 1.000000 255 128 0 255
42.180298 46.965820 37.500000 0.000000 0.000000 1.000000 255 128 0 255
52.916901 52.905762 37.500000 0.000000 0.000000 1.000000 255 128 0 255
20.977859 33.518555 37.500000 -0.696786 -0.120371 0.707107 255 128 0 255
31.579079 40.242188 37.500000 0.000000 0.000000 1.000000 255 128 0 255
31.714462 39.458496 37.500000 0.000000 0.000000 1.000000 255 128 0 255
42.315681 46.182129 37.500000 0.000000 0.000000 1.000000 255 128 0 255
42.451065 45.398438 37.500000 0.000000 0.000000 1.000000 255 128 0 255
53.052284 52.122070 37.500000 0.000000 0.000000 1.000000 255 128 0 255
64.136826 57.694824 37.500000 0.651949 0.273792 0.707107 255 128 0 255
53.535606 50.971191 37.500000 0.000000 0.000000 1.000000 255 128 0 255
42.934387 44.247559 37.500000 0.000000 0.000000 1.000000 255 128 0 255
64.620148 56.543945 37.500000 0.651949 0.273792 0.707107 255 128 0 255
54.018929 49.820312 37.500000 0.000000 0.000000 1.000000 255 128 0 255
43.417709 43.096680 37.500000 0.000000 0.000000 1.000000 255 128 0 255
54.502251 48.669434 37.500000 0.000000 0.000000 1.000000 255 128 0 255
21.468765 30.375977 37.500000 -0.700301 -0.097869 0.707107 255 128 0 255
32.443237 36.736328 37.500000 0.000000 0.000000 1.000000 255 128 0 255
32.553307 35.948730 37.500000 0.000000 0.000000 1.000000 255 128 0 255
43.527779 42.309082 37.500000 0.000000 0.000000 1.000000 255 128 0 255
43.637848 41.521484 37.500000 0.000000 0.000000 1.000000 255 128 0 255
54.612320 47.881836 37.500000 0.000000 0.000000 1.000000 255 128 0 255
66.020706 53.077148 37.500000 0.662639 0.246797 0.707107 255 128 0 255
55.046234 46.716797 37.500000 0.000000 0.000000 1.000000 255 128 0 255
44.071762 40.356445 37.500000 0.000000 0.000000 1.000000 255 128 0 255
66.454620 51.912109 37.500000 0.662639 0.246797 0.707107 255 128 0 255
55.480148 45.551758 37.500000 0.000000 0.000000 1.000000 255 128 0 255
44.505676 39.191406 37.500000 0.000000 0.000000 1.000000 255 128 0 255
55.914062 44.386719 37.500000 0.000000 0.000000 1.000000 255 128 0 255
67.697113 48.402344 37.500000 0.673934 0.214039 0.707107 255 128 0 255
56.288727 43.207031 37.500000 0.000000 0.000000 1.000000 255 128 0 255
44.880341 38.011719 37.500000 0.000000 0.000000 1.000000 255 128 0 255
68.071777 47.222656 37.500000 0.673934 0.214039 0.707107 255 128 0 255
56.663391 42.027344 37.500000 0.000000 0.000000 1.000000 255 128 0 255
45.255005 36.832031 37.500000 0.000000 0.000000 1.000000 255 128 0 255
57.038055 40.847656 37.500000 0.000000 0.000000 1.000000 255 128 0 255
21.861542 27.221680 37.500000 -0.702919 -0.076848 0.707107 255 128 0 255
33.558273 32.026855 37.500000 0.000000 0.000000 1.000000 255 128 0 255
33.644592 31.237305 37.500000 0.000000 0.000000 1.000000 255 128 0 255
45.341324 36.042480 37.500000 0.000000 0.000000 1.000000 255 128 0 255
45.427643 35.252930 37.500000 0.000000 0.000000 1.000000 255 128 0 255
57.124374 40.058105 37.500000 0.000000 0.000000 1.000000 255 128 0 255
69.129257 43.666016 37.500000 0.684789 0.176250 0.707106 255 128 0 255
57.432526 38.860840 37.500000 0.000000 0.000000 1.000000 255 128 0 255
45.735794 34.055664 37.500000 0.000000 0.000000 1.000000 255 128 0 255
69.437408 42.468750 37.500000 0.684789 0.176250 0.707106 255 128 0 255
57.740677 37.663574 37.500000 0.000000 0.000000 1.000000 255 128 0 255
46.043945 32.858398 37.500000 0.000000 0.000000 1.000000 255 128 0 255
58.048828 36.466309 37.500000 0.000000 0.000000 1.000000 255 128 0 255
70.299789 38.860352 37.500000 0.693010 0.140489 0.707107 255 128 0 255
58.294907 35.252441 37.500000 0.000000 0.000000 1.000000 255 128 0 255
46.290024 31.644531 37.500000 0.000000 0.000000 1.000000 255 128 0 255
70.545868 37.646484 37.500000 0.693010 0.140489 0.707107 255 128 0 255
58.540985 34.038574 37.500000 0.000000 0.000000 1.000000 255 128 0 255
46.536102 30.430664 37.500000 0.000000 0.000000 1.000000 255 128 0 255
58.787064 32.824707 37.500000 0.000000 0.000000 1.000000 255 128 0 255
22.257965 22.465820 37.500000 -0.705359 -0.049689 0.707107 255 128 0 255
34.397034 26.448242 37.500000 0.000000 0.000000 1.000000 255 128 0 255
34.508926 24.859863 37.500000 0.000000 0.000000 1.000000 255 128 0 255
46.647995 28.842285 37.500000 0.000000 0.000000 1.000000 255 128 0 255
46.759888 27.253906 37.500000 0.000000 0.000000 1.000000 255 128 0 255
58.898956 31.236328 37.500000 0.000000 0.000000 1.000000 255 128 0 255
47.143463 24.795898 37.500000 0.000000 0.000000 1.000000 255 128 0 255
46.951675 26.024902 37.500000 0.000000 0.000000 1.000000 255 128 0 255
59.282532 28.778320 37.500000 0.000000 0.000000 1.000000 255 128 0 255
59.090744 30.007324 37.500000 0.000000 0.000000 1.000000 255 128 0 255
71.421600 32.760742 37.500000 0.698651 0.109025 0.707107 255 128 0 255
71.229813 33.989746 37.500000 0.698651 0.109025 0.707107 255 128 0 255
71.950439 29.062012 37.500000 0.702310 0.082226 0.707107 255 128 0 255
59.619583 26.308594 37.500000 0.000000 0.000000 1.000000 255 128 0 255
47.288727 23.555176 37.500000 0.000000 0.000000 1.000000 255 128 0 255
72.095703 27.821289 37.500000 0.702310 0.082226 0.707107 255 128 0 255
59.764847 25.067871 37.500000 0.000000 0.000000 1.000000 255 128 0 255
47.433990 22.314453 37.500000 0.000000 0.000000 1.000000 255 128 0 255
59.910110 23.827148 37.500000 0.000000 0.000000 1.000000 255 128 0 255
72.492706 24.088867 37.500000 0.704560 0.059968 0.707107 255 128 0 255
60.016586 22.576172 37.500000 0.000000 0.000000 1.000000 255 128 0 255
47.540466 21.063477 37.500000 0.000000 0.000000 1.000000 255 128 0 255
72.599182 22.837891 37.500000 0.704560 0.059968 0.707107 255 128 0 255
60.123062 21.325195 37.500000 0.000000 0.000000 1.000000 255 128 0 255
47.646942 19.812500 37.500000 0.000000 0.000000 1.000000 255 128 0 255
60.229538 20.074219 37.500000 0.000000 0.000000 1.000000 255 128 0 255
22.578781 16.094727 37.500000 -0.706781 -0.021469 0.707107 255 128 0 255
35.112862 17.953613 37.500000 0.000000 0.000000 1.000000 255 128 0 255
35.161377 16.356445 37.500000 0.000000 0.000000 1.000000 255 128 0 255
47.695457 18.215332 37.500000 0.000000 0.000000 1.000000 255 128 0 255
47.743973 16.618164 37.500000 0.000000 0.000000 1.000000 255 128 0 255
60.278053 18.477051 37.500000 0.000000 0.000000 1.000000 255 128 0 255
72.887558 19.076172 37.500000 0.705843 0.042260 0.707107 255 128 0 255
60.353477 17.217285 37.500000 0.000000 0.000000 1.000000 255 128 0 255
47.819397 15.358398 37.500000 0.000000 0.000000 1.000000 255 128 0 255
72.962982 17.816406 37.500000 0.705843 0.042260 0.707107 255 128 0 255
60.428902 15.957520 37.500000 0.000000 0.000000 1.000000 255 128 0 255
47.894821 14.098633 37.500000 0.000000 0.000000 1.000000 255 128 0 255
60.504326 14.697754 37.500000 0.000000 0.000000 1.000000 255 128 0 255
73.166016 14.031250 37.500000 0.706506 0.029131 0.707107 255 128 0 255
60.556511 13.432129 37.500000 0.000000 0.000000 1.000000 255 128 0 255
47.947006 12.833008 37.500000 0.000000 0.000000 1.000000 255 128 0 255
73.218201 12.765625 37.500000 0.706506 0.029131 0.707107 255 128 0 255
60.608696 12.166504 37.500000 0.000000 0.000000 1.000000 255 128 0 255
47.999191 11.567383 37.500000 0.000000 0.000000 1.000000 255 128 0 255
60.660881 10.900879 37.500000 0.000000 0.000000 1.000000 255 128 0 255
22.688339 9.696289 37.500000 -0.707101 -0.002765 0.707107 255 128 0 255
35.343765 10.631836 37.500000 0.000000 0.000000 1.000000 255 128 0 255
35.350029 9.029785 37.500000 0.000000 0.000000 1.000000 255 128 0 255
48.005455 9.965332 37.500000 0.000000 0.000000 1.000000 255 128 0 255
48.011719 8.363281 37.500000 0.000000 0.000000 1.000000 255 128 0 255
22.688744 -4.770020 37.500000 -0.707073 -0.006907 0.707107 255 128 0 255
35.408844 -3.157227 37.500000 0.000000 0.000000 1.000000 255 128 0 255
48.128944 -1.544434 37.500000 0.000000 0.000000 1.000000 255 128 0 255
22.672989 -3.157227 37.500000 -0.707073 -0.006907 0.707107 255 128 0 255
35.393089 -1.544434 37.500000 0.000000 0.000000 1.000000 255 128 0 255
48.113190 0.068359 37.500000 0.000000 0.000000 1.000000 255 128 0 255
35.377335 0.068359 37.500000 0.000000 0.000000 1.000000 255 128 0 255
22.656326 1.674316 37.500000 -0.707077 0.006537 0.707107 255 128 0 255
35.392181 1.674316 37.500000 0.000000 0.000000 1.000000 255 128 0 255
48.128036 1.674316 37.500000 0.000000 0.000000 1.000000 255 128 0 255
22.671173 3.280273 37.500000 -0.707077 0.006537 0.707107 255 128 0 255
35.407028 3.280273 37.500000 0.000000 0.000000 1.000000 255 128 0 255
48.142883 3.280273 37.500000 0.000000 0.000000 1.000000 255 128 0 255
35.421875 4.886230 37.500000 0.000000 0.000000 1.000000 255 128 0 255
73.453735 5.151367 37.500000 0.706871 0.018240 0.707107 255 128 0 255
60.798309 4.215820 37.500000 0.000000 0.000000 1.000000 255 128 0 255
60.732727 6.757324 37.500000 0.000000 0.000000 1.000000 255 128 0 255
48.077301 5.821777 37.500000 0.000000 0.000000 1.000000 255 128 0 255
54.735046 76.953125 18.750000 0.814580 0.580052 0.000000 255 128 0 255
55.889374 74.700195 18.750000 0.889981 0.455997 0.000000 255 128 0 255
57.043701 72.447266 18.750000 0.889981 0.455997 0.000000 255 128 0 255
54.735046 76.953125 0.000000 0.814580 0.580052 0.000000 255 128 0 255
55.889374 74.700195 0.000000 0.889981 0.455997 0.000000 255 128 0 255
57.043701 72.447266 0.000000 0.889981 0.455997 0.000000 255 128 0 255
55.889374 74.700195 -18.750000 0.889981 0.455997 0.000000 255 128 0 255
57.043701 72.447266 -18.750000 0.889981 0.455997 0.000000 255 128 0 255
58.198029 70.194336 0.000000 0.889981 0.455997 0.000000 255 128 0 255
58.198029 70.194336 -18.750000 0.889981 0.455997 0.000000 255 128 0 255
59.352356 67.941406 0.000000 0.894439 0.447190 0.000000 255 128 0 255
59.352356 67.941406 -18.750000 0.894439 0.447190 0.000000 255 128 0 255
59.904816 66.808594 18.750000 0.898810 0.438339 0.000000 255 128 0 255
60.457275 65.675781 18.750000 0.898810 0.438339 0.000000 255 128 0 255
59.904816 66.808594 0.000000 0.898810 0.438339 0.000000 255 128 0 255
60.457275 65.675781 0.000000 0.898810 0.438339 0.000000 255 128 0 255
59.904816 66.808594 -18.750000 0.898810 0.438339 0.000000 255 128 0 255
60.457275 65.675781 -18.750000 0.898810 0.438339 0.000000 255 128 0 255
61.009735 64.542969 0.000000 0.898810 0.438339 0.000000 255 128 0 255
61.009735 64.542969 -18.750000 0.898810 0.438339 0.000000 255 128 0 255
61.562195 63.410156 0.000000 0.904031 0.427468 0.000000 255 128 0 255
61.562195 63.410156 -18.750000 0.904031 0.427468 0.000000 255 128 0 255
62.085022 62.269043 18.750000 0.909120 0.416534 0.000000 255 128 0 255
62.607849 61.127930 18.750000 0.909120 0.416534 0.000000 255 128 0 255
62.085022 62.269043 0.000000 0.909120 0.416534 0.000000 255 128 0 255
62.607849 61.127930 0.000000 0.909120 0.416534 0.000000 255 128 0 255
62.085022 62.269043 -18.750000 0.909120 0.416534 0.000000 255 128 0 255
62.607849 61.127930 -18.750000 0.909120 0.416534 0.000000 255 128 0 255
63.130676 59.986816 0.000000 0.909120 0.416534 0.000000 255 128 0 255
63.130676 59.986816 -18.750000 0.909120 0.416534 0.000000 255 128 0 255
63.653503 58.845703 0.000000 0.915675 0.401919 0.000000 255 128 0 255
63.653503 58.845703 -18.750000 0.915675 0.401919 0.000000 255 128 0 255
64.136826 57.694824 18.750000 0.921996 0.387200 0.000000 255 128 0 255
64.620148 56.543945 18.750000 0.921996 0.387200 0.000000 255 128 0 255
64.136826 57.694824 0.000000 0.921996 0.387200 0.000000 255 128 0 255
64.620148 56.543945 0.000000 0.921996 0.387200 0.000000 255 128 0 255
64.136826 57.694824 -18.750000 0.921996 0.387200 0.000000 255 128 0 255
64.620148 56.543945 -18.750000 0.921996 0.387200 0.000000 255 128 0 255
65.103470 55.393066 0.000000 0.921996 0.387200 0.000000 255 128 0 255
65.103470 55.393066 -18.750000 0.921996 0.387200 0.000000 255 128 0 255
65.586792 54.242188 0.000000 0.929751 0.368190 0.000000 255 128 0 255
65.586792 54.242188 -18.750000 0.929751 0.368190 0.000000 255 128 0 255
66.020706 53.077148 18.750000 0.937114 0.349024 0.000000 255 128 0 255
66.454620 51.912109 18.750000 0.937114 0.349024 0.000000 255 128 0 255
66.020706 53.077148 0.000000 0.937114 0.349024 0.000000 255 128 0 255
66.454620 51.912109 0.000000 0.937114 0.349024 0.000000 255 128 0 255
66.020706 53.077148 -18.750000 0.937114 0.349024 0.000000 255 128 0 255
66.454620 51.912109 -18.750000 0.937114 0.349024 0.000000 255 128 0 255
66.888535 50.747070 0.000000 0.937114 0.349024 0.000000 255 128 0 255
66.888535 50.747070 -18.750000 0.937114 0.349024 0.000000 255 128 0 255
67.322449 49.582031 0.000000 0.945384 0.325958 0.000000 255 128 0 255
67.322449 49.582031 -18.750000 0.945384 0.325958 0.000000 255 128 0 255
67.697113 48.402344 18.750000 0.953087 0.302697 0.000000 255 128 0 255
68.071777 47.222656 18.750000 0.953087 0.302697 0.000000 255 128 0 255
67.697113 48.402344 0.000000 0.953087 0.302697 0.000000 255 128 0 255
68.071777 47.222656 0.000000 0.953087 0.302697 0.000000 255 128 0 255
67.697113 48.402344 -18.750000 0.953087 0.302697 0.000000 255 128 0 255
68.071777 47.222656 -18.750000 0.953087 0.302697 0.000000 255 128 0 255
68.446442 46.042969 0.000000 0.953087 0.302697 0.000000 255 128 0 255
68.446442 46.042969 -18.750000 0.953087 0.302697 0.000000 255 128 0 255
68.821106 44.863281 0.000000 0.961134 0.276083 0.000000 255 128 0 255
68.821106 44.863281 -18.750000 0.961134 0.276083 0.000000 255 128 0 255
69.129257 43.666016 18.750000 0.968438 0.249256 0.000000 255 128 0 255
69.437408 42.468750 18.750000 0.968438 0.249256 0.000000 255 128 0 255
69.129257 43.666016 0.000000 0.968438 0.249256 0.000000 255 128 0 255
69.437408 42.468750 0.000000 0.968438 0.249256 0.000000 255 128 0 255
69.129257 43.666016 -18.750000 0.968438 0.249256 0.000000 255 128 0 255
69.437408 42.468750 -18.750000 0.968438 0.249256 0.000000 255 128 0 255
69.745560 41.271484 0.000000 0.968438 0.249256 0.000000 255 128 0 255
69.745560 41.271484 -18.750000 0.968438 0.249256 0.000000 255 128 0 255
70.053711 40.074219 0.000000 0.974579 0.224044 0.000000 255 128 0 255
70.053711 40.074219 -18.750000 0.974579 0.224044 0.000000 255 128 0 255
70.299789 38.860352 18.750000 0.980064 0.198681 0.000000 255 128 0 255
70.545868 37.646484 18.750000 0.980064 0.198681 0.000000 255 128 0 255
70.299789 38.860352 0.000000 0.980064 0.198681 0.000000 255 128 0 255
70.545868 37.646484 0.000000 0.980064 0.198681 0.000000 255 128 0 255
70.299789 38.860352 -18.750000 0.980064 0.198681 0.000000 255 128 0 255
70.545868 37.646484 -18.750000 0.980064 0.198681 0.000000 255 128 0 255
70.791946 36.432617 0.000000 0.980064 0.198681 0.000000 255 128 0 255
70.791946 36.432617 -18.750000 0.980064 0.198681 0.000000 255 128 0 255
71.038025 35.218750 0.000000 0.984304 0.176478 0.000000 255 128 0 255
71.038025 35.218750 -18.750000 0.984304 0.176478 0.000000 255 128 0 255
71.229813 33.989746 18.750000 0.988042 0.154185 0.000000 255 128 0 255
71.421600 32.760742 18.750000 0.988042 0.154185 0.000000 255 128 0 255
71.229813 33.989746 0.000000 0.988042 0.154185 0.000000 255 128 0 255
71.421600 32.760742 0.000000 0.988042 0.154185 0.000000 255 128 0 255
71.229813 33.989746 -18.750000 0.988042 0.154185 0.000000 255 128 0 255
71.421600 32.760742 -18.750000 0.988042 0.154185 0.000000 255 128 0 255
71.613388 31.531738 0.000000 0.988042 0.154185 0.000000 255 128 0 255
71.613388 31.531738 -18.750000 0.988042 0.154185 0.000000 255 128 0 255
71.805176 30.302734 0.000000 0.990810 0.135260 0.000000 255 128 0 255
71.805176 30.302734 -18.750000 0.990810 0.135260 0.000000 255 128 0 255
71.950439 29.062012 18.750000 0.993216 0.116286 0.000000 255 128 0 255
72.095703 27.821289 18.750000 0.993216 0.116286 0.000000 255 128 0 255
71.950439 29.062012 0.000000 0.993216 0.116286 0.000000 255 128 0 255
72.095703 27.821289 0.000000 0.993216 0.116286 0.000000 255 128 0 255
71.950439 29.062012 -18.750000 0.993216 0.116286 0.000000 255 128 0 255
72.095703 27.821289 -18.750000 0.993216 0.116286 0.000000 255 128 0 255
72.240967 26.580566 0.000000 0.993216 0.116286 0.000000 255 128 0 255
72.240967 26.580566 -18.750000 0.993216 0.116286 0.000000 255 128 0 255
72.386230 25.339844 0.000000 0.994931 0.100559 0.000000 255 128 0 255
72.386230 25.339844 -18.750000 0.994931 0.100559 0.000000 255 128 0 255
72.492706 24.088867 18.750000 0.996397 0.084808 0.000000 255 128 0 255
72.599182 22.837891 18.750000 0.996397 0.084808 0.000000 255 128 0 255
72.492706 24.088867 0.000000 0.996397 0.084808 0.000000 255 128 0 255
72.599182 22.837891 0.000000 0.996397 0.084808 0.000000 255 128 0 255
72.492706 24.088867 -18.750000 0.996397 0.084808 0.000000 255 128 0 255
72.599182 22.837891 -18.750000 0.996397 0.084808 0.000000 255 128 0 255
72.705658 21.586914 0.000000 0.996397 0.084808 0.000000 255 128 0 255
72.705658 21.586914 -18.750000 0.996397 0.084808 0.000000 255 128 0 255
72.812134 20.335938 0.000000 0.997384 0.072292 0.000000 255 128 0 255
72.812134 20.335938 -18.750000 0.997384 0.072292 0.000000 255 128 0 255
72.887558 19.076172 18.750000 0.998212 0.059765 0.000000 255 128 0 255
72.962982 17.816406 18.750000 0.998212 0.059765 0.000000 255 128 0 255
72.887558 19.076172 0.000000 0.998212 0.059765 0.000000 255 128 0 255
72.962982 17.816406 0.000000 0.998212 0.059765 0.000000 255 128 0 255
72.887558 19.076172 -18.750000 0.998212 0.059765 0.000000 255 128 0 255
72.962982 17.816406 -18.750000 0.998212 0.059765 0.000000 255 128 0 255
73.038406 16.556641 0.000000 0.998212 0.059765 0.000000 255 128 0 255
73.038406 16.556641 -18.750000 0.998212 0.059765 0.000000 255 128 0 255
73.113831 15.296875 0.000000 0.998725 0.050483 0.000000 255 128 0 255
73.113831 15.296875 -18.750000 0.998725 0.050483 0.000000 255 128 0 255
73.166016 14.031250 18.750000 0.999151 0.041198 0.000000 255 128 0 255
73.218201 12.765625 18.750000 0.999151 0.041198 0.000000 255 128 0 255
73.166016 14.031250 0.000000 0.999151 0.041198 0.000000 255 128 0 255
73.218201 12.765625 0.000000 0.999151 0.041198 0.000000 255 128 0 255
73.166016 14.031250 -18.750000 0.999151 0.041198 0.000000 255 128 0 255
73.218201 12.765625 -18.750000 0.999151 0.041198 0.000000 255 128 0 255
73.270386 11.500000 0.000000 0.999151 0.041198 0.000000 255 128 0 255
73.270386 11.500000 -18.750000 0.999151 0.041198 0.000000 255 128 0 255
73.322571 10.234375 0.000000 0.999439 0.033498 0.000000 255 128 0 255
73.322571 10.234375 -18.750000 0.999439 0.033498 0.000000 255 128 0 255
73.388153 7.692871 18.750000 0.999667 0.025796 0.000000 255 128 0 255
73.453735 5.151367 18.750000 0.999667 0.025796 0.000000 255 128 0 255
73.388153 7.692871 0.000000 0.999667 0.025796 0.000000 255 128 0 255
73.453735 5.151367 0.000000 0.999667 0.025796 0.000000 255 128 0 255
73.388153 7.692871 -18.750000 0.999667 0.025796 0.000000 255 128 0 255
73.584900 0.068359 18.750000 0.999982 -0.006079 0.000000 255 128 0 255
73.584900 0.068359 0.000000 0.999982 -0.006079 0.000000 255 128 0 255
73.519318 2.609863 0.000000 0.999667 0.025796 0.000000 255 128 0 255
73.519318 2.609863 -18.750000 0.999667 0.025796 0.000000 255 128 0 255
73.453735 5.151367 -18.750000 0.999667 0.025796 0.000000 255 128 0 255
-0.142883 103.046875 18.750000 -0.096912 0.995293 0.000000 255 128 0 255
1.879463 102.863770 18.750000 0.090172 0.995926 0.000000 255 128 0 255
3.901810 102.680664 18.750000 0.090172 0.995926 0.000000 255 128 0 255
-0.142883 103.046875 0.000000 -0.096912 0.995293 0.000000 255 128 0 255
1.879463 102.863770 0.000000 0.090172 0.995926 0.000000 255 128 0 255
3.901810 102.680664 0.000000 0.090172 0.995926 0.000000 255 128 0 255
1.879463 102.863770 -18.750000 0.090172 0.995926 0.000000 255 128 0 255
3.901810 102.680664 -18.750000 0.090172 0.995926 0.000000 255 128 0 255
5.924156 102.497559 0.000000 0.090172 0.995926 0.000000 255 128 0 255
5.924156 102.497559 -18.750000 0.090172 0.995926 0.000000 255 128 0 255
7.946503 102.314453 0.000000 0.102619 0.994721 0.000000 255 128 0 255
7.946503 102.314453 -18.750000 0.102619 0.994721 0.000000 255 128 0 255
8.945679 102.198730 18.750000 0.115049 0.993360 0.000000 255 128 0 255
9.944855 102.083008 18.750000 0.115049 0.993360 0.000000 255 128 0 255
8.945679 102.198730 0.000000 0.115049 0.993360 0.000000 255 128 0 255
9.944855 102.083008 0.000000 0.115049 0.993360 0.000000 255 128 0 255
8.945679 102.198730 -18.750000 0.115049 0.993360 0.000000 255 128 0 255
9.944855 102.083008 -18.750000 0.115049 0.993360 0.000000 255 128 0 255
10.944031 101.967285 0.000000 0.115049 0.993360 0.000000 255 128 0 255
10.944031 101.967285 -18.750000 0.115049 0.993360 0.000000 255 128 0 255
11.943207 101.851562 0.000000 0.130866 0.991400 0.000000 255 128 0 255
11.943207 101.851562 -18.750000 0.130866 0.991400 0.000000 255 128 0 255
12.927986 101.705566 18.750000 0.146650 0.989188 0.000000 255 128 0 255
13.912766 101.559570 18.750000 0.146650 0.989188 0.000000 255 128 0 255
12.927986 101.705566 0.000000 0.146650 0.989188 0.000000 255 128 0 255
13.912766 101.559570 0.000000 0.146650 0.989188 0.000000 255 128 0 255
12.927986 101.705566 -18.750000 0.146650 0.989188 0.000000 255 128 0 255
13.912766 101.559570 -18.750000 0.146650 0.989188 0.000000 255 128 0 255
14.897545 101.413574 0.000000 0.146650 0.989188 0.000000 255 128 0 255
14.897545 101.413574 -18.750000 0.146650 0.989188 0.000000 255 128 0 255
15.882324 101.267578 0.000000 0.167475 0.985876 0.000000 255 128 0 255
15.882324 101.267578 -18.750000 0.167475 0.985876 0.000000 255 128 0 255
16.847923 101.082520 18.750000 0.188226 0.982126 0.000000 255 128 0 255
17.813522 100.897461 18.750000 0.188226 0.982126 0.000000 255 128 0 255
16.847923 101.082520 0.000000 0.188226 0.982126 0.000000 255 128 0 255
17.813522 100.897461 0.000000 0.188226 0.982126 0.000000 255 128 0 255
16.847923 101.082520 -18.750000 0.188226 0.982126 0.000000 255 128 0 255
17.813522 100.897461 -18.750000 0.188226 0.982126 0.000000 255 128 0 255
18.779121 100.712402 0.000000 0.188226 0.982126 0.000000 255 128 0 255
18.779121 100.712402 -18.750000 0.188226 0.982126 0.000000 255 128 0 255
19.744720 100.527344 0.000000 0.215203 0.976569 0.000000 255 128 0 255
19.744720 100.527344 -18.750000 0.215203 0.976569 0.000000 255 128 0 255
20.686310 100.292480 18.750000 0.242018 0.970272 0.000000 255 128 0 255
21.627899 100.057617 18.750000 0.242018 0.970272 0.000000 255 128 0 255
20.686310 100.292480 0.000000 0.242018 0.970272 0.000000 255 128 0 255
21.627899 100.057617 0.000000 0.242018 0.970272 0.000000 255 128 0 255
20.686310 100.292480 -18.750000 0.242018 0.970272 0.000000 255 128 0 255
21.627899 100.057617 -18.750000 0.242018 0.970272 0.000000 255 128 0 255
22.569489 99.822754 0.000000 0.242018 0.970272 0.000000 255 128 0 255
22.569489 99.822754 -18.750000 0.242018 0.970272 0.000000 255 128 0 255
23.511078 99.587891 0.000000 0.274191 0.961675 0.000000 255 128 0 255
23.511078 99.587891 -18.750000 0.274191 0.961675 0.000000 255 128 0 255
24.423889 99.294434 18.750000 0.306060 0.952012 0.000000 255 128 0 255
25.336700 99.000977 18.750000 0.306060 0.952012 0.000000 255 128 0 255
24.423889 99.294434 0.000000 0.306060 0.952012 0.000000 255 128 0 255
25.336700 99.000977 0.000000 0.306060 0.952012 0.000000 255 128 0 255
24.423889 99.294434 -18.750000 0.306060 0.952012 0.000000 255 128 0 255
25.336700 99.000977 -18.750000 0.306060 0.952012 0.000000 255 128 0 255
26.249512 98.707520 0.000000 0.306060 0.952012 0.000000 255 128 0 255
26.249512 98.707520 -18.750000 0.306060 0.952012 0.000000 255 128 0 255
27.162323 98.414062 0.000000 0.344248 0.938879 0.000000 255 128 0 255
27.162323 98.414062 -18.750000 0.344248 0.938879 0.000000 255 128 0 255
28.041534 98.050781 18.750000 0.381876 0.924214 0.000000 255 128 0 255
28.920746 97.687500 18.750000 0.381876 0.924214 0.000000 255 128 0 255
28.041534 98.050781 0.000000 0.381876 0.924214 0.000000 255 128 0 255
28.920746 97.687500 0.000000 0.381876 0.924214 0.000000 255 128 0 255
28.041534 98.050781 -18.750000 0.381876 0.924214 0.000000 255 128 0 255
28.920746 97.687500 -18.750000 0.381876 0.924214 0.000000 255 128 0 255
29.799957 97.324219 0.000000 0.381876 0.924214 0.000000 255 128 0 255
29.799957 97.324219 -18.750000 0.381876 0.924214 0.000000 255 128 0 255
30.679169 96.960938 0.000000 0.412406 0.911000 0.000000 255 128 0 255
30.679169 96.960938 -18.750000 0.412406 0.911000 0.000000 255 128 0 255
31.104698 96.750977 18.750000 0.442480 0.896778 0.000000 255 128 0 255
31.530228 96.541016 18.750000 0.442480 0.896778 0.000000 255 128 0 255
31.104698 96.750977 0.000000 0.442480 0.896778 0.000000 255 128 0 255
31.530228 96.541016 0.000000 0.442480 0.896778 0.000000 255 128 0 255
31.104698 96.750977 -18.750000 0.442480 0.896778 0.000000 255 128 0 255
31.530228 96.541016 -18.750000 0.442480 0.896778 0.000000 255 128 0 255
31.955757 96.331055 0.000000 0.442480 0.896778 0.000000 255 128 0 255
31.955757 96.331055 -18.750000 0.442480 0.896778 0.000000 255 128 0 255
32.381287 96.121094 0.000000 0.463700 0.885992 0.000000 255 128 0 255
32.381287 96.121094 -18.750000 0.463700 0.885992 0.000000 255 128 0 255
32.797234 95.890625 18.750000 0.484658 0.874704 0.000000 255 128 0 255
33.213181 95.660156 18.750000 0.484658 0.874704 0.000000 255 128 0 255
32.797234 95.890625 0.000000 0.484658 0.874704 0.000000 255 128 0 255
33.213181 95.660156 0.000000 0.484658 0.874704 0.000000 255 128 0 255
32.797234 95.890625 -18.750000 0.484658 0.874704 0.000000 255 128 0 255
33.213181 95.660156 -18.750000 0.484658 0.874704 0.000000 255 128 0 255
33.629128 95.429688 0.000000 0.484658 0.874704 0.000000 255 128 0 255
33.629128 95.429688 -18.750000 0.484658 0.874704 0.000000 255 128 0 255
34.045074 95.199219 0.000000 0.511573 0.859240 0.000000 255 128 0 255
34.045074 95.199219 -18.750000 0.511573 0.859240 0.000000 255 128 0 255
34.850677 94.685059 18.750000 0.537995 0.842948 0.000000 255 128 0 255
35.656281 94.170898 18.750000 0.537995 0.842948 0.000000 255 128 0 255
34.850677 94.685059 0.000000 0.537995 0.842948 0.000000 255 128 0 255
35.656281 94.170898 0.000000 0.537995 0.842948 0.000000 255 128 0 255
34.850677 94.685059 -18.750000 0.537995 0.842948 0.000000 255 128 0 255
35.656281 94.170898 -18.750000 0.537995 0.842948 0.000000 255 128 0 255
36.461884 93.656738 0.000000 0.537995 0.842948 0.000000 255 128 0 255
36.461884 93.656738 -18.750000 0.537995 0.842948 0.000000 255 128 0 255
37.267487 93.142578 0.000000 0.568382 0.822765 0.000000 255 128 0 255
37.267487 93.142578 -18.750000 0.568382 0.822765 0.000000 255 128 0 255
38.042320 92.564453 18.750000 0.598012 0.801487 0.000000 255 128 0 255
38.817154 91.986328 18.750000 0.598012 0.801487 0.000000 255 128 0 255
38.042320 92.564453 0.000000 0.598012 0.801487 0.000000 255 128 0 255
38.817154 91.986328 0.000000 0.598012 0.801487 0.000000 255 128 0 255
38.042320 92.564453 -18.750000 0.598012 0.801487 0.000000 255 128 0 255
38.817154 91.986328 -18.750000 0.598012 0.801487 0.000000 255 128 0 255
39.591988 91.408203 0.000000 0.598012 0.801487 0.000000 255 128 0 255
39.591988 91.408203 -18.750000 0.598012 0.801487 0.000000 255 128 0 255
40.366821 90.830078 0.000000 0.621182 0.783667 0.000000 255 128 0 255
40.366821 90.830078 -18.750000 0.621182 0.783667 0.000000 255 128 0 255
41.116013 90.199707 18.750000 0.643821 0.765176 0.000000 255 128 0 255
41.865204 89.569336 18.750000 0.643821 0.765176 0.000000 255 128 0 255
41.116013 90.199707 0.000000 0.643821 0.765176 0.000000 255 128 0 255
41.865204 89.569336 0.000000 0.643821 0.765176 0.000000 255 128 0 255
41.116013 90.199707 -18.750000 0.643821 0.765176 0.000000 255 128 0 255
41.865204 89.569336 -18.750000 0.643821 0.765176 0.000000 255 128 0 255
42.614395 88.938965 0.000000 0.643821 0.765176 0.000000 255 128 0 255
42.614395 88.938965 -18.750000 0.643821 0.765176 0.000000 255 128 0 255
43.363586 88.308594 0.000000 0.661290 0.750130 0.000000 255 128 0 255
43.363586 88.308594 -18.750000 0.661290 0.750130 0.000000 255 128 0 255
44.092255 87.635742 18.750000 0.678408 0.734685 0.000000 255 128 0 255
44.820923 86.962891 18.750000 0.678408 0.734685 0.000000 255 128 0 255
44.092255 87.635742 0.000000 0.678408 0.734685 0.000000 255 128 0 255
44.820923 86.962891 0.000000 0.678408 0.734685 0.000000 255 128 0 255
44.092255 87.635742 -18.750000 0.678408 0.734685 0.000000 255 128 0 255
44.820923 86.962891 -18.750000 0.678408 0.734685 0.000000 255 128 0 255
45.549591 86.290039 0.000000 0.678408 0.734685 0.000000 255 128 0 255
45.549591 86.290039 -18.750000 0.678408 0.734685 0.000000 255 128 0 255
46.278259 85.617188 0.000000 0.690554 0.723280 0.000000 255 128 0 255
46.278259 85.617188 -18.750000 0.690554 0.723280 0.000000 255 128 0 255
46.991547 84.913086 18.750000 0.702509 0.711674 0.000000 255 128 0 255
47.704834 84.208984 18.750000 0.702509 0.711674 0.000000 255 128 0 255
46.991547 84.913086 0.000000 0.702509 0.711674 0.000000 255 128 0 255
47.704834 84.208984 0.000000 0.702509 0.711674 0.000000 255 128 0 255
46.991547 84.913086 -18.750000 0.702509 0.711674 0.000000 255 128 0 255
47.704834 84.208984 -18.750000 0.702509 0.711674 0.000000 255 128 0 255
48.418121 83.504883 0.000000 0.702509 0.711674 0.000000 255 128 0 255
48.418121 83.504883 -18.750000 0.702509 0.711674 0.000000 255 128 0 255
49.131409 82.800781 0.000000 0.712329 0.701846 0.000000 255 128 0 255
49.131409 82.800781 -18.750000 0.712329 0.701846 0.000000 255 128 0 255
50.532318 81.338867 18.750000 0.722011 0.691882 0.000000 255 128 0 255
51.933228 79.876953 18.750000 0.722011 0.691882 0.000000 255 128 0 255
50.532318 81.338867 0.000000 0.722011 0.691882 0.000000 255 128 0 255
51.933228 79.876953 0.000000 0.722011 0.691882 0.000000 255 128 0 255
50.532318 81.338867 -18.750000 0.722011 0.691882 0.000000 255 128 0 255
53.334137 78.415039 0.000000 0.722011 0.691882 0.000000 255 128 0 255
53.334137 78.415039 -18.750000 0.722011 0.691882 0.000000 255 128 0 255
51.933228 79.876953 -18.750000 0.722011 0.691882 0.000000 255 128 0 255
-73.584930 0.068359 18.750000 -0.999985 0.005374 0.000000 255 128 0 255
-73.491653 2.536133 18.750000 -0.999286 0.037771 0.000000 255 128 0 255
-73.398376 5.003906 18.750000 -0.999286 0.037771 0.000000 255 128 0 255
-73.584930 0.068359 0.000000 -0.999985 0.005374 0.000000 255 128 0 255
-73.491653 2.536133 0.000000 -0.999286 0.037771 0.000000 255 128 0 255
-73.398376 5.003906 0.000000 -0.999286 0.037771 0.000000 255 128 0 255
-73.491653 2.536133 -18.750000 -0.999286 0.037771 0.000000 255 128 0 255
-73.398376 5.003906 -18.750000 -0.999286 0.037771 0.000000 255 128 0 255
-73.305099 7.471680 0.000000 -0.999286 0.037771 0.000000 255 128 0 255
-73.305099 7.471680 -18.750000 -0.999286 0.037771 0.000000 255 128 0 255
-73.211823 9.939453 0.000000 -0.999022 0.044206 0.000000 255 128 0 255
-73.211823 9.939453 -18.750000 -0.999022 0.044206 0.000000 255 128 0 255
-73.087959 12.382324 18.750000 -0.998717 0.050639 0.000000 255 128 0 255
-72.964096 14.825195 18.750000 -0.998717 0.050639 0.000000 255 128 0 255
-73.087959 12.382324 0.000000 -0.998717 0.050639 0.000000 255 128 0 255
-72.964096 14.825195 0.000000 -0.998717 0.050639 0.000000 255 128 0 255
-73.087959 12.382324 -18.750000 -0.998717 0.050639 0.000000 255 128 0 255
-72.964096 14.825195 -18.750000 -0.998717 0.050639 0.000000 255 128 0 255
-72.840233 17.268066 0.000000 -0.998717 0.050639 0.000000 255 128 0 255
-72.840233 17.268066 -18.750000 -0.998717 0.050639 0.000000 255 128 0 255
-72.716370 19.710938 0.000000 -0.998218 0.059676 0.000000 255 128 0 255
-72.716370 19.710938 -18.750000 -0.998218 0.059676 0.000000 255 128 0 255
-72.633408 20.915527 18.750000 -0.997637 0.068709 0.000000 255 128 0 255
-72.550446 22.120117 18.750000 -0.997637 0.068709 0.000000 255 128 0 255
-72.633408 20.915527 0.000000 -0.997637 0.068709 0.000000 255 128 0 255
-72.550446 22.120117 0.000000 -0.997637 0.068709 0.000000 255 128 0 255
-72.633408 20.915527 -18.750000 -0.997637 0.068709 0.000000 255 128 0 255
-72.550446 22.120117 -18.750000 -0.997637 0.068709 0.000000 255 128 0 255
-72.467484 23.324707 0.000000 -0.997637 0.068709 0.000000 255 128 0 255
-72.467484 23.324707 -18.750000 -0.997637 0.068709 0.000000 255 128 0 255
-72.384521 24.529297 0.000000 -0.997021 0.077136 0.000000 255 128 0 255
-72.384521 24.529297 -18.750000 -0.997021 0.077136 0.000000 255 128 0 255
-72.282463 25.717773 18.750000 -0.996333 0.085558 0.000000 255 128 0 255
-72.180405 26.906250 18.750000 -0.996333 0.085558 0.000000 255 128 0 255
-72.282463 25.717773 0.000000 -0.996333 0.085558 0.000000 255 128 0 255
-72.180405 26.906250 0.000000 -0.996333 0.085558 0.000000 255 128 0 255
-72.282463 25.717773 -18.750000 -0.996333 0.085558 0.000000 255 128 0 255
-72.180405 26.906250 -18.750000 -0.996333 0.085558 0.000000 255 128 0 255
-72.078346 28.094727 0.000000 -0.996333 0.085558 0.000000 255 128 0 255
-72.078346 28.094727 -18.750000 -0.996333 0.085558 0.000000 255 128 0 255
-71.976288 29.283203 0.000000 -0.995390 0.095908 0.000000 255 128 0 255
-71.976288 29.283203 -18.750000 -0.995390 0.095908 0.000000 255 128 0 255
-71.851280 30.453125 18.750000 -0.994340 0.106246 0.000000 255 128 0 255
-71.726273 31.623047 18.750000 -0.994340 0.106246 0.000000 255 128 0 255
-71.851280 30.453125 0.000000 -0.994340 0.106246 0.000000 255 128 0 255
-71.726273 31.623047 0.000000 -0.994340 0.106246 0.000000 255 128 0 255
-71.851280 30.453125 -18.750000 -0.994340 0.106246 0.000000 255 128 0 255
-71.726273 31.623047 -18.750000 -0.994340 0.106246 0.000000 255 128 0 255
-71.601265 32.792969 0.000000 -0.994340 0.106246 0.000000 255 128 0 255
-71.601265 32.792969 -18.750000 -0.994340 0.106246 0.000000 255 128 0 255
-71.476257 33.962891 0.000000 -0.992934 0.118668 0.000000 255 128 0 255
-71.476257 33.962891 -18.750000 -0.992934 0.118668 0.000000 255 128 0 255
-71.324486 35.110840 18.750000 -0.991373 0.131070 0.000000 255 128 0 255
-71.172714 36.258789 18.750000 -0.991373 0.131070 0.000000 255 128 0 255
-71.324486 35.110840 0.000000 -0.991373 0.131070 0.000000 255 128 0 255
-71.172714 36.258789 0.000000 -0.991373 0.131070 0.000000 255 128 0 255
-71.324486 35.110840 -18.750000 -0.991373 0.131070 0.000000 255 128 0 255
-71.172714 36.258789 -18.750000 -0.991373 0.131070 0.000000 255 128 0 255
-71.020943 37.406738 0.000000 -0.991373 0.131070 0.000000 255 128 0 255
-71.020943 37.406738 -18.750000 -0.991373 0.131070 0.000000 255 128 0 255
-70.869171 38.554688 0.000000 -0.989341 0.145616 0.000000 255 128 0 255
-70.869171 38.554688 -18.750000 -0.989341 0.145616 0.000000 255 128 0 255
-70.686829 39.678711 18.750000 -0.987096 0.160130 0.000000 255 128 0 255
-70.504486 40.802734 18.750000 -0.987096 0.160130 0.000000 255 128 0 255
-70.686829 39.678711 0.000000 -0.987096 0.160130 0.000000 255 128 0 255
-70.504486 40.802734 0.000000 -0.987096 0.160130 0.000000 255 128 0 255
-70.686829 39.678711 -18.750000 -0.987096 0.160130 0.000000 255 128 0 255
-70.504486 40.802734 -18.750000 -0.987096 0.160130 0.000000 255 128 0 255
-70.322144 41.926758 0.000000 -0.987096 0.160130 0.000000 255 128 0 255
-70.322144 41.926758 -18.750000 -0.987096 0.160130 0.000000 255 128 0 255
-70.139801 43.050781 0.000000 -0.984175 0.177201 0.000000 255 128 0 255
-70.139801 43.050781 -18.750000 -0.984175 0.177201 0.000000 255 128 0 255
-69.923058 44.145508 18.750000 -0.980958 0.194219 0.000000 255 128 0 255
-69.706314 45.240234 18.750000 -0.980958 0.194219 0.000000 255 128 0 255
-69.923058 44.145508 0.000000 -0.980958 0.194219 0.000000 255 128 0 255
-69.706314 45.240234 0.000000 -0.980958 0.194219 0.000000 255 128 0 255
-69.923058 44.145508 -18.750000 -0.980958 0.194219 0.000000 255 128 0 255
-69.706314 45.240234 -18.750000 -0.980958 0.194219 0.000000 255 128 0 255
-69.489571 46.334961 0.000000 -0.980958 0.194219 0.000000 255 128 0 255
-69.489571 46.334961 -18.750000 -0.980958 0.194219 0.000000 255 128 0 255
-69.272827 47.429688 0.000000 -0.976916 0.213624 0.000000 255 128 0 255
-69.272827 47.429688 -18.750000 -0.976916 0.213624 0.000000 255 128 0 255
-69.017853 48.494141 18.750000 -0.972490 0.232946 0.000000 255 128 0 255
-68.762878 49.558594 18.750000 -0.972490 0.232946 0.000000 255 128 0 255
-69.017853 48.494141 0.000000 -0.972490 0.232946 0.000000 255 128 0 255
-68.762878 49.558594 0.000000 -0.972490 0.232946 0.000000 255 128 0 255
-69.017853 48.494141 -18.750000 -0.972490 0.232946 0.000000 255 128 0 255
-68.762878 49.558594 -18.750000 -0.972490 0.232946 0.000000 255 128 0 255
-68.507904 50.623047 0.000000 -0.972490 0.232946 0.000000 255 128 0 255
-68.507904 50.623047 -18.750000 -0.972490 0.232946 0.000000 255 128 0 255
-68.252930 51.687500 0.000000 -0.966913 0.255105 0.000000 255 128 0 255
-68.252930 51.687500 -18.750000 -0.966913 0.255105 0.000000 255 128 0 255
-67.955910 52.717285 18.750000 -0.960832 0.277132 0.000000 255 128 0 255
-67.658890 53.747070 18.750000 -0.960832 0.277132 0.000000 255 128 0 255
-67.955910 52.717285 0.000000 -0.960832 0.277132 0.000000 255 128 0 255
-67.658890 53.747070 0.000000 -0.960832 0.277132 0.000000 255 128 0 255
-67.955910 52.717285 -18.750000 -0.960832 0.277132 0.000000 255 128 0 255
-67.658890 53.747070 -18.750000 -0.960832 0.277132 0.000000 255 128 0 255
-67.361870 54.776855 0.000000 -0.960832 0.277132 0.000000 255 128 0 255
-67.361870 54.776855 -18.750000 -0.960832 0.277132 0.000000 255 128 0 255
-67.064850 55.806641 0.000000 -0.953313 0.301984 0.000000 255 128 0 255
-67.064850 55.806641 -18.750000 -0.953313 0.301984 0.000000 255 128 0 255
-66.721962 56.798828 18.750000 -0.945151 0.326633 0.000000 255 128 0 255
-66.379074 57.791016 18.750000 -0.945151 0.326633 0.000000 255 128 0 255
-66.721962 56.798828 0.000000 -0.945151 0.326633 0.000000 255 128 0 255
-66.379074 57.791016 0.000000 -0.945151 0.326633 0.000000 255 128 0 255
-66.721962 56.798828 -18.750000 -0.945151 0.326633 0.000000 255 128 0 255
-66.379074 57.791016 -18.750000 -0.945151 0.326633 0.000000 255 128 0 255
-66.036186 58.783203 0.000000 -0.945151 0.326633 0.000000 255 128 0 255
-66.036186 58.783203 -18.750000 -0.945151 0.326633 0.000000 255 128 0 255
-65.693298 59.775391 0.000000 -0.935222 0.354063 0.000000 255 128 0 255
-65.693298 59.775391 -18.750000 -0.935222 0.354063 0.000000 255 128 0 255
-65.300705 60.727539 18.750000 -0.924496 0.381192 0.000000 255 128 0 255
-64.908112 61.679688 18.750000 -0.924496 0.381192 0.000000 255 128 0 255
-65.300705 60.727539 0.000000 -0.924496 0.381192 0.000000 255 128 0 255
-64.908112 61.679688 0.000000 -0.924496 0.381192 0.000000 255 128 0 255
-65.300705 60.727539 -18.750000 -0.924496 0.381192 0.000000 255 128 0 255
-64.908112 61.679688 -18.750000 -0.924496 0.381192 0.000000 255 128 0 255
-64.515518 62.631836 0.000000 -0.924496 0.381192 0.000000 255 128 0 255
-64.515518 62.631836 -18.750000 -0.924496 0.381192 0.000000 255 128 0 255
-64.122925 63.583984 0.000000 -0.911563 0.411160 0.000000 255 128 0 255
-64.122925 63.583984 -18.750000 -0.911563 0.411160 0.000000 255 128 0 255
-63.676819 64.492676 18.750000 -0.897659 0.440690 0.000000 255 128 0 255
-63.230713 65.401367 18.750000 -0.897659 0.440690 0.000000 255 128 0 255
-63.676819 64.492676 0.000000 -0.897659 0.440690 0.000000 255 128 0 255
-63.230713 65.401367 0.000000 -0.897659 0.440690 0.000000 255 128 0 255
-63.676819 64.492676 -18.750000 -0.897659 0.440690 0.000000 255 128 0 255
-63.230713 65.401367 -18.750000 -0.897659 0.440690 0.000000 255 128 0 255
-62.784607 66.310059 0.000000 -0.897659 0.440690 0.000000 255 128 0 255
-62.784607 66.310059 -18.750000 -0.897659 0.440690 0.000000 255 128 0 255
-62.338501 67.218750 0.000000 -0.881196 0.472751 0.000000 255 128 0 255
-62.338501 67.218750 -18.750000 -0.881196 0.472751 0.000000 255 128 0 255
-61.835052 68.081055 18.750000 -0.863588 0.504198 0.000000 255 128 0 255
-61.331604 68.943359 18.750000 -0.863588 0.504198 0.000000 255 128 0 255
-61.835052 68.081055 0.000000 -0.863588 0.504198 0.000000 255 128 0 255
-61.331604 68.943359 0.000000 -0.863588 0.504198 0.000000 255 128 0 255
-61.835052 68.081055 -18.750000 -0.863588 0.504198 0.000000 255 128 0 255
-61.331604 68.943359 -18.750000 -0.863588 0.504198 0.000000 255 128 0 255
-60.828156 69.805664 0.000000 -0.863588 0.504198 0.000000 255 128 0 255
-60.828156 69.805664 -18.750000 -0.863588 0.504198 0.000000 255 128 0 255
-60.324707 70.667969 0.000000 -0.842895 0.538078 0.000000 255 128 0 255
-60.324707 70.667969 -18.750000 -0.842895 0.538078 0.000000 255 128 0 255
-59.760101 71.479492 18.750000 -0.820873 0.571111 0.000000 255 128 0 255
-59.195496 72.291016 18.750000 -0.820873 0.571111 0.000000 255 128 0 255
-59.760101 71.479492 0.000000 -0.820873 0.571111 0.000000 255 128 0 255
-59.195496 72.291016 0.000000 -0.820873 0.571111 0.000000 255 128 0 255
-59.760101 71.479492 -18.750000 -0.820873 0.571111 0.000000 255 128 0 255
-59.195496 72.291016 -18.750000 -0.820873 0.571111 0.000000 255 128 0 255
-58.630890 73.102539 0.000000 -0.820873 0.571111 0.000000 255 128 0 255
-58.630890 73.102539 -18.750000 -0.820873 0.571111 0.000000 255 128 0 255
-58.066284 73.914062 0.000000 -0.802525 0.596618 0.000000 255 128 0 255
-58.066284 73.914062 -18.750000 -0.802525 0.596618 0.000000 255 128 0 255
-57.759850 74.300293 18.750000 -0.783385 0.621537 0.000000 255 128 0 255
-57.453415 74.686523 18.750000 -0.783385 0.621537 0.000000 255 128 0 255
-57.759850 74.300293 0.000000 -0.783385 0.621537 0.000000 255 128 0 255
-57.453415 74.686523 0.000000 -0.783385 0.621537 0.000000 255 128 0 255
-57.759850 74.300293 -18.750000 -0.783385 0.621537 0.000000 255 128 0 255
-57.453415 74.686523 -18.750000 -0.783385 0.621536 0.000000 255 128 0 255
-57.146980 75.072754 0.000000 -0.783385 0.621536 0.000000 255 128 0 255
-57.146980 75.072754 -18.750000 -0.783385 0.621536 0.000000 255 128 0 255
-56.840546 75.458984 0.000000 -0.769588 0.638541 0.000000 255 128 0 255
-56.840546 75.458984 -18.750000 -0.769588 0.638541 0.000000 255 128 0 255
-56.517395 75.831543 18.750000 -0.755422 0.655239 0.000000 255 128 0 255
-56.194244 76.204102 18.750000 -0.755422 0.655239 0.000000 255 128 0 255
-56.517395 75.831543 0.000000 -0.755422 0.655239 0.000000 255 128 0 255
-56.194244 76.204102 0.000000 -0.755422 0.655239 0.000000 255 128 0 255
-56.517395 75.831543 -18.750000 -0.755422 0.655239 0.000000 255 128 0 255
-56.194244 76.204102 -18.750000 -0.755422 0.655239 0.000000 255 128 0 255
-55.871094 76.576660 0.000000 -0.755422 0.655239 0.000000 255 128 0 255
-55.871094 76.576660 -18.750000 -0.755422 0.655239 0.000000 255 128 0 255
-55.547943 76.949219 0.000000 -0.740727 0.671806 0.000000 255 128 0 255
-55.547943 76.949219 -18.750000 -0.740727 0.671806 0.000000 255 128 0 255
-55.207664 77.308105 18.750000 -0.725669 0.688044 0.000000 255 128 0 255
-54.867386 77.666992 18.750000 -0.725669 0.688044 0.000000 255 128 0 255
-55.207664 77.308105 0.000000 -0.725669 0.688044 0.000000 255 128 0 255
-54.867386 77.666992 0.000000 -0.725669 0.688044 0.000000 255 128 0 255
-55.207664 77.308105 -18.750000 -0.725669 0.688044 0.000000 255 128 0 255
-54.867386 77.666992 -18.750000 -0.725669 0.688044 0.000000 255 128 0 255
-54.527107 78.025879 0.000000 -0.725669 0.688044 0.000000 255 128 0 255
-54.527107 78.025879 -18.750000 -0.725669 0.688044 0.000000 255 128 0 255
-54.186829 78.384766 0.000000 -0.710263 0.703937 0.000000 255 128 0 255
-54.186829 78.384766 -18.750000 -0.710263 0.703937 0.000000 255 128 0 255
-53.829704 78.729492 18.750000 -0.694508 0.719485 0.000000 255 128 0 255
-53.472580 79.074219 18.750000 -0.694508 0.719485 0.000000 255 128 0 255
-53.829704 78.729492 0.000000 -0.694508 0.719485 0.000000 255 128 0 255
-53.472580 79.074219 0.000000 -0.694508 0.719485 0.000000 255 128 0 255
-53.829704 78.729492 -18.750000 -0.694508 0.719485 0.000000 255 128 0 255
-53.472580 79.074219 -18.750000 -0.694508 0.719485 0.000000 255 128 0 255
-53.115456 79.418945 0.000000 -0.694508 0.719485 0.000000 255 128 0 255
-53.115456 79.418945 -18.750000 -0.694508 0.719485 0.000000 255 128 0 255
-52.758331 79.763672 0.000000 -0.672378 0.740208 0.000000 255 128 0 255
-52.758331 79.763672 -18.750000 -0.672378 0.740208 0.000000 255 128 0 255
-51.996048 80.415039 18.750000 -0.649630 0.760250 0.000000 255 128 0 255
-51.233765 81.066406 18.750000 -0.649630 0.760250 0.000000 255 128 0 255
-51.996048 80.415039 0.000000 -0.649630 0.760250 0.000000 255 128 0 255
-51.233765 81.066406 0.000000 -0.649630 0.760250 0.000000 255 128 0 255
-51.996048 80.415039 -18.750000 -0.649630 0.760250 0.000000 255 128 0 255
-51.233765 81.066406 -18.750000 -0.649630 0.760250 0.000000 255 128 0 255
-50.471481 81.717773 0.000000 -0.649630 0.760250 0.000000 255 128 0 255
-50.471481 81.717773 -18.750000 -0.649630 0.760250 0.000000 255 128 0 255
-49.709198 82.369141 0.000000 -0.620656 0.784083 0.000000 255 128 0 255
-49.709198 82.369141 -18.750000 -0.620656 0.784083 0.000000 255 128 0 255
-48.887032 82.971191 18.750000 -0.590808 0.806813 0.000000 255 128 0 255
-48.064865 83.573242 18.750000 -0.590808 0.806813 0.000000 255 128 0 255
-48.887032 82.971191 0.000000 -0.590808 0.806813 0.000000 255 128 0 255
-48.064865 83.573242 0.000000 -0.590807 0.806813 0.000000 255 128 0 255
-48.887032 82.971191 -18.750000 -0.590807 0.806813 0.000000 255 128 0 255
-48.064865 83.573242 -18.750000 -0.590807 0.806813 0.000000 255 128 0 255
-47.242699 84.175293 0.000000 -0.590807 0.806813 0.000000 255 128 0 255
-47.242699 84.175293 -18.750000 -0.590807 0.806813 0.000000 255 128 0 255
-46.420532 84.777344 0.000000 -0.563968 0.825797 0.000000 255 128 0 255
-46.420532 84.777344 -18.750000 -0.563968 0.825797 0.000000 255 128 0 255
-45.543457 85.334961 18.750000 -0.536518 0.843889 0.000000 255 128 0 255
-44.666382 85.892578 18.750000 -0.536518 0.843889 0.000000 255 128 0 255
-45.543457 85.334961 0.000000 -0.536518 0.843889 0.000000 255 128 0 255
-44.666382 85.892578 0.000000 -0.536518 0.843889 0.000000 255 128 0 255
-45.543457 85.334961 -18.750000 -0.536518 0.843889 0.000000 255 128 0 255
-44.666382 85.892578 -18.750000 -0.536518 0.843889 0.000000 255 128 0 255
-43.789307 86.450195 0.000000 -0.536518 0.843889 0.000000 255 128 0 255
-43.789307 86.450195 -18.750000 -0.536518 0.843889 0.000000 255 128 0 255
-42.912231 87.007812 0.000000 -0.511873 0.859061 0.000000 255 128 0 255
-42.912231 87.007812 -18.750000 -0.511873 0.859061 0.000000 255 128 0 255
-41.985237 87.524414 18.750000 -0.486798 0.873515 0.000000 255 128 0 255
-41.058243 88.041016 18.750000 -0.486798 0.873515 0.000000 255 128 0 255
-41.985237 87.524414 0.000000 -0.486798 0.873515 0.000000 255 128 0 255
-41.058243 88.041016 0.000000 -0.486798 0.873515 0.000000 255 128 0 255
-41.985237 87.524414 -18.750000 -0.486798 0.873515 0.000000 255 128 0 255
-41.058243 88.041016 -18.750000 -0.486798 0.873515 0.000000 255 128 0 255
-40.131248 88.557617 0.000000 -0.486798 0.873515 0.000000 255 128 0 255
-40.131248 88.557617 -18.750000 -0.486798 0.873515 0.000000 255 128 0 255
-39.204254 89.074219 0.000000 -0.465121 0.885247 0.000000 255 128 0 255
-39.204254 89.074219 -18.750000 -0.465121 0.885247 0.000000 255 128 0 255
-38.232346 89.554688 18.750000 -0.443161 0.896442 0.000000 255 128 0 255
-37.260437 90.035156 18.750000 -0.443161 0.896442 0.000000 255 128 0 255
-38.232346 89.554688 0.000000 -0.443161 0.896442 0.000000 255 128 0 255
-37.260437 90.035156 0.000000 -0.443161 0.896442 0.000000 255 128 0 255
-38.232346 89.554688 -18.750000 -0.443161 0.896442 0.000000 255 128 0 255
-37.260437 90.035156 -18.750000 -0.443161 0.896442 0.000000 255 128 0 255
-36.288528 90.515625 0.000000 -0.443161 0.896442 0.000000 255 128 0 255
-36.288528 90.515625 -18.750000 -0.443161 0.896442 0.000000 255 128 0 255
-35.316620 90.996094 0.000000 -0.423827 0.905743 0.000000 255 128 0 255
-35.316620 90.996094 -18.750000 -0.423827 0.905743 0.000000 255 128 0 255
-34.304787 91.443359 18.750000 -0.404297 0.914628 0.000000 255 128 0 255
-33.292953 91.890625 18.750000 -0.404297 0.914628 0.000000 255 128 0 255
-34.304787 91.443359 0.000000 -0.404297 0.914628 0.000000 255 128 0 255
-33.292953 91.890625 0.000000 -0.404297 0.914628 0.000000 255 128 0 255
-34.304787 91.443359 -18.750000 -0.404297 0.914628 0.000000 255 128 0 255
-33.292953 91.890625 -18.750000 -0.404297 0.914628 0.000000 255 128 0 255
-32.281120 92.337891 0.000000 -0.404297 0.914628 0.000000 255 128 0 255
-32.281120 92.337891 -18.750000 -0.404297 0.914628 0.000000 255 128 0 255
-31.269287 92.785156 0.000000 -0.388181 0.921583 0.000000 255 128 0 255
-31.269287 92.785156 -18.750000 -0.388181 0.921583 0.000000 255 128 0 255
-30.222519 93.204590 18.750000 -0.371946 0.928254 0.000000 255 128 0 255
-29.175751 93.624023 18.750000 -0.371946 0.928254 0.000000 255 128 0 255
-30.222519 93.204590 0.000000 -0.371946 0.928254 0.000000 255 128 0 255
-29.175751 93.624023 0.000000 -0.371946 0.928254 0.000000 255 128 0 255
-30.222519 93.204590 -18.750000 -0.371946 0.928254 0.000000 255 128 0 255
-29.175751 93.624023 -18.750000 -0.371946 0.928254 0.000000 255 128 0 255
-28.128983 94.043457 0.000000 -0.371946 0.928254 0.000000 255 128 0 255
-28.128983 94.043457 -18.750000 -0.371946 0.928254 0.000000 255 128 0 255
-27.082214 94.462891 0.000000 -0.358223 0.933636 0.000000 255 128 0 255
-27.082214 94.462891 -18.750000 -0.358223 0.933636 0.000000 255 128 0 255
-26.005486 94.857910 18.750000 -0.344423 0.938815 0.000000 255 128 0 255
-24.928757 95.252930 18.750000 -0.344423 0.938815 0.000000 255 128 0 255
-26.005486 94.857910 0.000000 -0.344423 0.938815 0.000000 255 128 0 255
-24.928757 95.252930 0.000000 -0.344423 0.938815 0.000000 255 128 0 255
-26.005486 94.857910 -18.750000 -0.344423 0.938815 0.000000 255 128 0 255
-24.928757 95.252930 -18.750000 -0.344423 0.938815 0.000000 255 128 0 255
-23.852028 95.647949 0.000000 -0.344423 0.938815 0.000000 255 128 0 255
-23.852028 95.647949 -18.750000 -0.344423 0.938815 0.000000 255 128 0 255
-22.775299 96.042969 0.000000 -0.333351 0.942803 0.000000 255 128 0 255
-22.775299 96.042969 -18.750000 -0.333351 0.942803 0.000000 255 128 0 255
-21.673622 96.417969 18.750000 -0.322234 0.946660 0.000000 255 128 0 255
-20.571945 96.792969 18.750000 -0.322234 0.946660 0.000000 255 128 0 255
-21.673622 96.417969 0.000000 -0.322234 0.946660 0.000000 255 128 0 255
-20.571945 96.792969 0.000000 -0.322234 0.946660 0.000000 255 128 0 255
-21.673622 96.417969 -18.750000 -0.322234 0.946660 0.000000 255 128 0 255
-20.571945 96.792969 -18.750000 -0.322234 0.946660 0.000000 255 128 0 255
-19.470268 97.167969 0.000000 -0.322234 0.946660 0.000000 255 128 0 255
-19.470268 97.167969 -18.750000 -0.322234 0.946660 0.000000 255 128 0 255
-18.368591 97.542969 0.000000 -0.309972 0.950745 0.000000 255 128 0 255
-18.368591 97.542969 -18.750000 -0.309972 0.950745 0.000000 255 128 0 255
-16.110352 98.247070 18.750000 -0.297659 0.954672 0.000000 255 128 0 255
-13.852112 98.951172 18.750000 -0.297659 0.954672 0.000000 255 128 0 255
-16.110352 98.247070 0.000000 -0.297659 0.954672 0.000000 255 128 0 255
-13.852112 98.951172 0.000000 -0.297659 0.954672 0.000000 255 128 0 255
-16.110352 98.247070 -18.750000 -0.297659 0.954672 0.000000 255 128 0 255
-13.852112 98.951172 -18.750000 -0.297659 0.954672 0.000000 255 128 0 255
-11.593872 99.655273 0.000000 -0.297659 0.954672 0.000000 255 128 0 255
-11.593872 99.655273 -18.750000 -0.297659 0.954672 0.000000 255 128 0 255
-9.335632 100.359375 0.000000 -0.289143 0.957286 0.000000 255 128 0 255
-9.335632 100.359375 -18.750000 -0.289143 0.957286 0.000000 255 128 0 255
-7.037445 101.031250 18.750000 -0.280604 0.959823 0.000000 255 128 0 255
-4.739258 101.703125 18.750000 -0.280604 0.959823 0.000000 255 128 0 255
-7.037445 101.031250 0.000000 -0.280604 0.959823 0.000000 255 128 0 255
-4.739258 101.703125 0.000000 -0.280604 0.959823 0.000000 255 128 0 255
-7.037445 101.031250 -18.750000 -0.280604 0.959823 0.000000 255 128 0 255
-2.441071 102.375000 0.000000 -0.280604 0.959823 0.000000 255 128 0 255
-2.441071 102.375000 -18.750000 -0.280604 0.959823 0.000000 255 128 0 255
-4.739258 101.703125 -18.750000 -0.280604 0.959823 0.000000 255 128 0 255
-55.096893 -76.527344 18.750000 -0.820832 -0.571170 0.000000 255 128 0 255
-56.222946 -74.275879 18.750000 -0.894376 -0.447315 0.000000 255 128 0 255
-57.348999 -72.024414 18.750000 -0.894376 -0.447315 0.000000 255 128 0 255
-55.096893 -76.527344 0.000000 -0.820832 -0.571170 0.000000 255 128 0 255
-56.222946 -74.275879 0.000000 -0.894376 -0.447315 0.000000 255 128 0 255
-57.348999 -72.024414 0.000000 -0.894376 -0.447315 0.000000 255 128 0 255
-56.222946 -74.275879 -18.750000 -0.894376 -0.447315 0.000000 255 128 0 255
-57.348999 -72.024414 -18.750000 -0.894376 -0.447315 0.000000 255 128 0 255
-58.475052 -69.772949 0.000000 -0.894376 -0.447315 0.000000 255 128 0 255
-58.475052 -69.772949 -18.750000 -0.894376 -0.447315 0.000000 255 128 0 255
-59.601105 -67.521484 0.000000 -0.898592 -0.438785 0.000000 255 128 0 255
-59.601105 -67.521484 -18.750000 -0.898592 -0.438785 0.000000 255 128 0 255
-60.140274 -66.390137 18.750000 -0.902727 -0.430215 0.000000 255 128 0 255
-60.679443 -65.258789 18.750000 -0.902727 -0.430215 0.000000 255 128 0 255
-60.140274 -66.390137 0.000000 -0.902727 -0.430215 0.000000 255 128 0 255
-60.679443 -65.258789 0.000000 -0.902727 -0.430215 0.000000 255 128 0 255
-60.140274 -66.390137 -18.750000 -0.902727 -0.430215 0.000000 255 128 0 255
-60.679443 -65.258789 -18.750000 -0.902727 -0.430215 0.000000 255 128 0 255
-61.218613 -64.127441 0.000000 -0.902727 -0.430215 0.000000 255 128 0 255
-61.218613 -64.127441 -18.750000 -0.902727 -0.430215 0.000000 255 128 0 255
-61.757782 -62.996094 0.000000 -0.907696 -0.419629 0.000000 255 128 0 255
-61.757782 -62.996094 -18.750000 -0.907696 -0.419629 0.000000 255 128 0 255
-62.268333 -61.856934 18.750000 -0.912541 -0.408985 0.000000 255 128 0 255
-62.778885 -60.717773 18.750000 -0.912541 -0.408985 0.000000 255 128 0 255
-62.268333 -61.856934 0.000000 -0.912541 -0.408985 0.000000 255 128 0 255
-62.778885 -60.717773 0.000000 -0.912541 -0.408985 0.000000 255 128 0 255
-62.268333 -61.856934 -18.750000 -0.912541 -0.408985 0.000000 255 128 0 255
-62.778885 -60.717773 -18.750000 -0.912541 -0.408985 0.000000 255 128 0 255
-63.289436 -59.578613 0.000000 -0.912541 -0.408985 0.000000 255 128 0 255
-63.289436 -59.578613 -18.750000 -0.912541 -0.408985 0.000000 255 128 0 255
-63.799988 -58.439453 0.000000 -0.918850 -0.394607 0.000000 255 128 0 255
-63.799988 -58.439453 -18.750000 -0.918850 -0.394607 0.000000 255 128 0 255
-64.272377 -57.290039 18.750000 -0.924933 -0.380131 0.000000 255 128 0 255
-64.744766 -56.140625 18.750000 -0.924933 -0.380131 0.000000 255 128 0 255
-64.272377 -57.290039 0.000000 -0.924933 -0.380131 0.000000 255 128 0 255
-64.744766 -56.140625 0.000000 -0.924933 -0.380131 0.000000 255 128 0 255
-64.272377 -57.290039 -18.750000 -0.924933 -0.380131 0.000000 255 128 0 255
-64.744766 -56.140625 -18.750000 -0.924933 -0.380131 0.000000 255 128 0 255
-65.217155 -54.991211 0.000000 -0.924933 -0.380131 0.000000 255 128 0 255
-65.217155 -54.991211 -18.750000 -0.924933 -0.380131 0.000000 255 128 0 255
-65.689545 -53.841797 0.000000 -0.932247 -0.361822 0.000000 255 128 0 255
-65.689545 -53.841797 -18.750000 -0.932247 -0.361822 0.000000 255 128 0 255
-66.114235 -52.680176 18.750000 -0.939199 -0.343373 0.000000 255 128 0 255
-66.538925 -51.518555 18.750000 -0.939199 -0.343373 0.000000 255 128 0 255
-66.114235 -52.680176 0.000000 -0.939199 -0.343373 0.000000 255 128 0 255
-66.538925 -51.518555 0.000000 -0.939199 -0.343373 0.000000 255 128 0 255
-66.114235 -52.680176 -18.750000 -0.939199 -0.343373 0.000000 255 128 0 255
-66.538925 -51.518555 -18.750000 -0.939199 -0.343373 0.000000 255 128 0 255
-66.963615 -50.356934 0.000000 -0.939199 -0.343373 0.000000 255 128 0 255
-66.963615 -50.356934 -18.750000 -0.939199 -0.343373 0.000000 255 128 0 255
-67.388306 -49.195312 0.000000 -0.947145 -0.320806 0.000000 255 128 0 255
-67.388306 -49.195312 -18.750000 -0.947145 -0.320806 0.000000 255 128 0 255
-67.755745 -48.018555 18.750000 -0.954549 -0.298055 0.000000 255 128 0 255
-68.123184 -46.841797 18.750000 -0.954549 -0.298055 0.000000 255 128 0 255
-67.755745 -48.018555 0.000000 -0.954549 -0.298055 0.000000 255 128 0 255
-68.123184 -46.841797 0.000000 -0.954549 -0.298055 0.000000 255 128 0 255
-67.755745 -48.018555 -18.750000 -0.954549 -0.298055 0.000000 255 128 0 255
-68.123184 -46.841797 -18.750000 -0.954549 -0.298055 0.000000 255 128 0 255
-68.490623 -45.665039 0.000000 -0.954549 -0.298055 0.000000 255 128 0 255
-68.490623 -45.665039 -18.750000 -0.954549 -0.298055 0.000000 255 128 0 255
-68.858063 -44.488281 0.000000 -0.962233 -0.272229 0.000000 255 128 0 255
-68.858063 -44.488281 -18.750000 -0.962233 -0.272229 0.000000 255 128 0 255
-69.160957 -43.295898 18.750000 -0.969218 -0.246205 0.000000 255 128 0 255
-69.463852 -42.103516 18.750000 -0.969218 -0.246205 0.000000 255 128 0 255
-69.160957 -43.295898 0.000000 -0.969218 -0.246205 0.000000 255 128 0 255
-69.463852 -42.103516 0.000000 -0.969218 -0.246205 0.000000 255 128 0 255
-69.160957 -43.295898 -18.750000 -0.969218 -0.246205 0.000000 255 128 0 255
-69.463852 -42.103516 -18.750000 -0.969218 -0.246205 0.000000 255 128 0 255
-69.766747 -40.911133 0.000000 -0.969218 -0.246205 0.000000 255 128 0 255
-69.766747 -40.911133 -18.750000 -0.969218 -0.246205 0.000000 255 128 0 255
-70.069641 -39.718750 0.000000 -0.975174 -0.221441 0.000000 255 128 0 255
-70.069641 -39.718750 -18.750000 -0.975174 -0.221441 0.000000 255 128 0 255
-70.311974 -38.509766 18.750000 -0.980497 -0.196534 0.000000 255 128 0 255
-70.554306 -37.300781 18.750000 -0.980497 -0.196534 0.000000 255 128 0 255
-70.311974 -38.509766 0.000000 -0.980497 -0.196534 0.000000 255 128 0 255
-70.554306 -37.300781 0.000000 -0.980497 -0.196534 0.000000 255 128 0 255
-70.311974 -38.509766 -18.750000 -0.980497 -0.196534 0.000000 255 128 0 255
-70.554306 -37.300781 -18.750000 -0.980497 -0.196534 0.000000 255 128 0 255
-70.796638 -36.091797 0.000000 -0.980497 -0.196534 0.000000 255 128 0 255
-70.796638 -36.091797 -18.750000 -0.980497 -0.196534 0.000000 255 128 0 255
-71.038971 -34.882812 0.000000 -0.984600 -0.174824 0.000000 255 128 0 255
-71.038971 -34.882812 -18.750000 -0.984600 -0.174824 0.000000 255 128 0 255
-71.228302 -33.660156 18.750000 -0.988222 -0.153028 0.000000 255 128 0 255
-71.417633 -32.437500 18.750000 -0.988222 -0.153028 0.000000 255 128 0 255
-71.228302 -33.660156 0.000000 -0.988222 -0.153028 0.000000 255 128 0 255
-71.417633 -32.437500 0.000000 -0.988222 -0.153028 0.000000 255 128 0 255
-71.228302 -33.660156 -18.750000 -0.988222 -0.153028 0.000000 255 128 0 255
-71.417633 -32.437500 -18.750000 -0.988222 -0.153028 0.000000 255 128 0 255
-71.606964 -31.214844 0.000000 -0.988222 -0.153028 0.000000 255 128 0 255
-71.606964 -31.214844 -18.750000 -0.988222 -0.153028 0.000000 255 128 0 255
-71.796295 -29.992188 0.000000 -0.990924 -0.134420 0.000000 255 128 0 255
-71.796295 -29.992188 -18.750000 -0.990924 -0.134420 0.000000 255 128 0 255
-71.940216 -28.757324 18.750000 -0.993277 -0.115764 0.000000 255 128 0 255
-72.084137 -27.522461 18.750000 -0.993277 -0.115764 0.000000 255 128 0 255
-71.940216 -28.757324 0.000000 -0.993277 -0.115764 0.000000 255 128 0 255
-72.084137 -27.522461 0.000000 -0.993277 -0.115764 0.000000 255 128 0 255
-71.940216 -28.757324 -18.750000 -0.993277 -0.115764 0.000000 255 128 0 255
-72.084137 -27.522461 -18.750000 -0.993277 -0.115764 0.000000 255 128 0 255
-72.228058 -26.287598 0.000000 -0.993277 -0.115764 0.000000 255 128 0 255
-72.228058 -26.287598 -18.750000 -0.993277 -0.115764 0.000000 255 128 0 255
-72.371979 -25.052734 0.000000 -0.994952 -0.100352 0.000000 255 128 0 255
-72.371979 -25.052734 -18.750000 -0.994952 -0.100352 0.000000 255 128 0 255
-72.478050 -23.808105 18.750000 -0.996388 -0.084916 0.000000 255 128 0 255
-72.584122 -22.563477 18.750000 -0.996388 -0.084916 0.000000 255 128 0 255
-72.478050 -23.808105 0.000000 -0.996388 -0.084916 0.000000 255 128 0 255
-72.584122 -22.563477 0.000000 -0.996388 -0.084916 0.000000 255 128 0 255
-72.478050 -23.808105 -18.750000 -0.996388 -0.084916 0.000000 255 128 0 255
-72.584122 -22.563477 -18.750000 -0.996388 -0.084916 0.000000 255 128 0 255
-72.690193 -21.318848 0.000000 -0.996388 -0.084916 0.000000 255 128 0 255
-72.690193 -21.318848 -18.750000 -0.996388 -0.084916 0.000000 255 128 0 255
-72.796265 -20.074219 0.000000 -0.997355 -0.072686 0.000000 255 128 0 255
-72.796265 -20.074219 -18.750000 -0.997355 -0.072686 0.000000 255 128 0 255
-72.872047 -18.822754 18.750000 -0.998172 -0.060445 0.000000 255 128 0 255
-72.947830 -17.571289 18.750000 -0.998172 -0.060445 0.000000 255 128 0 255
-72.872047 -18.822754 0.000000 -0.998172 -0.060445 0.000000 255 128 0 255
-72.947830 -17.571289 0.000000 -0.998172 -0.060445 0.000000 255 128 0 255
-72.872047 -18.822754 -18.750000 -0.998172 -0.060445 0.000000 255 128 0 255
-72.947830 -17.571289 -18.750000 -0.998172 -0.060445 0.000000 255 128 0 255
-73.023613 -16.319824 0.000000 -0.998172 -0.060445 0.000000 255 128 0 255
-73.023613 -16.319824 -18.750000 -0.998172 -0.060445 0.000000 255 128 0 255
-73.099396 -15.068359 0.000000 -0.998683 -0.051300 0.000000 255 128 0 255
-73.099396 -15.068359 -18.750000 -0.998683 -0.051300 0.000000 255 128 0 255
-73.152481 -13.810059 18.750000 -0.999111 -0.042151 0.000000 255 128 0 255
-73.205566 -12.551758 18.750000 -0.999111 -0.042151 0.000000 255 128 0 255
-73.152481 -13.810059 0.000000 -0.999111 -0.042151 0.000000 255 128 0 255
-73.205566 -12.551758 0.000000 -0.999111 -0.042151 0.000000 255 128 0 255
-73.152481 -13.810059 -18.750000 -0.999111 -0.042151 0.000000 255 128 0 255
-73.205566 -12.551758 -18.750000 -0.999111 -0.042151 0.000000 255 128 0 255
-73.258652 -11.293457 0.000000 -0.999111 -0.042151 0.000000 255 128 0 255
-73.258652 -11.293457 -18.750000 -0.999111 -0.042151 0.000000 255 128 0 255
-73.311737 -10.035156 0.000000 -0.999402 -0.034591 0.000000 255 128 0 255
-73.311737 -10.035156 -18.750000 -0.999402 -0.034591 0.000000 255 128 0 255
-73.380035 -7.509277 18.750000 -0.999635 -0.027030 0.000000 255 128 0 255
-73.448334 -4.983398 18.750000 -0.999635 -0.027030 0.000000 255 128 0 255
-73.380035 -7.509277 0.000000 -0.999635 -0.027030 0.000000 255 128 0 255
-73.448334 -4.983398 0.000000 -0.999635 -0.027030 0.000000 255 128 0 255
-73.380035 -7.509277 -18.750000 -0.999635 -0.027030 0.000000 255 128 0 255
-73.516632 -2.457520 0.000000 -0.999635 -0.027030 0.000000 255 128 0 255
-73.516632 -2.457520 -18.750000 -0.999635 -0.027030 0.000000 255 128 0 255
-73.448334 -4.983398 -18.750000 -0.999635 -0.027030 0.000000 255 128 0 255
-0.002289 -103.048828 18.750000 0.097418 -0.995244 0.000000 255 128 0 255
-2.043037 -102.866699 18.750000 -0.088893 -0.996041 0.000000 255 128 0 255
-4.083786 -102.684570 18.750000 -0.088893 -0.996041 0.000000 255 128 0 255
-0.002289 -103.048828 0.000000 0.097418 -0.995244 0.000000 255 128 0 255
-2.043037 -102.866699 0.000000 -0.088893 -0.996041 0.000000 255 128 0 255
-4.083786 -102.684570 0.000000 -0.088893 -0.996041 0.000000 255 128 0 255
-2.043037 -102.866699 -18.750000 -0.088893 -0.996041 0.000000 255 128 0 255
-4.083786 -102.684570 -18.750000 -0.088893 -0.996041 0.000000 255 128 0 255
-6.124535 -102.502441 0.000000 -0.088893 -0.996041 0.000000 255 128 0 255
-6.124535 -102.502441 -18.750000 -0.088893 -0.996041 0.000000 255 128 0 255
-8.165283 -102.320312 0.000000 -0.101723 -0.994813 0.000000 255 128 0 255
-8.165283 -102.320312 -18.750000 -0.101723 -0.994813 0.000000 255 128 0 255
-9.173233 -102.204102 18.750000 -0.114536 -0.993419 0.000000 255 128 0 255
-10.181183 -102.087891 18.750000 -0.114536 -0.993419 0.000000 255 128 0 255
-9.173233 -102.204102 0.000000 -0.114536 -0.993419 0.000000 255 128 0 255
-10.181183 -102.087891 0.000000 -0.114536 -0.993419 0.000000 255 128 0 255
-9.173233 -102.204102 -18.750000 -0.114536 -0.993419 0.000000 255 128 0 255
-10.181183 -102.087891 -18.750000 -0.114536 -0.993419 0.000000 255 128 0 255
-11.189133 -101.971680 0.000000 -0.114536 -0.993419 0.000000 255 128 0 255
-11.189133 -101.971680 -18.750000 -0.114536 -0.993419 0.000000 255 128 0 255
-12.197083 -101.855469 0.000000 -0.130011 -0.991512 0.000000 255 128 0 255
-12.197083 -101.855469 -18.750000 -0.130011 -0.991512 0.000000 255 128 0 255
-13.190125 -101.709473 18.750000 -0.145455 -0.989365 0.000000 255 128 0 255
-14.183167 -101.563477 18.750000 -0.145455 -0.989365 0.000000 255 128 0 255
-13.190125 -101.709473 0.000000 -0.145455 -0.989365 0.000000 255 128 0 255
-14.183167 -101.563477 0.000000 -0.145455 -0.989365 0.000000 255 128 0 255
-13.190125 -101.709473 -18.750000 -0.145455 -0.989365 0.000000 255 128 0 255
-14.183167 -101.563477 -18.750000 -0.145455 -0.989365 0.000000 255 128 0 255
-15.176208 -101.417480 0.000000 -0.145455 -0.989365 0.000000 255 128 0 255
-15.176208 -101.417480 -18.750000 -0.145455 -0.989365 0.000000 255 128 0 255
-16.169250 -101.271484 0.000000 -0.167125 -0.985936 0.000000 255 128 0 255
-16.169250 -101.271484 -18.750000 -0.167125 -0.985936 0.000000 255 128 0 255
-17.142426 -101.084473 18.750000 -0.188714 -0.982032 0.000000 255 128 0 255
-18.115601 -100.897461 18.750000 -0.188714 -0.982032 0.000000 255 128 0 255
-17.142426 -101.084473 0.000000 -0.188714 -0.982032 0.000000 255 128 0 255
-18.115601 -100.897461 0.000000 -0.188714 -0.982032 0.000000 255 128 0 255
-17.142426 -101.084473 -18.750000 -0.188714 -0.982032 0.000000 255 128 0 255
-18.115601 -100.897461 -18.750000 -0.188714 -0.982032 0.000000 255 128 0 255
-19.088776 -100.710449 0.000000 -0.188714 -0.982032 0.000000 255 128 0 255
-19.088776 -100.710449 -18.750000 -0.188714 -0.982032 0.000000 255 128 0 255
-20.061951 -100.523438 0.000000 -0.215815 -0.976434 0.000000 255 128 0 255
-20.061951 -100.523438 -18.750000 -0.215815 -0.976434 0.000000 255 128 0 255
-21.010277 -100.286133 18.750000 -0.242750 -0.970089 0.000000 255 128 0 255
-21.958603 -100.048828 18.750000 -0.242750 -0.970089 0.000000 255 128 0 255
-21.010277 -100.286133 0.000000 -0.242750 -0.970089 0.000000 255 128 0 255
-21.958603 -100.048828 0.000000 -0.242750 -0.970089 0.000000 255 128 0 255
-21.010277 -100.286133 -18.750000 -0.242750 -0.970089 0.000000 255 128 0 255
-21.958603 -100.048828 -18.750000 -0.242750 -0.970089 0.000000 255 128 0 255
-22.906929 -99.811523 0.000000 -0.242750 -0.970089 0.000000 255 128 0 255
-22.906929 -99.811523 -18.750000 -0.242750 -0.970089 0.000000 255 128 0 255
-23.855255 -99.574219 0.000000 -0.275305 -0.961357 0.000000 255 128 0 255
-23.855255 -99.574219 -18.750000 -0.275305 -0.961357 0.000000 255 128 0 255
-24.773773 -99.277344 18.750000 -0.307546 -0.951533 0.000000 255 128 0 255
-25.692291 -98.980469 18.750000 -0.307546 -0.951533 0.000000 255 128 0 255
-24.773773 -99.277344 0.000000 -0.307546 -0.951533 0.000000 255 128 0 255
-25.692291 -98.980469 0.000000 -0.307546 -0.951533 0.000000 255 128 0 255
-24.773773 -99.277344 -18.750000 -0.307546 -0.951533 0.000000 255 128 0 255
-25.692291 -98.980469 -18.750000 -0.307546 -0.951533 0.000000 255 128 0 255
-26.610809 -98.683594 0.000000 -0.307546 -0.951533 0.000000 255 128 0 255
-26.610809 -98.683594 -18.750000 -0.307546 -0.951533 0.000000 255 128 0 255
-27.529327 -98.386719 0.000000 -0.336194 -0.941793 0.000000 255 128 0 255
-27.529327 -98.386719 -18.750000 -0.336194 -0.941793 0.000000 255 128 0 255
-27.975861 -98.211914 18.750000 -0.364534 -0.931190 0.000000 255 128 0 255
-28.422394 -98.037109 18.750000 -0.364534 -0.931190 0.000000 255 128 0 255
-27.975861 -98.211914 0.000000 -0.364534 -0.931190 0.000000 255 128 0 255
-28.422394 -98.037109 0.000000 -0.364534 -0.931190 0.000000 255 128 0 255
-27.975861 -98.211914 -18.750000 -0.364534 -0.931190 0.000000 255 128 0 255
-28.422394 -98.037109 -18.750000 -0.364534 -0.931190 0.000000 255 128 0 255
-28.868927 -97.862305 0.000000 -0.364534 -0.931190 0.000000 255 128 0 255
-28.868927 -97.862305 -18.750000 -0.364534 -0.931190 0.000000 255 128 0 255
-29.315460 -97.687500 0.000000 -0.384591 -0.923087 0.000000 255 128 0 255
-29.315460 -97.687500 -18.750000 -0.384591 -0.923087 0.000000 255 128 0 255
-29.752670 -97.494141 18.750000 -0.404467 -0.914552 0.000000 255 128 0 255
-30.189880 -97.300781 18.750000 -0.404467 -0.914552 0.000000 255 128 0 255
-29.752670 -97.494141 0.000000 -0.404467 -0.914552 0.000000 255 128 0 255
-30.189880 -97.300781 0.000000 -0.404467 -0.914552 0.000000 255 128 0 255
-29.752670 -97.494141 -18.750000 -0.404467 -0.914552 0.000000 255 128 0 255
-30.189880 -97.300781 -18.750000 -0.404467 -0.914552 0.000000 255 128 0 255
-30.627090 -97.107422 0.000000 -0.404467 -0.914552 0.000000 255 128 0 255
-30.627090 -97.107422 -18.750000 -0.404467 -0.914552 0.000000 255 128 0 255
-31.064301 -96.914062 0.000000 -0.426150 -0.904652 0.000000 255 128 0 255
-31.064301 -96.914062 -18.750000 -0.426150 -0.904652 0.000000 255 128 0 255
-31.491585 -96.700195 18.750000 -0.447590 -0.894239 0.000000 255 128 0 255
-31.918869 -96.486328 18.750000 -0.447590 -0.894239 0.000000 255 128 0 255
-31.491585 -96.700195 0.000000 -0.447590 -0.894239 0.000000 255 128 0 255
-31.918869 -96.486328 0.000000 -0.447590 -0.894239 0.000000 255 128 0 255
-31.491585 -96.700195 -18.750000 -0.447590 -0.894239 0.000000 255 128 0 255
-31.918869 -96.486328 -18.750000 -0.447590 -0.894239 0.000000 255 128 0 255
-32.346153 -96.272461 0.000000 -0.447590 -0.894239 0.000000 255 128 0 255
-32.346153 -96.272461 -18.750000 -0.447590 -0.894239 0.000000 255 128 0 255
-32.773438 -96.058594 0.000000 -0.467984 -0.883737 0.000000 255 128 0 255
-32.773438 -96.058594 -18.750000 -0.467984 -0.883737 0.000000 255 128 0 255
-33.190750 -95.825195 18.750000 -0.488131 -0.872770 0.000000 255 128 0 255
-33.608063 -95.591797 18.750000 -0.488131 -0.872770 0.000000 255 128 0 255
-33.190750 -95.825195 0.000000 -0.488131 -0.872770 0.000000 255 128 0 255
-33.608063 -95.591797 0.000000 -0.488131 -0.872770 0.000000 255 128 0 255
-33.190750 -95.825195 -18.750000 -0.488131 -0.872770 0.000000 255 128 0 255
-33.608063 -95.591797 -18.750000 -0.488131 -0.872770 0.000000 255 128 0 255
-34.025375 -95.358398 0.000000 -0.488131 -0.872770 0.000000 255 128 0 255
-34.025375 -95.358398 -18.750000 -0.488131 -0.872770 0.000000 255 128 0 255
-34.442688 -95.125000 0.000000 -0.516384 -0.856357 0.000000 255 128 0 255
-34.442688 -95.125000 -18.750000 -0.516384 -0.856357 0.000000 255 128 0 255
-35.249878 -94.601562 18.750000 -0.544085 -0.839030 0.000000 255 128 0 255
-36.057068 -94.078125 18.750000 -0.544085 -0.839030 0.000000 255 128 0 255
-35.249878 -94.601562 0.000000 -0.544085 -0.839030 0.000000 255 128 0 255
-36.057068 -94.078125 0.000000 -0.544085 -0.839030 0.000000 255 128 0 255
-35.249878 -94.601562 -18.750000 -0.544085 -0.839030 0.000000 255 128 0 255
-36.057068 -94.078125 -18.750000 -0.544085 -0.839030 0.000000 255 128 0 255
-36.864258 -93.554688 0.000000 -0.544085 -0.839030 0.000000 255 128 0 255
-36.864258 -93.554688 -18.750000 -0.544085 -0.839030 0.000000 255 128 0 255
-37.671448 -93.031250 0.000000 -0.574752 -0.818327 0.000000 255 128 0 255
-37.671448 -93.031250 -18.750000 -0.574752 -0.818327 0.000000 255 128 0 255
-38.446541 -92.442871 18.750000 -0.604633 -0.796504 0.000000 255 128 0 255
-39.221634 -91.854492 18.750000 -0.604633 -0.796504 0.000000 255 128 0 255
-38.446541 -92.442871 0.000000 -0.604633 -0.796504 0.000000 255 128 0 255
-39.221634 -91.854492 0.000000 -0.604632 -0.796505 0.000000 255 128 0 255
-38.446541 -92.442871 -18.750000 -0.604632 -0.796505 0.000000 255 128 0 255
-39.221634 -91.854492 -18.750000 -0.604633 -0.796504 0.000000 255 128 0 255
-39.996727 -91.266113 0.000000 -0.604633 -0.796504 0.000000 255 128 0 255
-39.996727 -91.266113 -18.750000 -0.604633 -0.796504 0.000000 255 128 0 255
-40.771820 -90.677734 0.000000 -0.628328 -0.777949 0.000000 255 128 0 255
-40.771820 -90.677734 -18.750000 -0.628328 -0.777949 0.000000 255 128 0 255
-41.520172 -90.035156 18.750000 -0.651454 -0.758689 0.000000 255 128 0 255
-42.268524 -89.392578 18.750000 -0.651454 -0.758689 0.000000 255 128 0 255
-41.520172 -90.035156 0.000000 -0.651454 -0.758689 0.000000 255 128 0 255
-42.268524 -89.392578 0.000000 -0.651454 -0.758689 0.000000 255 128 0 255
-41.520172 -90.035156 -18.750000 -0.651454 -0.758689 0.000000 255 128 0 255
-42.268524 -89.392578 -18.750000 -0.651454 -0.758689 0.000000 255 128 0 255
-43.016876 -88.750000 0.000000 -0.651454 -0.758689 0.000000 255 128 0 255
-43.016876 -88.750000 -18.750000 -0.651454 -0.758689 0.000000 255 128 0 255
-43.765228 -88.107422 0.000000 -0.669083 -0.743188 0.000000 255 128 0 255
-43.765228 -88.107422 -18.750000 -0.669083 -0.743188 0.000000 255 128 0 255
-44.492180 -87.421387 18.750000 -0.686343 -0.727278 0.000000 255 128 0 255
-45.219131 -86.735352 18.750000 -0.686343 -0.727278 0.000000 255 128 0 255
-44.492180 -87.421387 0.000000 -0.686343 -0.727278 0.000000 255 128 0 255
-45.219131 -86.735352 0.000000 -0.686343 -0.727278 0.000000 255 128 0 255
-44.492180 -87.421387 -18.750000 -0.686343 -0.727278 0.000000 255 128 0 255
-45.219131 -86.735352 -18.750000 -0.686343 -0.727278 0.000000 255 128 0 255
-45.946083 -86.049316 0.000000 -0.686343 -0.727278 0.000000 255 128 0 255
-45.946083 -86.049316 -18.750000 -0.686343 -0.727278 0.000000 255 128 0 255
-46.673035 -85.363281 0.000000 -0.698521 -0.715589 0.000000 255 128 0 255
-46.673035 -85.363281 -18.750000 -0.698521 -0.715589 0.000000 255 128 0 255
-47.383934 -84.645508 18.750000 -0.710501 -0.703696 0.000000 255 128 0 255
-48.094833 -83.927734 18.750000 -0.710501 -0.703696 0.000000 255 128 0 255
-47.383934 -84.645508 0.000000 -0.710501 -0.703696 0.000000 255 128 0 255
-48.094833 -83.927734 0.000000 -0.710501 -0.703696 0.000000 255 128 0 255
-47.383934 -84.645508 -18.750000 -0.710501 -0.703696 0.000000 255 128 0 255
-48.094833 -83.927734 -18.750000 -0.710501 -0.703696 0.000000 255 128 0 255
-48.805733 -83.209961 0.000000 -0.710501 -0.703696 0.000000 255 128 0 255
-48.805733 -83.209961 -18.750000 -0.710501 -0.703696 0.000000 255 128 0 255
-49.516632 -82.492188 0.000000 -0.720452 -0.693505 0.000000 255 128 0 255
-49.516632 -82.492188 -18.750000 -0.720452 -0.693505 0.000000 255 128 0 255
-50.911697 -81.000977 18.750000 -0.730256 -0.683173 0.000000 255 128 0 255
-52.306763 -79.509766 18.750000 -0.730256 -0.683173 0.000000 255 128 0 255
-50.911697 -81.000977 0.000000 -0.730256 -0.683173 0.000000 255 128 0 255
-52.306763 -79.509766 0.000000 -0.730256 -0.683173 0.000000 255 128 0 255
-50.911697 -81.000977 -18.750000 -0.730256 -0.683173 0.000000 255 128 0 255
-53.701828 -78.018555 0.000000 -0.730256 -0.683173 0.000000 255 128 0 255
-53.701828 -78.018555 -18.750000 -0.730256 -0.683173 0.000000 255 128 0 255
-52.306763 -79.509766 -18.750000 -0.730256 -0.683173 0.000000 255 128 0 255
73.491058 -2.402832 18.750000 0.999280 -0.037947 0.000000 255 128 0 255
73.397217 -4.874023 18.750000 0.999280 -0.037947 0.000000 255 128 0 255
73.491058 -2.402832 0.000000 0.999280 -0.037947 0.000000 255 128 0 255
73.397217 -4.874023 0.000000 0.999280 -0.037947 0.000000 255 128 0 255
73.491058 -2.402832 -18.750000 0.999280 -0.037947 0.000000 255 128 0 255
73.397217 -4.874023 -18.750000 0.999280 -0.037947 0.000000 255 128 0 255
73.303375 -7.345215 0.000000 0.999280 -0.037947 0.000000 255 128 0 255
73.303375 -7.345215 -18.750000 0.999280 -0.037947 0.000000 255 128 0 255
73.209534 -9.816406 0.000000 0.999015 -0.044379 0.000000 255 128 0 255
73.209534 -9.816406 -18.750000 0.999015 -0.044379 0.000000 255 128 0 255
73.085052 -12.263184 18.750000 0.998708 -0.050810 0.000000 255 128 0 255
72.960571 -14.709961 18.750000 0.998708 -0.050810 0.000000 255 128 0 255
73.085052 -12.263184 0.000000 0.998708 -0.050810 0.000000 255 128 0 255
72.960571 -14.709961 0.000000 0.998708 -0.050810 0.000000 255 128 0 255
73.085052 -12.263184 -18.750000 0.998708 -0.050810 0.000000 255 128 0 255
72.960571 -14.709961 -18.750000 0.998708 -0.050810 0.000000 255 128 0 255
72.836090 -17.156738 0.000000 0.998708 -0.050810 0.000000 255 128 0 255
72.836090 -17.156738 -18.750000 0.998708 -0.050810 0.000000 255 128 0 255
72.711609 -19.603516 0.000000 0.998207 -0.059852 0.000000 255 128 0 255
72.711609 -19.603516 -18.750000 0.998207 -0.059852 0.000000 255 128 0 255
72.628326 -20.809570 18.750000 0.997624 -0.068890 0.000000 255 128 0 255
72.545044 -22.015625 18.750000 0.997624 -0.068890 0.000000 255 128 0 255
72.628326 -20.809570 0.000000 0.997624 -0.068890 0.000000 255 128 0 255
72.545044 -22.015625 0.000000 0.997624 -0.068890 0.000000 255 128 0 255
72.628326 -20.809570 -18.750000 0.997624 -0.068890 0.000000 255 128 0 255
72.545044 -22.015625 -18.750000 0.997624 -0.068890 0.000000 255 128 0 255
72.461761 -23.221680 0.000000 0.997624 -0.068890 0.000000 255 128 0 255
72.461761 -23.221680 -18.750000 0.997624 -0.068890 0.000000 255 128 0 255
72.378479 -24.427734 0.000000 0.997008 -0.077295 0.000000 255 128 0 255
72.378479 -24.427734 -18.750000 0.997008 -0.077295 0.000000 255 128 0 255
72.276047 -25.618652 18.750000 0.996321 -0.085695 0.000000 255 128 0 255
72.173615 -26.809570 18.750000 0.996321 -0.085695 0.000000 255 128 0 255
72.276047 -25.618652 0.000000 0.996321 -0.085695 0.000000 255 128 0 255
72.173615 -26.809570 0.000000 0.996321 -0.085695 0.000000 255 128 0 255
72.276047 -25.618652 -18.750000 0.996321 -0.085695 0.000000 255 128 0 255
72.173615 -26.809570 -18.750000 0.996321 -0.085695 0.000000 255 128 0 255
72.071182 -28.000488 0.000000 0.996321 -0.085695 0.000000 255 128 0 255
72.071182 -28.000488 -18.750000 0.996321 -0.085695 0.000000 255 128 0 255
71.968750 -29.191406 0.000000 0.995375 -0.096064 0.000000 255 128 0 255
71.968750 -29.191406 -18.750000 0.995375 -0.096064 0.000000 255 128 0 255
71.843323 -30.363281 18.750000 0.994321 -0.106423 0.000000 255 128 0 255
71.717896 -31.535156 18.750000 0.994321 -0.106423 0.000000 255 128 0 255
71.843323 -30.363281 0.000000 0.994321 -0.106423 0.000000 255 128 0 255
71.717896 -31.535156 0.000000 0.994321 -0.106423 0.000000 255 128 0 255
71.843323 -30.363281 -18.750000 0.994321 -0.106423 0.000000 255 128 0 255
71.717896 -31.535156 -18.750000 0.994321 -0.106423 0.000000 255 128 0 255
71.592468 -32.707031 0.000000 0.994321 -0.106423 0.000000 255 128 0 255
71.592468 -32.707031 -18.750000 0.994321 -0.106423 0.000000 255 128 0 255
71.467041 -33.878906 0.000000 0.992914 -0.118838 0.000000 255 128 0 255
71.467041 -33.878906 -18.750000 0.992914 -0.118838 0.000000 255 128 0 255
71.314819 -35.028809 18.750000 0.991351 -0.131233 0.000000 255 128 0 255
71.162598 -36.178711 18.750000 0.991351 -0.131233 0.000000 255 128 0 255
71.314819 -35.028809 0.000000 0.991351 -0.131233 0.000000 255 128 0 255
71.162598 -36.178711 0.000000 0.991351 -0.131233 0.000000 255 128 0 255
71.314819 -35.028809 -18.750000 0.991351 -0.131233 0.000000 255 128 0 255
71.162598 -36.178711 -18.750000 0.991351 -0.131233 0.000000 255 128 0 255
71.010376 -37.328613 0.000000 0.991351 -0.131233 0.000000 255 128 0 255
71.010376 -37.328613 -18.750000 0.991351 -0.131233 0.000000 255 128 0 255
70.858154 -38.478516 0.000000 0.989307 -0.145851 0.000000 255 128 0 255
70.858154 -38.478516 -18.750000 0.989307 -0.145851 0.000000 255 128 0 255
70.675293 -39.603516 18.750000 0.987046 -0.160438 0.000000 255 128 0 255
70.492432 -40.728516 18.750000 0.987046 -0.160438 0.000000 255 128 0 255
70.675293 -39.603516 0.000000 0.987046 -0.160438 0.000000 255 128 0 255
70.492432 -40.728516 0.000000 0.987046 -0.160438 0.000000 255 128 0 255
70.675293 -39.603516 -18.750000 0.987046 -0.160438 0.000000 255 128 0 255
70.492432 -40.728516 -18.750000 0.987046 -0.160438 0.000000 255 128 0 255
70.309570 -41.853516 0.000000 0.987046 -0.160438 0.000000 255 128 0 255
70.309570 -41.853516 -18.750000 0.987046 -0.160438 0.000000 255 128 0 255
70.126709 -42.978516 0.000000 0.984133 -0.177434 0.000000 255 128 0 255
70.126709 -42.978516 -18.750000 0.984133 -0.177434 0.000000 255 128 0 255
69.909393 -44.075195 18.750000 0.980927 -0.194378 0.000000 255 128 0 255
69.692078 -45.171875 18.750000 0.980927 -0.194378 0.000000 255 128 0 255
69.909393 -44.075195 0.000000 0.980927 -0.194378 0.000000 255 128 0 255
69.692078 -45.171875 0.000000 0.980927 -0.194378 0.000000 255 128 0 255
69.909393 -44.075195 -18.750000 0.980927 -0.194378 0.000000 255 128 0 255
69.692078 -45.171875 -18.750000 0.980927 -0.194378 0.000000 255 128 0 255
69.474762 -46.268555 0.000000 0.980927 -0.194378 0.000000 255 128 0 255
69.474762 -46.268555 -18.750000 0.980927 -0.194378 0.000000 255 128 0 255
69.257446 -47.365234 0.000000 0.976872 -0.213823 0.000000 255 128 0 255
69.257446 -47.365234 -18.750000 0.976872 -0.213823 0.000000 255 128 0 255
69.001846 -48.431152 18.750000 0.972433 -0.233183 0.000000 255 128 0 255
68.746246 -49.497070 18.750000 0.972433 -0.233183 0.000000 255 128 0 255
69.001846 -48.431152 0.000000 0.972433 -0.233183 0.000000 255 128 0 255
68.746246 -49.497070 0.000000 0.972433 -0.233183 0.000000 255 128 0 255
69.001846 -48.431152 -18.750000 0.972433 -0.233183 0.000000 255 128 0 255
68.746246 -49.497070 -18.750000 0.972433 -0.233183 0.000000 255 128 0 255
68.490646 -50.562988 0.000000 0.972433 -0.233183 0.000000 255 128 0 255
68.490646 -50.562988 -18.750000 0.972433 -0.233183 0.000000 255 128 0 255
68.235046 -51.628906 0.000000 0.966848 -0.255354 0.000000 255 128 0 255
68.235046 -51.628906 -18.750000 0.966848 -0.255354 0.000000 255 128 0 255
67.937302 -52.660156 18.750000 0.960757 -0.277392 0.000000 255 128 0 255
67.639557 -53.691406 18.750000 0.960757 -0.277392 0.000000 255 128 0 255
67.937302 -52.660156 0.000000 0.960757 -0.277392 0.000000 255 128 0 255
67.639557 -53.691406 0.000000 0.960757 -0.277392 0.000000 255 128 0 255
67.937302 -52.660156 -18.750000 0.960757 -0.277392 0.000000 255 128 0 255
67.639557 -53.691406 -18.750000 0.960757 -0.277392 0.000000 255 128 0 255
67.341812 -54.722656 0.000000 0.960757 -0.277392 0.000000 255 128 0 255
67.341812 -54.722656 -18.750000 0.960757 -0.277392 0.000000 255 128 0 255
67.044067 -55.753906 0.000000 0.953255 -0.302167 0.000000 255 128 0 255
67.044067 -55.753906 -18.750000 0.953255 -0.302167 0.000000 255 128 0 255
66.700378 -56.748047 18.750000 0.945114 -0.326740 0.000000 255 128 0 255
66.356689 -57.742188 18.750000 0.945114 -0.326740 0.000000 255 128 0 255
66.700378 -56.748047 0.000000 0.945114 -0.326740 0.000000 255 128 0 255
66.356689 -57.742188 0.000000 0.945114 -0.326740 0.000000 255 128 0 255
66.700378 -56.748047 -18.750000 0.945114 -0.326740 0.000000 255 128 0 255
66.356689 -57.742188 -18.750000 0.945114 -0.326740 0.000000 255 128 0 255
66.013000 -58.736328 0.000000 0.945114 -0.326740 0.000000 255 128 0 255
66.013000 -58.736328 -18.750000 0.945114 -0.326740 0.000000 255 128 0 255
65.669312 -59.730469 0.000000 0.935157 -0.354234 0.000000 255 128 0 255
65.669312 -59.730469 -18.750000 0.935157 -0.354234 0.000000 255 128 0 255
65.275833 -60.684082 18.750000 0.924400 -0.381424 0.000000 255 128 0 255
64.882355 -61.637695 18.750000 0.924400 -0.381424 0.000000 255 128 0 255
65.275833 -60.684082 0.000000 0.924400 -0.381424 0.000000 255 128 0 255
64.882355 -61.637695 0.000000 0.924400 -0.381424 0.000000 255 128 0 255
65.275833 -60.684082 -18.750000 0.924400 -0.381424 0.000000 255 128 0 255
64.882355 -61.637695 -18.750000 0.924400 -0.381424 0.000000 255 128 0 255
64.488876 -62.591309 0.000000 0.924400 -0.381424 0.000000 255 128 0 255
64.488876 -62.591309 -18.750000 0.924400 -0.381424 0.000000 255 128 0 255
64.095398 -63.544922 0.000000 0.911377 -0.411572 0.000000 255 128 0 255
64.095398 -63.544922 -18.750000 0.911377 -0.411572 0.000000 255 128 0 255
63.648315 -64.454102 18.750000 0.897372 -0.441276 0.000000 255 128 0 255
63.201233 -65.363281 18.750000 0.897372 -0.441276 0.000000 255 128 0 255
63.648315 -64.454102 0.000000 0.897372 -0.441276 0.000000 255 128 0 255
63.201233 -65.363281 0.000000 0.897372 -0.441276 0.000000 255 128 0 255
63.648315 -64.454102 -18.750000 0.897372 -0.441276 0.000000 255 128 0 255
63.201233 -65.363281 -18.750000 0.897372 -0.441276 0.000000 255 128 0 255
62.754150 -66.272461 0.000000 0.897372 -0.441276 0.000000 255 128 0 255
62.754150 -66.272461 -18.750000 0.897372 -0.441276 0.000000 255 128 0 255
62.307068 -67.181641 0.000000 0.880940 -0.473228 0.000000 255 128 0 255
62.307068 -67.181641 -18.750000 0.880940 -0.473228 0.000000 255 128 0 255
61.802551 -68.044922 18.750000 0.863371 -0.504569 0.000000 255 128 0 255
61.298035 -68.908203 18.750000 0.863371 -0.504569 0.000000 255 128 0 255
61.802551 -68.044922 0.000000 0.863371 -0.504569 0.000000 255 128 0 255
61.298035 -68.908203 0.000000 0.863371 -0.504569 0.000000 255 128 0 255
61.802551 -68.044922 -18.750000 0.863371 -0.504569 0.000000 255 128 0 255
61.298035 -68.908203 -18.750000 0.863371 -0.504569 0.000000 255 128 0 255
60.793518 -69.771484 0.000000 0.863371 -0.504569 0.000000 255 128 0 255
60.793518 -69.771484 -18.750000 0.863371 -0.504569 0.000000 255 128 0 255
60.289001 -70.634766 0.000000 0.842744 -0.538314 0.000000 255 128 0 255
60.289001 -70.634766 -18.750000 0.842744 -0.538314 0.000000 255 128 0 255
59.723221 -71.447754 18.750000 0.820799 -0.571217 0.000000 255 128 0 255
59.157440 -72.260742 18.750000 0.820799 -0.571217 0.000000 255 128 0 255
59.723221 -71.447754 0.000000 0.820799 -0.571217 0.000000 255 128 0 255
59.157440 -72.260742 0.000000 0.820799 -0.571217 0.000000 255 128 0 255
59.723221 -71.447754 -18.750000 0.820799 -0.571217 0.000000 255 128 0 255
59.157440 -72.260742 -18.750000 0.820799 -0.571217 0.000000 255 128 0 255
58.591660 -73.073730 0.000000 0.820799 -0.571217 0.000000 255 128 0 255
58.591660 -73.073730 -18.750000 0.820799 -0.571217 0.000000 255 128 0 255
58.025879 -73.886719 0.000000 0.802363 -0.596836 0.000000 255 128 0 255
58.025879 -73.886719 -18.750000 0.802363 -0.596836 0.000000 255 128 0 255
57.718796 -74.273438 18.750000 0.783128 -0.621861 0.000000 255 128 0 255
57.411713 -74.660156 18.750000 0.783128 -0.621861 0.000000 255 128 0 255
57.718796 -74.273438 0.000000 0.783128 -0.621861 0.000000 255 128 0 255
57.411713 -74.660156 0.000000 0.783128 -0.621861 0.000000 255 128 0 255
57.718796 -74.273438 -18.750000 0.783128 -0.621861 0.000000 255 128 0 255
57.411713 -74.660156 -18.750000 0.783128 -0.621861 0.000000 255 128 0 255
57.104630 -75.046875 0.000000 0.783128 -0.621861 0.000000 255 128 0 255
57.104630 -75.046875 -18.750000 0.783128 -0.621861 0.000000 255 128 0 255
56.797546 -75.433594 0.000000 0.769335 -0.638846 0.000000 255 128 0 255
56.797546 -75.433594 -18.750000 0.769335 -0.638846 0.000000 255 128 0 255
56.473724 -75.806641 18.750000 0.755173 -0.655525 0.000000 255 128 0 255
56.149902 -76.179688 18.750000 0.755173 -0.655525 0.000000 255 128 0 255
56.473724 -75.806641 0.000000 0.755173 -0.655525 0.000000 255 128 0 255
56.149902 -76.179688 0.000000 0.755173 -0.655525 0.000000 255 128 0 255
56.473724 -75.806641 -18.750000 0.755173 -0.655525 0.000000 255 128 0 255
56.149902 -76.179688 -18.750000 0.755173 -0.655525 0.000000 255 128 0 255
55.826080 -76.552734 0.000000 0.755173 -0.655525 0.000000 255 128 0 255
55.826080 -76.552734 -18.750000 0.755173 -0.655525 0.000000 255 128 0 255
55.502258 -76.925781 0.000000 0.740493 -0.672064 0.000000 255 128 0 255
55.502258 -76.925781 -18.750000 0.740493 -0.672064 0.000000 255 128 0 255
55.161301 -77.285156 18.750000 0.725451 -0.688273 0.000000 255 128 0 255
54.820343 -77.644531 18.750000 0.725451 -0.688273 0.000000 255 128 0 255
55.161301 -77.285156 0.000000 0.725451 -0.688273 0.000000 255 128 0 255
54.820343 -77.644531 0.000000 0.725452 -0.688273 0.000000 255 128 0 255
55.161301 -77.285156 -18.750000 0.725452 -0.688273 0.000000 255 128 0 255
54.820343 -77.644531 -18.750000 0.725451 -0.688273 0.000000 255 128 0 255
54.479385 -78.003906 0.000000 0.725451 -0.688273 0.000000 255 128 0 255
54.479385 -78.003906 -18.750000 0.725451 -0.688273 0.000000 255 128 0 255
54.138428 -78.363281 0.000000 0.710300 -0.703899 0.000000 255 128 0 255
54.138428 -78.363281 -18.750000 0.710300 -0.703899 0.000000 255 128 0 255
53.780594 -78.708984 18.750000 0.694811 -0.719192 0.000000 255 128 0 255
53.422760 -79.054688 18.750000 0.694811 -0.719192 0.000000 255 128 0 255
53.780594 -78.708984 0.000000 0.694811 -0.719192 0.000000 255 128 0 255
53.422760 -79.054688 0.000000 0.694811 -0.719192 0.000000 255 128 0 255
53.780594 -78.708984 -18.750000 0.694811 -0.719192 0.000000 255 128 0 255
53.422760 -79.054688 -18.750000 0.694811 -0.719192 0.000000 255 128 0 255
53.064926 -79.400391 0.000000 0.694811 -0.719192 0.000000 255 128 0 255
53.064926 -79.400391 -18.750000 0.694811 -0.719192 0.000000 255 128 0 255
52.707092 -79.746094 0.000000 0.672316 -0.740264 0.000000 255 128 0 255
52.707092 -79.746094 -18.750000 0.672316 -0.740264 0.000000 255 128 0 255
51.943329 -80.397949 18.750000 0.649183 -0.760632 0.000000 255 128 0 255
51.179565 -81.049805 18.750000 0.649183 -0.760632 0.000000 255 128 0 255
51.943329 -80.397949 0.000000 0.649183 -0.760632 0.000000 255 128 0 255
51.179565 -81.049805 0.000000 0.649183 -0.760632 0.000000 255 128 0 255
51.943329 -80.397949 -18.750000 0.649183 -0.760632 0.000000 255 128 0 255
51.179565 -81.049805 -18.750000 0.649183 -0.760632 0.000000 255 128 0 255
50.415802 -81.701660 0.000000 0.649183 -0.760632 0.000000 255 128 0 255
50.415802 -81.701660 -18.750000 0.649183 -0.760632 0.000000 255 128 0 255
49.652039 -82.353516 0.000000 0.620066 -0.784549 0.000000 255 128 0 255
49.652039 -82.353516 -18.750000 0.620066 -0.784549 0.000000 255 128 0 255
48.828293 -82.955566 18.750000 0.590070 -0.807353 0.000000 255 128 0 255
48.004547 -83.557617 18.750000 0.590070 -0.807353 0.000000 255 128 0 255
48.828293 -82.955566 0.000000 0.590070 -0.807353 0.000000 255 128 0 255
48.004547 -83.557617 0.000000 0.590070 -0.807353 0.000000 255 128 0 255
48.828293 -82.955566 -18.750000 0.590070 -0.807353 0.000000 255 128 0 255
48.004547 -83.557617 -18.750000 0.590070 -0.807353 0.000000 255 128 0 255
47.180801 -84.159668 0.000000 0.590070 -0.807353 0.000000 255 128 0 255
47.180801 -84.159668 -18.750000 0.590070 -0.807353 0.000000 255 128 0 255
46.357056 -84.761719 0.000000 0.563569 -0.826069 0.000000 255 128 0 255
46.357056 -84.761719 -18.750000 0.563569 -0.826069 0.000000 255 128 0 255
45.478348 -85.320312 18.750000 0.536476 -0.843915 0.000000 255 128 0 255
44.599640 -85.878906 18.750000 0.536476 -0.843915 0.000000 255 128 0 255
45.478348 -85.320312 0.000000 0.536476 -0.843915 0.000000 255 128 0 255
44.599640 -85.878906 0.000000 0.536476 -0.843915 0.000000 255 128 0 255
45.478348 -85.320312 -18.750000 0.536476 -0.843915 0.000000 255 128 0 255
44.599640 -85.878906 -18.750000 0.536476 -0.843915 0.000000 255 128 0 255
43.720932 -86.437500 0.000000 0.536476 -0.843915 0.000000 255 128 0 255
43.720932 -86.437500 -18.750000 0.536476 -0.843915 0.000000 255 128 0 255
42.842224 -86.996094 0.000000 0.511690 -0.859170 0.000000 255 128 0 255
42.842224 -86.996094 -18.750000 0.511690 -0.859170 0.000000 255 128 0 255
41.913536 -87.513184 18.750000 0.486471 -0.873697 0.000000 255 128 0 255
40.984848 -88.030273 18.750000 0.486471 -0.873697 0.000000 255 128 0 255
41.913536 -87.513184 0.000000 0.486471 -0.873697 0.000000 255 128 0 255
40.984848 -88.030273 0.000000 0.486471 -0.873697 0.000000 255 128 0 255
41.913536 -87.513184 -18.750000 0.486471 -0.873697 0.000000 255 128 0 255
40.984848 -88.030273 -18.750000 0.486471 -0.873697 0.000000 255 128 0 255
40.056160 -88.547363 0.000000 0.486471 -0.873697 0.000000 255 128 0 255
40.056160 -88.547363 -18.750000 0.486471 -0.873697 0.000000 255 128 0 255
39.127472 -89.064453 0.000000 0.464817 -0.885407 0.000000 255 128 0 255
39.127472 -89.064453 -18.750000 0.464817 -0.885407 0.000000 255 128 0 255
38.153809 -89.545410 18.750000 0.442881 -0.896581 0.000000 255 128 0 255
37.180145 -90.026367 18.750000 0.442881 -0.896581 0.000000 255 128 0 255
38.153809 -89.545410 0.000000 0.442881 -0.896581 0.000000 255 128 0 255
37.180145 -90.026367 0.000000 0.442881 -0.896581 0.000000 255 128 0 255
38.153809 -89.545410 -18.750000 0.442881 -0.896581 0.000000 255 128 0 255
37.180145 -90.026367 -18.750000 0.442881 -0.896581 0.000000 255 128 0 255
36.206482 -90.507324 0.000000 0.442881 -0.896581 0.000000 255 128 0 255
36.206482 -90.507324 -18.750000 0.442881 -0.896581 0.000000 255 128 0 255
35.232819 -90.988281 0.000000 0.423751 -0.905779 0.000000 255 128 0 255
35.232819 -90.988281 -18.750000 0.423751 -0.905779 0.000000 255 128 0 255
34.219177 -91.436523 18.750000 0.404431 -0.914568 0.000000 255 128 0 255
33.205536 -91.884766 18.750000 0.404431 -0.914568 0.000000 255 128 0 255
34.219177 -91.436523 0.000000 0.404431 -0.914568 0.000000 255 128 0 255
33.205536 -91.884766 0.000000 0.404431 -0.914568 0.000000 255 128 0 255
34.219177 -91.436523 -18.750000 0.404431 -0.914568 0.000000 255 128 0 255
33.205536 -91.884766 -18.750000 0.404431 -0.914568 0.000000 255 128 0 255
32.191895 -92.333008 0.000000 0.404431 -0.914568 0.000000 255 128 0 255
32.191895 -92.333008 -18.750000 0.404431 -0.914568 0.000000 255 128 0 255
31.178253 -92.781250 0.000000 0.388152 -0.921595 0.000000 255 128 0 255
31.178253 -92.781250 -18.750000 0.388152 -0.921595 0.000000 255 128 0 255
30.129631 -93.201172 18.750000 0.371752 -0.928332 0.000000 255 128 0 255
29.081009 -93.621094 18.750000 0.371752 -0.928332 0.000000 255 128 0 255
30.129631 -93.201172 0.000000 0.371752 -0.928332 0.000000 255 128 0 255
29.081009 -93.621094 0.000000 0.371752 -0.928332 0.000000 255 128 0 255
30.129631 -93.201172 -18.750000 0.371752 -0.928332 0.000000 255 128 0 255
29.081009 -93.621094 -18.750000 0.371752 -0.928332 0.000000 255 128 0 255
28.032387 -94.041016 0.000000 0.371752 -0.928332 0.000000 255 128 0 255
28.032387 -94.041016 -18.750000 0.371752 -0.928332 0.000000 255 128 0 255
26.983765 -94.460938 0.000000 0.357677 -0.933846 0.000000 255 128 0 255
26.983765 -94.460938 -18.750000 0.357677 -0.933846 0.000000 255 128 0 255
25.905159 -94.855469 18.750000 0.343520 -0.939146 0.000000 255 128 0 255
24.826553 -95.250000 18.750000 0.343520 -0.939146 0.000000 255 128 0 255
25.905159 -94.855469 0.000000 0.343520 -0.939146 0.000000 255 128 0 255
24.826553 -95.250000 0.000000 0.343520 -0.939146 0.000000 255 128 0 255
25.905159 -94.855469 -18.750000 0.343520 -0.939146 0.000000 255 128 0 255
24.826553 -95.250000 -18.750000 0.343520 -0.939146 0.000000 255 128 0 255
23.747948 -95.644531 0.000000 0.343520 -0.939146 0.000000 255 128 0 255
23.747948 -95.644531 -18.750000 0.343520 -0.939146 0.000000 255 128 0 255
22.669342 -96.039062 0.000000 0.332834 -0.942985 0.000000 255 128 0 255
22.669342 -96.039062 -18.750000 0.332834 -0.942985 0.000000 255 128 0 255
21.565742 -96.414551 18.750000 0.322106 -0.946704 0.000000 255 128 0 255
20.462143 -96.790039 18.750000 0.322106 -0.946704 0.000000 255 128 0 255
21.565742 -96.414551 0.000000 0.322106 -0.946704 0.000000 255 128 0 255
20.462143 -96.790039 0.000000 0.322106 -0.946704 0.000000 255 128 0 255
21.565742 -96.414551 -18.750000 0.322106 -0.946704 0.000000 255 128 0 255
20.462143 -96.790039 -18.750000 0.322106 -0.946704 0.000000 255 128 0 255
19.358543 -97.165527 0.000000 0.322106 -0.946704 0.000000 255 128 0 255
19.358543 -97.165527 -18.750000 0.322106 -0.946704 0.000000 255 128 0 255
18.254944 -97.541016 0.000000 0.309767 -0.950812 0.000000 255 128 0 255
18.254944 -97.541016 -18.750000 0.309767 -0.950812 0.000000 255 128 0 255
15.992775 -98.245605 18.750000 0.297376 -0.954760 0.000000 255 128 0 255
13.730606 -98.950195 18.750000 0.297376 -0.954760 0.000000 255 128 0 255
15.992775 -98.245605 0.000000 0.297376 -0.954760 0.000000 255 128 0 255
13.730606 -98.950195 0.000000 0.297376 -0.954760 0.000000 255 128 0 255
15.992775 -98.245605 -18.750000 0.297376 -0.954760 0.000000 255 128 0 255
13.730606 -98.950195 -18.750000 0.297376 -0.954760 0.000000 255 128 0 255
11.468437 -99.654785 0.000000 0.297376 -0.954760 0.000000 255 128 0 255
11.468437 -99.654785 -18.750000 0.297376 -0.954760 0.000000 255 128 0 255
9.206268 -100.359375 0.000000 0.288873 -0.957367 0.000000 255 128 0 255
9.206268 -100.359375 -18.750000 0.288873 -0.957367 0.000000 255 128 0 255
6.904129 -101.031738 18.750000 0.280348 -0.959898 0.000000 255 128 0 255
4.601990 -101.704102 18.750000 0.280348 -0.959898 0.000000 255 128 0 255
6.904129 -101.031738 0.000000 0.280348 -0.959898 0.000000 255 128 0 255
4.601990 -101.704102 0.000000 0.280348 -0.959898 0.000000 255 128 0 255
6.904129 -101.031738 -18.750000 0.280348 -0.959898 0.000000 255 128 0 255
2.299850 -102.376465 0.000000 0.280348 -0.959898 0.000000 255 128 0 255
2.299850 -102.376465 -18.750000 0.280348 -0.959898 0.000000 255 128 0 255
4.601990 -101.704102 -18.750000 0.280348 -0.959898 0.000000 255 128 0 255
16.970886 -50.714844 18.750000 -0.921894 0.387441 0.000000 255 128 0 255
17.375191 -49.158203 18.750000 -0.967886 0.251388 0.000000 255 128 0 255
17.779495 -47.601562 18.750000 -0.967886 0.251388 0.000000 255 128 0 255
16.970886 -50.714844 0.000000 -0.921894 0.387441 0.000000 255 128 0 255
17.375191 -49.158203 0.000000 -0.967886 0.251388 0.000000 255 128 0 255
17.779495 -47.601562 0.000000 -0.967886 0.251388 0.000000 255 128 0 255
17.375191 -49.158203 -18.750000 -0.967886 0.251388 0.000000 255 128 0 255
17.779495 -47.601562 -18.750000 -0.967886 0.251388 0.000000 255 128 0 255
18.183800 -46.044922 0.000000 -0.967886 0.251388 0.000000 255 128 0 255
18.183800 -46.044922 -18.750000 -0.967886 0.251388 0.000000 255 128 0 255
18.588104 -44.488281 0.000000 -0.970648 0.240504 0.000000 255 128 0 255
18.588104 -44.488281 -18.750000 -0.970648 0.240504 0.000000 255 128 0 255
18.956337 -42.927246 18.750000 -0.973288 0.229589 0.000000 255 128 0 255
19.324570 -41.366211 18.750000 -0.973288 0.229589 0.000000 255 128 0 255
18.956337 -42.927246 0.000000 -0.973288 0.229589 0.000000 255 128 0 255
19.324570 -41.366211 0.000000 -0.973288 0.229589 0.000000 255 128 0 255
18.956337 -42.927246 -18.750000 -0.973288 0.229589 0.000000 255 128 0 255
19.324570 -41.366211 -18.750000 -0.973288 0.229589 0.000000 255 128 0 255
19.692802 -39.805176 0.000000 -0.973288 0.229589 0.000000 255 128 0 255
19.692802 -39.805176 -18.750000 -0.973288 0.229589 0.000000 255 128 0 255
20.061035 -38.244141 0.000000 -0.976738 0.214437 0.000000 255 128 0 255
20.061035 -38.244141 -18.750000 -0.976738 0.214437 0.000000 255 128 0 255
20.220367 -37.460449 18.750000 -0.979952 0.199234 0.000000 255 128 0 255
20.379700 -36.676758 18.750000 -0.979952 0.199234 0.000000 255 128 0 255
20.220367 -37.460449 0.000000 -0.979952 0.199234 0.000000 255 128 0 255
20.379700 -36.676758 0.000000 -0.979952 0.199234 0.000000 255 128 0 255
20.220367 -37.460449 -18.750000 -0.979952 0.199234 0.000000 255 128 0 255
20.379700 -36.676758 -18.750000 -0.979952 0.199234 0.000000 255 128 0 255
20.539032 -35.893066 0.000000 -0.979952 0.199234 0.000000 255 128 0 255
20.539032 -35.893066 -18.750000 -0.979952 0.199234 0.000000 255 128 0 255
20.698364 -35.109375 0.000000 -0.982693 0.185240 0.000000 255 128 0 255
20.698364 -35.109375 -18.750000 -0.982693 0.185240 0.000000 255 128 0 255
20.835144 -34.322266 18.750000 -0.985235 0.171209 0.000000 255 128 0 255
20.971924 -33.535156 18.750000 -0.985235 0.171209 0.000000 255 128 0 255
20.835144 -34.322266 0.000000 -0.985235 0.171209 0.000000 255 128 0 255
20.971924 -33.535156 0.000000 -0.985235 0.171209 0.000000 255 128 0 255
20.835144 -34.322266 -18.750000 -0.985235 0.171209 0.000000 255 128 0 255
20.971924 -33.535156 -18.750000 -0.985235 0.171209 0.000000 255 128 0 255
21.108704 -32.748047 0.000000 -0.985235 0.171209 0.000000 255 128 0 255
21.108704 -32.748047 -18.750000 -0.985235 0.171209 0.000000 255 128 0 255
21.245483 -31.960938 0.000000 -0.987881 0.155210 0.000000 255 128 0 255
21.245483 -31.960938 -18.750000 -0.987881 0.155210 0.000000 255 128 0 255
21.356583 -31.170410 18.750000 -0.990268 0.139170 0.000000 255 128 0 255
21.467682 -30.379883 18.750000 -0.990268 0.139170 0.000000 255 128 0 255
21.356583 -31.170410 0.000000 -0.990268 0.139170 0.000000 255 128 0 255
21.467682 -30.379883 0.000000 -0.990268 0.139170 0.000000 255 128 0 255
21.356583 -31.170410 -18.750000 -0.990268 0.139170 0.000000 255 128 0 255
21.467682 -30.379883 -18.750000 -0.990268 0.139170 0.000000 255 128 0 255
21.578781 -29.589355 0.000000 -0.990268 0.139170 0.000000 255 128 0 255
21.578781 -29.589355 -18.750000 -0.990268 0.139170 0.000000 255 128 0 255
21.689880 -28.798828 0.000000 -0.992267 0.124119 0.000000 255 128 0 255
21.689880 -28.798828 -18.750000 -0.992267 0.124119 0.000000 255 128 0 255
21.776917 -28.005371 18.750000 -0.994038 0.109038 0.000000 255 128 0 255
21.863953 -27.211914 18.750000 -0.994038 0.109038 0.000000 255 128 0 255
21.776917 -28.005371 0.000000 -0.994038 0.109038 0.000000 255 128 0 255
21.863953 -27.211914 0.000000 -0.994038 0.109038 0.000000 255 128 0 255
21.776917 -28.005371 -18.750000 -0.994038 0.109038 0.000000 255 128 0 255
21.863953 -27.211914 -18.750000 -0.994038 0.109038 0.000000 255 128 0 255
21.950989 -26.418457 0.000000 -0.994038 0.109038 0.000000 255 128 0 255
21.950989 -26.418457 -18.750000 -0.994038 0.109038 0.000000 255 128 0 255
22.038025 -25.625000 0.000000 -0.995968 0.089714 0.000000 255 128 0 255
22.038025 -25.625000 -18.750000 -0.995968 0.089714 0.000000 255 128 0 255
22.150604 -24.028809 18.750000 -0.997522 0.070355 0.000000 255 128 0 255
22.263184 -22.432617 18.750000 -0.997522 0.070355 0.000000 255 128 0 255
22.150604 -24.028809 0.000000 -0.997522 0.070355 0.000000 255 128 0 255
22.263184 -22.432617 0.000000 -0.997522 0.070355 0.000000 255 128 0 255
22.150604 -24.028809 -18.750000 -0.997522 0.070355 0.000000 255 128 0 255
22.263184 -22.432617 -18.750000 -0.997522 0.070355 0.000000 255 128 0 255
22.375763 -20.836426 0.000000 -0.997522 0.070355 0.000000 255 128 0 255
22.375763 -20.836426 -18.750000 -0.997522 0.070355 0.000000 255 128 0 255
22.488342 -19.240234 0.000000 -0.998736 0.050268 0.000000 255 128 0 255
22.488342 -19.240234 -18.750000 -0.998736 0.050268 0.000000 255 128 0 255
22.536743 -17.636230 18.750000 -0.999545 0.030161 0.000000 255 128 0 255
22.585144 -16.032227 18.750000 -0.999545 0.030161 0.000000 255 128 0 255
22.536743 -17.636230 0.000000 -0.999545 0.030161 0.000000 255 128 0 255
22.585144 -16.032227 0.000000 -0.999545 0.030161 0.000000 255 128 0 255
22.536743 -17.636230 -18.750000 -0.999545 0.030161 0.000000 255 128 0 255
22.585144 -16.032227 -18.750000 -0.999545 0.030161 0.000000 255 128 0 255
22.633545 -14.428223 0.000000 -0.999545 0.030161 0.000000 255 128 0 255
22.633545 -14.428223 -18.750000 -0.999545 0.030161 0.000000 255 128 0 255
22.681946 -12.824219 0.000000 -0.999858 0.016833 0.000000 255 128 0 255
22.681946 -12.824219 -18.750000 -0.999858 0.016833 0.000000 255 128 0 255
22.687584 -11.213867 18.750000 -0.999994 0.003501 0.000000 255 128 0 255
22.693222 -9.603516 18.750000 -0.999994 0.003501 0.000000 255 128 0 255
22.687584 -11.213867 0.000000 -0.999994 0.003501 0.000000 255 128 0 255
22.693222 -9.603516 0.000000 -0.999994 0.003501 0.000000 255 128 0 255
22.687584 -11.213867 -18.750000 -0.999994 0.003501 0.000000 255 128 0 255
22.693222 -9.603516 -18.750000 -0.999994 0.003501 0.000000 255 128 0 255
22.698860 -7.993164 0.000000 -0.999994 0.003501 0.000000 255 128 0 255
22.698860 -7.993164 -18.750000 -0.999994 0.003501 0.000000 255 128 0 255
22.704498 -6.382812 0.000000 -0.999995 -0.003134 0.000000 255 128 0 255
22.704498 -6.382812 -18.750000 -0.999995 -0.003134 0.000000 255 128 0 255
22.688744 -4.770020 18.750000 -0.999952 -0.009768 0.000000 255 128 0 255
22.672989 -3.157227 18.750000 -0.999952 -0.009768 0.000000 255 128 0 255
22.688744 -4.770020 0.000000 -0.999952 -0.009768 0.000000 255 128 0 255
22.672989 -3.157227 0.000000 -0.999952 -0.009768 0.000000 255 128 0 255
22.688744 -4.770020 -18.750000 -0.999952 -0.009768 0.000000 255 128 0 255
22.641479 0.068359 18.750000 -1.000000 -0.000262 0.000000 255 128 0 255
22.641479 0.068359 0.000000 -1.000000 -0.000262 0.000000 255 128 0 255
22.657234 -1.544434 0.000000 -0.999952 -0.009768 0.000000 255 128 0 255
22.657234 -1.544434 -18.750000 -0.999952 -0.009768 0.000000 255 128 0 255
22.672989 -3.157227 -18.750000 -0.999952 -0.009768 0.000000 255 128 0 255
-0.142883 -62.554688 18.750000 0.005867 0.999983 0.000000 255 128 0 255
0.561241 -62.436523 18.750000 -0.165503 0.986209 0.000000 255 128 0 255
1.265366 -62.318359 18.750000 -0.165503 0.986209 0.000000 255 128 0 255
-0.142883 -62.554688 0.000000 0.005867 0.999983 0.000000 255 128 0 255
0.561241 -62.436523 0.000000 -0.165503 0.986209 0.000000 255 128 0 255
1.265366 -62.318359 0.000000 -0.165503 0.986209 0.000000 255 128 0 255
0.561241 -62.436523 -18.750000 -0.165503 0.986209 0.000000 255 128 0 255
1.265366 -62.318359 -18.750000 -0.165503 0.986209 0.000000 255 128 0 255
1.969490 -62.200195 0.000000 -0.165503 0.986209 0.000000 255 128 0 255
1.969490 -62.200195 -18.750000 -0.165503 0.986209 0.000000 255 128 0 255
2.673615 -62.082031 0.000000 -0.190844 0.981620 0.000000 255 128 0 255
2.673615 -62.082031 -18.750000 -0.190844 0.981620 0.000000 255 128 0 255
3.355446 -61.931152 18.750000 -0.216058 0.976381 0.000000 255 128 0 255
4.037277 -61.780273 18.750000 -0.216058 0.976381 0.000000 255 128 0 255
3.355446 -61.931152 0.000000 -0.216058 0.976381 0.000000 255 128 0 255
4.037277 -61.780273 0.000000 -0.216058 0.976381 0.000000 255 128 0 255
3.355446 -61.931152 -18.750000 -0.216058 0.976381 0.000000 255 128 0 255
4.037277 -61.780273 -18.750000 -0.216058 0.976381 0.000000 255 128 0 255
4.719109 -61.629395 0.000000 -0.216058 0.976381 0.000000 255 128 0 255
4.719109 -61.629395 -18.750000 -0.216058 0.976381 0.000000 255 128 0 255
5.400940 -61.478516 0.000000 -0.252510 0.967594 0.000000 255 128 0 255
5.400940 -61.478516 -18.750000 -0.252510 0.967594 0.000000 255 128 0 255
5.726532 -61.380371 18.750000 -0.288607 0.957448 0.000000 255 128 0 255
6.052124 -61.282227 18.750000 -0.288607 0.957448 0.000000 255 128 0 255
5.726532 -61.380371 0.000000 -0.288607 0.957448 0.000000 255 128 0 255
6.052124 -61.282227 0.000000 -0.288607 0.957448 0.000000 255 128 0 255
5.726532 -61.380371 -18.750000 -0.288607 0.957448 0.000000 255 128 0 255
6.052124 -61.282227 -18.750000 -0.288607 0.957448 0.000000 255 128 0 255
6.377716 -61.184082 0.000000 -0.288607 0.957448 0.000000 255 128 0 255
6.377716 -61.184082 -18.750000 -0.288607 0.957448 0.000000 255 128 0 255
6.703308 -61.085938 0.000000 -0.323699 0.946160 0.000000 255 128 0 255
6.703308 -61.085938 -18.750000 -0.323699 0.946160 0.000000 255 128 0 255
7.014969 -60.966309 18.750000 -0.358351 0.933587 0.000000 255 128 0 255
7.326630 -60.846680 18.750000 -0.358351 0.933587 0.000000 255 128 0 255
7.014969 -60.966309 0.000000 -0.358351 0.933587 0.000000 255 128 0 255
7.326630 -60.846680 0.000000 -0.358351 0.933587 0.000000 255 128 0 255
7.014969 -60.966309 -18.750000 -0.358351 0.933587 0.000000 255 128 0 255
7.326630 -60.846680 -18.750000 -0.358351 0.933587 0.000000 255 128 0 255
7.638290 -60.727051 0.000000 -0.358351 0.933587 0.000000 255 128 0 255
7.638290 -60.727051 -18.750000 -0.358351 0.933587 0.000000 255 128 0 255
7.949951 -60.607422 0.000000 -0.398983 0.916959 0.000000 255 128 0 255
7.949951 -60.607422 -18.750000 -0.398983 0.916959 0.000000 255 128 0 255
8.244888 -60.463379 18.750000 -0.438845 0.898563 0.000000 255 128 0 255
8.539825 -60.319336 18.750000 -0.438845 0.898563 0.000000 255 128 0 255
8.244888 -60.463379 0.000000 -0.438845 0.898563 0.000000 255 128 0 255
8.539825 -60.319336 0.000000 -0.438845 0.898563 0.000000 255 128 0 255
8.244888 -60.463379 -18.750000 -0.438845 0.898563 0.000000 255 128 0 255
8.539825 -60.319336 -18.750000 -0.438845 0.898563 0.000000 255 128 0 255
8.834763 -60.175293 0.000000 -0.438845 0.898563 0.000000 255 128 0 255
8.834763 -60.175293 -18.750000 -0.438845 0.898563 0.000000 255 128 0 255
9.129700 -60.031250 0.000000 -0.485851 0.874042 0.000000 255 128 0 255
9.129700 -60.031250 -18.750000 -0.485851 0.874042 0.000000 255 128 0 255
9.405182 -59.858398 18.750000 -0.531491 0.847064 0.000000 255 128 0 255
9.680664 -59.685547 18.750000 -0.531491 0.847064 0.000000 255 128 0 255
9.405182 -59.858398 0.000000 -0.531491 0.847064 0.000000 255 128 0 255
9.680664 -59.685547 0.000000 -0.531491 0.847064 0.000000 255 128 0 255
9.405182 -59.858398 -18.750000 -0.531491 0.847064 0.000000 255 128 0 255
9.680664 -59.685547 -18.750000 -0.531491 0.847064 0.000000 255 128 0 255
9.956146 -59.512695 0.000000 -0.531491 0.847064 0.000000 255 128 0 255
9.956146 -59.512695 -18.750000 -0.531491 0.847064 0.000000 255 128 0 255
10.231628 -59.339844 0.000000 -0.577961 0.816064 0.000000 255 128 0 255
10.231628 -59.339844 -18.750000 -0.577961 0.816064 0.000000 255 128 0 255
10.486916 -59.136719 18.750000 -0.622628 0.782518 0.000000 255 128 0 255
10.742203 -58.933594 18.750000 -0.622628 0.782518 0.000000 255 128 0 255
10.486916 -59.136719 0.000000 -0.622628 0.782518 0.000000 255 128 0 255
10.742203 -58.933594 0.000000 -0.622628 0.782518 0.000000 255 128 0 255
10.486916 -59.136719 -18.750000 -0.622628 0.782518 0.000000 255 128 0 255
10.742203 -58.933594 -18.750000 -0.622628 0.782518 0.000000 255 128 0 255
10.997490 -58.730469 0.000000 -0.622628 0.782518 0.000000 255 128 0 255
10.997490 -58.730469 -18.750000 -0.622628 0.782518 0.000000 255 128 0 255
11.252777 -58.527344 0.000000 -0.659580 0.751635 0.000000 255 128 0 255
11.252777 -58.527344 -18.750000 -0.659580 0.751635 0.000000 255 128 0 255
11.490196 -58.297852 18.750000 -0.695002 0.719008 0.000000 255 128 0 255
11.727615 -58.068359 18.750000 -0.695002 0.719008 0.000000 255 128 0 255
11.490196 -58.297852 0.000000 -0.695002 0.719008 0.000000 255 128 0 255
11.727615 -58.068359 0.000000 -0.695002 0.719008 0.000000 255 128 0 255
11.490196 -58.297852 -18.750000 -0.695002 0.719008 0.000000 255 128 0 255
11.727615 -58.068359 -18.750000 -0.695002 0.719008 0.000000 255 128 0 255
11.965034 -57.838867 0.000000 -0.695002 0.719008 0.000000 255 128 0 255
11.965034 -57.838867 -18.750000 -0.695002 0.719008 0.000000 255 128 0 255
12.202454 -57.609375 0.000000 -0.723821 0.689987 0.000000 255 128 0 255
12.202454 -57.609375 -18.750000 -0.723821 0.689987 0.000000 255 128 0 255
12.424545 -57.356445 18.750000 -0.751430 0.659813 0.000000 255 128 0 255
12.646637 -57.103516 18.750000 -0.751430 0.659813 0.000000 255 128 0 255
12.424545 -57.356445 0.000000 -0.751430 0.659813 0.000000 255 128 0 255
12.646637 -57.103516 0.000000 -0.751430 0.659813 0.000000 255 128 0 255
12.424545 -57.356445 -18.750000 -0.751430 0.659813 0.000000 255 128 0 255
12.646637 -57.103516 -18.750000 -0.751430 0.659813 0.000000 255 128 0 255
12.868729 -56.850586 0.000000 -0.751430 0.659813 0.000000 255 128 0 255
12.868729 -56.850586 -18.750000 -0.751430 0.659813 0.000000 255 128 0 255
13.090820 -56.597656 0.000000 -0.771511 0.636216 0.000000 255 128 0 255
13.090820 -56.597656 -18.750000 -0.771511 0.636216 0.000000 255 128 0 255
13.300156 -56.327148 18.750000 -0.790851 0.612009 0.000000 255 128 0 255
13.509491 -56.056641 18.750000 -0.790851 0.612009 0.000000 255 128 0 255
13.300156 -56.327148 0.000000 -0.790851 0.612009 0.000000 255 128 0 255
13.509491 -56.056641 0.000000 -0.790851 0.612009 0.000000 255 128 0 255
13.300156 -56.327148 -18.750000 -0.790851 0.612009 0.000000 255 128 0 255
13.509491 -56.056641 -18.750000 -0.790851 0.612009 0.000000 255 128 0 255
13.718826 -55.786133 0.000000 -0.790851 0.612009 0.000000 255 128 0 255
13.718826 -55.786133 -18.750000 -0.790851 0.612009 0.000000 255 128 0 255
13.928162 -55.515625 0.000000 -0.811755 0.583998 0.000000 255 128 0 255
13.928162 -55.515625 -18.750000 -0.811755 0.583998 0.000000 255 128 0 255
14.318718 -54.930664 18.750000 -0.831668 0.555273 0.000000 255 128 0 255
14.709274 -54.345703 18.750000 -0.831668 0.555273 0.000000 255 128 0 255
14.318718 -54.930664 0.000000 -0.831668 0.555273 0.000000 255 128 0 255
14.709274 -54.345703 0.000000 -0.831668 0.555273 0.000000 255 128 0 255
14.318718 -54.930664 -18.750000 -0.831668 0.555273 0.000000 255 128 0 255
14.709274 -54.345703 -18.750000 -0.831668 0.555273 0.000000 255 128 0 255
15.099831 -53.760742 0.000000 -0.831668 0.555273 0.000000 255 128 0 255
15.099831 -53.760742 -18.750000 -0.831668 0.555273 0.000000 255 128 0 255
15.490387 -53.175781 0.000000 -0.844512 0.535537 0.000000 255 128 0 255
15.490387 -53.175781 -18.750000 -0.844512 0.535537 0.000000 255 128 0 255
15.860512 -52.560547 18.750000 -0.856888 0.515503 0.000000 255 128 0 255
16.230637 -51.945312 18.750000 -0.856888 0.515503 0.000000 255 128 0 255
15.860512 -52.560547 0.000000 -0.856888 0.515503 0.000000 255 128 0 255
16.230637 -51.945312 0.000000 -0.856888 0.515503 0.000000 255 128 0 255
15.860512 -52.560547 -18.750000 -0.856888 0.515503 0.000000 255 128 0 255
16.600761 -51.330078 0.000000 -0.856888 0.515503 0.000000 255 128 0 255
16.600761 -51.330078 -18.750000 -0.856888 0.515503 0.000000 255 128 0 255
16.230637 -51.945312 -18.750000 -0.856888 0.515503 0.000000 255 128 0 255
-17.105896 -50.203125 18.750000 0.929221 0.369525 0.000000 255 128 0 255
-16.750641 -50.838379 18.750000 0.872791 0.488094 0.000000 255 128 0 255
-16.395386 -51.473633 18.750000 0.872791 0.488094 0.000000 255 128 0 255
-17.105896 -50.203125 0.000000 0.929221 0.369525 0.000000 255 128 0 255
-16.750641 -50.838379 0.000000 0.872791 0.488094 0.000000 255 128 0 255
-16.395386 -51.473633 0.000000 0.872791 0.488094 0.000000 255 128 0 255
-16.750641 -50.838379 -18.750000 0.872791 0.488094 0.000000 255 128 0 255
-16.395386 -51.473633 -18.750000 0.872791 0.488094 0.000000 255 128 0 255
-16.040131 -52.108887 0.000000 0.872791 0.488094 0.000000 255 128 0 255
-16.040131 -52.108887 -18.750000 0.872791 0.488094 0.000000 255 128 0 255
-15.684875 -52.744141 0.000000 0.860865 0.508834 0.000000 255 128 0 255
-15.684875 -52.744141 -18.750000 0.860865 0.508834 0.000000 255 128 0 255
-15.308083 -53.348145 18.750000 0.848446 0.529282 0.000000 255 128 0 255
-14.931290 -53.952148 18.750000 0.848446 0.529282 0.000000 255 128 0 255
-15.308083 -53.348145 0.000000 0.848446 0.529282 0.000000 255 128 0 255
-14.931290 -53.952148 0.000000 0.848446 0.529282 0.000000 255 128 0 255
-15.308083 -53.348145 -18.750000 0.848446 0.529282 0.000000 255 128 0 255
-14.931290 -53.952148 -18.750000 0.848446 0.529282 0.000000 255 128 0 255
-14.554497 -54.556152 0.000000 0.848446 0.529282 0.000000 255 128 0 255
-14.554497 -54.556152 -18.750000 0.848446 0.529282 0.000000 255 128 0 255
-14.177704 -55.160156 0.000000 0.829979 0.557795 0.000000 255 128 0 255
-14.177704 -55.160156 -18.750000 0.829979 0.557795 0.000000 255 128 0 255
-13.974487 -55.441406 18.750000 0.810554 0.585664 0.000000 255 128 0 255
-13.771271 -55.722656 18.750000 0.810554 0.585664 0.000000 255 128 0 255
-13.974487 -55.441406 0.000000 0.810554 0.585664 0.000000 255 128 0 255
-13.771271 -55.722656 0.000000 0.810554 0.585664 0.000000 255 128 0 255
-13.974487 -55.441406 -18.750000 0.810554 0.585664 0.000000 255 128 0 255
-13.771271 -55.722656 -18.750000 0.810554 0.585664 0.000000 255 128 0 255
-13.568054 -56.003906 0.000000 0.810554 0.585664 0.000000 255 128 0 255
-13.568054 -56.003906 -18.750000 0.810554 0.585664 0.000000 255 128 0 255
-13.364838 -56.285156 0.000000 0.791125 0.611655 0.000000 255 128 0 255
-13.364838 -56.285156 -18.750000 0.791125 0.611655 0.000000 255 128 0 255
-13.148163 -56.547363 18.750000 0.770862 0.637002 0.000000 255 128 0 255
-12.931488 -56.809570 18.750000 0.770862 0.637002 0.000000 255 128 0 255
-13.148163 -56.547363 0.000000 0.770862 0.637002 0.000000 255 128 0 255
-12.931488 -56.809570 0.000000 0.770862 0.637002 0.000000 255 128 0 255
-13.148163 -56.547363 -18.750000 0.770862 0.637002 0.000000 255 128 0 255
-12.931488 -56.809570 -18.750000 0.770862 0.637002 0.000000 255 128 0 255
-12.714813 -57.071777 0.000000 0.770862 0.637002 0.000000 255 128 0 255
-12.714813 -57.071777 -18.750000 0.770862 0.637002 0.000000 255 128 0 255
-12.498138 -57.333984 0.000000 0.744029 0.668147 0.000000 255 128 0 255
-12.498138 -57.333984 -18.750000 0.744029 0.668147 0.000000 255 128 0 255
-12.265297 -57.572754 18.750000 0.715938 0.698164 0.000000 255 128 0 255
-12.032455 -57.811523 18.750000 0.715938 0.698164 0.000000 255 128 0 255
-12.265297 -57.572754 0.000000 0.715938 0.698164 0.000000 255 128 0 255
-12.032455 -57.811523 0.000000 0.715938 0.698163 0.000000 255 128 0 255
-12.265297 -57.572754 -18.750000 0.715938 0.698163 0.000000 255 128 0 255
-12.032455 -57.811523 -18.750000 0.715938 0.698164 0.000000 255 128 0 255
-11.799614 -58.050293 0.000000 0.715938 0.698164 0.000000 255 128 0 255
-11.799614 -58.050293 -18.750000 0.715938 0.698164 0.000000 255 128 0 255
-11.566772 -58.289062 0.000000 0.680823 0.732448 0.000000 255 128 0 255
-11.566772 -58.289062 -18.750000 0.680823 0.732448 0.000000 255 128 0 255
-11.315079 -58.500977 18.750000 0.644067 0.764969 0.000000 255 128 0 255
-11.063385 -58.712891 18.750000 0.644067 0.764969 0.000000 255 128 0 255
-11.315079 -58.500977 0.000000 0.644067 0.764969 0.000000 255 128 0 255
-11.063385 -58.712891 0.000000 0.644067 0.764969 0.000000 255 128 0 255
-11.315079 -58.500977 -18.750000 0.644067 0.764969 0.000000 255 128 0 255
-11.063385 -58.712891 -18.750000 0.644067 0.764969 0.000000 255 128 0 255
-10.811691 -58.924805 0.000000 0.644067 0.764969 0.000000 255 128 0 255
-10.811691 -58.924805 -18.750000 0.644067 0.764969 0.000000 255 128 0 255
-10.559998 -59.136719 0.000000 0.599908 0.800069 0.000000 255 128 0 255
-10.559998 -59.136719 -18.750000 0.599908 0.800069 0.000000 255 128 0 255
-10.286926 -59.318359 18.750000 0.553841 0.832622 0.000000 255 128 0 255
-10.013855 -59.500000 18.750000 0.553841 0.832622 0.000000 255 128 0 255
-10.286926 -59.318359 0.000000 0.553841 0.832622 0.000000 255 128 0 255
-10.013855 -59.500000 0.000000 0.553841 0.832622 0.000000 255 128 0 255
-10.286926 -59.318359 -18.750000 0.553841 0.832622 0.000000 255 128 0 255
-10.013855 -59.500000 -18.750000 0.553841 0.832622 0.000000 255 128 0 255
-9.740784 -59.681641 0.000000 0.553841 0.832622 0.000000 255 128 0 255
-9.740784 -59.681641 -18.750000 0.553841 0.832622 0.000000 255 128 0 255
-9.467712 -59.863281 0.000000 0.507143 0.861862 0.000000 255 128 0 255
-9.467712 -59.863281 -18.750000 0.507143 0.861862 0.000000 255 128 0 255
-9.173706 -60.015137 18.750000 0.458906 0.888485 0.000000 255 128 0 255
-8.879700 -60.166992 18.750000 0.458906 0.888485 0.000000 255 128 0 255
-9.173706 -60.015137 0.000000 0.458906 0.888485 0.000000 255 128 0 255
-8.879700 -60.166992 0.000000 0.458906 0.888485 0.000000 255 128 0 255
-9.173706 -60.015137 -18.750000 0.458906 0.888485 0.000000 255 128 0 255
-8.879700 -60.166992 -18.750000 0.458906 0.888485 0.000000 255 128 0 255
-8.585693 -60.318848 0.000000 0.458906 0.888485 0.000000 255 128 0 255
-8.585693 -60.318848 -18.750000 0.458906 0.888485 0.000000 255 128 0 255
-8.291687 -60.470703 0.000000 0.416488 0.909141 0.000000 255 128 0 255
-8.291687 -60.470703 -18.750000 0.416488 0.909141 0.000000 255 128 0 255
-7.979675 -60.596191 18.750000 0.373142 0.927774 0.000000 255 128 0 255
-7.667664 -60.721680 18.750000 0.373142 0.927774 0.000000 255 128 0 255
-7.979675 -60.596191 0.000000 0.373142 0.927774 0.000000 255 128 0 255
-7.667664 -60.721680 0.000000 0.373142 0.927774 0.000000 255 128 0 255
-7.979675 -60.596191 -18.750000 0.373142 0.927774 0.000000 255 128 0 255
-7.667664 -60.721680 -18.750000 0.373142 0.927774 0.000000 255 128 0 255
-7.355652 -60.847168 0.000000 0.373142 0.927774 0.000000 255 128 0 255
-7.355652 -60.847168 -18.750000 0.373142 0.927774 0.000000 255 128 0 255
-7.043640 -60.972656 0.000000 0.340252 0.940334 0.000000 255 128 0 255
-7.043640 -60.972656 -18.750000 0.340252 0.940334 0.000000 255 128 0 255
-6.716614 -61.078125 18.750000 0.306940 0.951729 0.000000 255 128 0 255
-6.389587 -61.183594 18.750000 0.306940 0.951729 0.000000 255 128 0 255
-6.716614 -61.078125 0.000000 0.306940 0.951729 0.000000 255 128 0 255
-6.389587 -61.183594 0.000000 0.306940 0.951729 0.000000 255 128 0 255
-6.716614 -61.078125 -18.750000 0.306940 0.951729 0.000000 255 128 0 255
-6.389587 -61.183594 -18.750000 0.306940 0.951729 0.000000 255 128 0 255
-6.062561 -61.289062 0.000000 0.306940 0.951729 0.000000 255 128 0 255
-6.062561 -61.289062 -18.750000 0.306940 0.951729 0.000000 255 128 0 255
-5.735535 -61.394531 0.000000 0.268505 0.963278 0.000000 255 128 0 255
-5.735535 -61.394531 -18.750000 0.268505 0.963278 0.000000 255 128 0 255
-5.048462 -61.556641 18.750000 0.229637 0.973276 0.000000 255 128 0 255
-4.361389 -61.718750 18.750000 0.229637 0.973276 0.000000 255 128 0 255
-5.048462 -61.556641 0.000000 0.229637 0.973276 0.000000 255 128 0 255
-4.361389 -61.718750 0.000000 0.229637 0.973276 0.000000 255 128 0 255
-5.048462 -61.556641 -18.750000 0.229637 0.973276 0.000000 255 128 0 255
-4.361389 -61.718750 -18.750000 0.229637 0.973276 0.000000 255 128 0 255
-3.674316 -61.880859 0.000000 0.229637 0.973276 0.000000 255 128 0 255
-3.674316 -61.880859 -18.750000 0.229637 0.973276 0.000000 255 128 0 255
-2.987244 -62.042969 0.000000 0.203424 0.979091 0.000000 255 128 0 255
-2.987244 -62.042969 -18.750000 0.203424 0.979091 0.000000 255 128 0 255
-2.276154 -62.170898 18.750000 0.177064 0.984199 0.000000 255 128 0 255
-1.565063 -62.298828 18.750000 0.177064 0.984199 0.000000 255 128 0 255
-2.276154 -62.170898 0.000000 0.177064 0.984199 0.000000 255 128 0 255
-1.565063 -62.298828 0.000000 0.177064 0.984199 0.000000 255 128 0 255
-2.276154 -62.170898 -18.750000 0.177064 0.984199 0.000000 255 128 0 255
-0.853973 -62.426758 0.000000 0.177064 0.984199 0.000000 255 128 0 255
-0.853973 -62.426758 -18.750000 0.177064 0.984199 0.000000 255 128 0 255
-1.565063 -62.298828 -18.750000 0.177064 0.984199 0.000000 255 128 0 255
-22.641571 0.068359 18.750000 1.000000 0.000836 0.000000 255 128 0 255
-22.653587 -1.526855 18.750000 0.999972 -0.007532 0.000000 255 128 0 255
-22.665604 -3.122070 18.750000 0.999972 -0.007532 0.000000 255 128 0 255
-22.641571 0.068359 0.000000 1.000000 0.000836 0.000000 255 128 0 255
-22.653587 -1.526855 0.000000 0.999972 -0.007532 0.000000 255 128 0 255
-22.665604 -3.122070 0.000000 0.999972 -0.007533 0.000000 255 128 0 255
-22.653587 -1.526855 -18.750000 0.999972 -0.007533 0.000000 255 128 0 255
-22.665604 -3.122070 -18.750000 0.999972 -0.007533 0.000000 255 128 0 255
-22.677620 -4.717285 0.000000 0.999972 -0.007533 0.000000 255 128 0 255
-22.677620 -4.717285 -18.750000 0.999972 -0.007533 0.000000 255 128 0 255
-22.689636 -6.312500 0.000000 0.999999 -0.001065 0.000000 255 128 0 255
-22.689636 -6.312500 -18.750000 0.999999 -0.001065 0.000000 255 128 0 255
-22.681030 -7.905273 18.750000 0.999985 0.005403 0.000000 255 128 0 255
-22.672424 -9.498047 18.750000 0.999985 0.005403 0.000000 255 128 0 255
-22.681030 -7.905273 0.000000 0.999985 0.005403 0.000000 255 128 0 255
-22.672424 -9.498047 0.000000 0.999985 0.005403 0.000000 255 128 0 255
-22.681030 -7.905273 -18.750000 0.999985 0.005403 0.000000 255 128 0 255
-22.672424 -9.498047 -18.750000 0.999985 0.005403 0.000000 255 128 0 255
-22.663818 -11.090820 0.000000 0.999985 0.005403 0.000000 255 128 0 255
-22.663818 -11.090820 -18.750000 0.999985 0.005403 0.000000 255 128 0 255
-22.655212 -12.683594 0.000000 0.999831 0.018395 0.000000 255 128 0 255
-22.655212 -12.683594 -18.750000 0.999831 0.018395 0.000000 255 128 0 255
-22.605385 -14.270508 18.750000 0.999507 0.031384 0.000000 255 128 0 255
-22.555557 -15.857422 18.750000 0.999507 0.031384 0.000000 255 128 0 255
-22.605385 -14.270508 0.000000 0.999507 0.031384 0.000000 255 128 0 255
-22.555557 -15.857422 0.000000 0.999507 0.031384 0.000000 255 128 0 255
-22.605385 -14.270508 -18.750000 0.999507 0.031384 0.000000 255 128 0 255
-22.555557 -15.857422 -18.750000 0.999507 0.031384 0.000000 255 128 0 255
-22.505730 -17.444336 0.000000 0.999507 0.031384 0.000000 255 128 0 255
-22.505730 -17.444336 -18.750000 0.999507 0.031384 0.000000 255 128 0 255
-22.455902 -19.031250 0.000000 0.998700 0.050977 0.000000 255 128 0 255
-22.455902 -19.031250 -18.750000 0.998700 0.050977 0.000000 255 128 0 255
-22.344215 -20.610352 18.750000 0.997508 0.070552 0.000000 255 128 0 255
-22.232529 -22.189453 18.750000 0.997508 0.070552 0.000000 255 128 0 255
-22.344215 -20.610352 0.000000 0.997508 0.070552 0.000000 255 128 0 255
-22.232529 -22.189453 0.000000 0.997508 0.070552 0.000000 255 128 0 255
-22.344215 -20.610352 -18.750000 0.997508 0.070552 0.000000 255 128 0 255
-22.232529 -22.189453 -18.750000 0.997508 0.070552 0.000000 255 128 0 255
-22.120842 -23.768555 0.000000 0.997508 0.070552 0.000000 255 128 0 255
-22.120842 -23.768555 -18.750000 0.997508 0.070552 0.000000 255 128 0 255
-22.009155 -25.347656 0.000000 0.995999 0.089364 0.000000 255 128 0 255
-22.009155 -25.347656 -18.750000 0.995999 0.089364 0.000000 255 128 0 255
-21.923691 -26.133301 18.750000 0.994135 0.108145 0.000000 255 128 0 255
-21.838226 -26.918945 18.750000 0.994135 0.108145 0.000000 255 128 0 255
-21.923691 -26.133301 0.000000 0.994135 0.108145 0.000000 255 128 0 255
-21.838226 -26.918945 0.000000 0.994135 0.108145 0.000000 255 128 0 255
-21.923691 -26.133301 -18.750000 0.994135 0.108145 0.000000 255 128 0 255
-21.838226 -26.918945 -18.750000 0.994135 0.108145 0.000000 255 128 0 255
-21.752762 -27.704590 0.000000 0.994135 0.108145 0.000000 255 128 0 255
-21.752762 -27.704590 -18.750000 0.994135 0.108145 0.000000 255 128 0 255
-21.667297 -28.490234 0.000000 0.992426 0.122847 0.000000 255 128 0 255
-21.667297 -28.490234 -18.750000 0.992426 0.122847 0.000000 255 128 0 255
-21.558624 -29.272949 18.750000 0.990499 0.137522 0.000000 255 128 0 255
-21.449951 -30.055664 18.750000 0.990499 0.137522 0.000000 255 128 0 255
-21.558624 -29.272949 0.000000 0.990499 0.137522 0.000000 255 128 0 255
-21.449951 -30.055664 0.000000 0.990499 0.137522 0.000000 255 128 0 255
-21.558624 -29.272949 -18.750000 0.990499 0.137522 0.000000 255 128 0 255
-21.449951 -30.055664 -18.750000 0.990499 0.137522 0.000000 255 128 0 255
-21.341278 -30.838379 0.000000 0.990499 0.137522 0.000000 255 128 0 255
-21.341278 -30.838379 -18.750000 0.990499 0.137522 0.000000 255 128 0 255
-21.232605 -31.621094 0.000000 0.988231 0.152969 0.000000 255 128 0 255
-21.232605 -31.621094 -18.750000 0.988231 0.152969 0.000000 255 128 0 255
-21.099487 -32.400391 18.750000 0.985722 0.168379 0.000000 255 128 0 255
-20.966370 -33.179688 18.750000 0.985722 0.168379 0.000000 255 128 0 255
-21.099487 -32.400391 0.000000 0.985722 0.168379 0.000000 255 128 0 255
-20.966370 -33.179688 0.000000 0.985722 0.168379 0.000000 255 128 0 255
-21.099487 -32.400391 -18.750000 0.985722 0.168379 0.000000 255 128 0 255
-20.966370 -33.179688 -18.750000 0.985722 0.168379 0.000000 255 128 0 255
-20.833252 -33.958984 0.000000 0.985722 0.168379 0.000000 255 128 0 255
-20.833252 -33.958984 -18.750000 0.985722 0.168379 0.000000 255 128 0 255
-20.700134 -34.738281 0.000000 0.983360 0.181666 0.000000 255 128 0 255
-20.700134 -34.738281 -18.750000 0.983360 0.181666 0.000000 255 128 0 255
-20.545845 -35.514648 18.750000 0.980819 0.194920 0.000000 255 128 0 255
-20.391556 -36.291016 18.750000 0.980819 0.194920 0.000000 255 128 0 255
-20.545845 -35.514648 0.000000 0.980819 0.194920 0.000000 255 128 0 255
-20.391556 -36.291016 0.000000 0.980819 0.194920 0.000000 255 128 0 255
-20.545845 -35.514648 -18.750000 0.980819 0.194920 0.000000 255 128 0 255
-20.391556 -36.291016 -18.750000 0.980819 0.194920 0.000000 255 128 0 255
-20.237267 -37.067383 0.000000 0.980819 0.194920 0.000000 255 128 0 255
-20.237267 -37.067383 -18.750000 0.980819 0.194920 0.000000 255 128 0 255
-20.082977 -37.843750 0.000000 0.977842 0.209345 0.000000 255 128 0 255
-20.082977 -37.843750 -18.750000 0.977842 0.209345 0.000000 255 128 0 255
-19.727791 -39.391113 18.750000 0.974652 0.223725 0.000000 255 128 0 255
-19.372604 -40.938477 18.750000 0.974652 0.223725 0.000000 255 128 0 255
-19.727791 -39.391113 0.000000 0.974652 0.223725 0.000000 255 128 0 255
-19.372604 -40.938477 0.000000 0.974652 0.223725 0.000000 255 128 0 255
-19.727791 -39.391113 -18.750000 0.974652 0.223725 0.000000 255 128 0 255
-19.372604 -40.938477 -18.750000 0.974652 0.223725 0.000000 255 128 0 255
-19.017418 -42.485840 0.000000 0.974652 0.223725 0.000000 255 128 0 255
-19.017418 -42.485840 -18.750000 0.974652 0.223725 0.000000 255 128 0 255
-18.662231 -44.033203 0.000000 0.972196 0.234168 0.000000 255 128 0 255
-18.662231 -44.033203 -18.750000 0.972196 0.234168 0.000000 255 128 0 255
-18.273148 -45.575684 18.750000 0.969628 0.244584 0.000000 255 128 0 255
-17.884064 -47.118164 18.750000 0.969628 0.244584 0.000000 255 128 0 255
-18.273148 -45.575684 0.000000 0.969628 0.244584 0.000000 255 128 0 255
-17.884064 -47.118164 0.000000 0.969628 0.244584 0.000000 255 128 0 255
-18.273148 -45.575684 -18.750000 0.969628 0.244584 0.000000 255 128 0 255
-17.494980 -48.660645 0.000000 0.969628 0.244584 0.000000 255 128 0 255
-17.494980 -48.660645 -18.750000 0.969628 0.244584 0.000000 255 128 0 255
-17.884064 -47.118164 -18.750000 0.969628 0.244584 0.000000 255 128 0 255
-17.053772 50.621094 18.750000 0.924746 -0.380585 0.000000 255 128 0 255
-17.450928 49.070801 18.750000 0.968717 -0.248167 0.000000 255 128 0 255
-17.848083 47.520508 18.750000 0.968717 -0.248167 0.000000 255 128 0 255
-17.053772 50.621094 0.000000 0.924746 -0.380585 0.000000 255 128 0 255
-17.450928 49.070801 0.000000 0.968717 -0.248167 0.000000 255 128 0 255
-17.848083 47.520508 0.000000 0.968717 -0.248167 0.000000 255 128 0 255
-17.450928 49.070801 -18.750000 0.968717 -0.248167 0.000000 255 128 0 255
-17.848083 47.520508 -18.750000 0.968717 -0.248167 0.000000 255 128 0 255
-18.245239 45.970215 0.000000 0.968717 -0.248167 0.000000 255 128 0 255
-18.245239 45.970215 -18.750000 0.968717 -0.248167 0.000000 255 128 0 255
-18.642395 44.419922 0.000000 0.971397 -0.237460 0.000000 255 128 0 255
-18.642395 44.419922 -18.750000 0.971397 -0.237460 0.000000 255 128 0 255
-19.004303 42.865234 18.750000 0.973959 -0.226723 0.000000 255 128 0 255
-19.366211 41.310547 18.750000 0.973959 -0.226723 0.000000 255 128 0 255
-19.004303 42.865234 0.000000 0.973959 -0.226723 0.000000 255 128 0 255
-19.366211 41.310547 0.000000 0.973959 -0.226723 0.000000 255 128 0 255
-19.004303 42.865234 -18.750000 0.973959 -0.226723 0.000000 255 128 0 255
-19.366211 41.310547 -18.750000 0.973959 -0.226723 0.000000 255 128 0 255
-19.728119 39.755859 0.000000 0.973959 -0.226723 0.000000 255 128 0 255
-19.728119 39.755859 -18.750000 0.973959 -0.226723 0.000000 255 128 0 255
-20.090027 38.201172 0.000000 0.977313 -0.211798 0.000000 255 128 0 255
-20.090027 38.201172 -18.750000 0.977313 -0.211798 0.000000 255 128 0 255
-20.246765 37.420410 18.750000 0.980439 -0.196824 0.000000 255 128 0 255
-20.403503 36.639648 18.750000 0.980439 -0.196824 0.000000 255 128 0 255
-20.246765 37.420410 0.000000 0.980439 -0.196824 0.000000 255 128 0 255
-20.403503 36.639648 0.000000 0.980439 -0.196824 0.000000 255 128 0 255
-20.246765 37.420410 -18.750000 0.980439 -0.196824 0.000000 255 128 0 255
-20.403503 36.639648 -18.750000 0.980439 -0.196824 0.000000 255 128 0 255
-20.560242 35.858887 0.000000 0.980439 -0.196824 0.000000 255 128 0 255
-20.560242 35.858887 -18.750000 0.980439 -0.196824 0.000000 255 128 0 255
-20.716980 35.078125 0.000000 0.983090 -0.183125 0.000000 255 128 0 255
-20.716980 35.078125 -18.750000 0.983090 -0.183125 0.000000 255 128 0 255
-20.851677 34.294434 18.750000 0.985549 -0.169391 0.000000 255 128 0 255
-20.986374 33.510742 18.750000 0.985549 -0.169391 0.000000 255 128 0 255
-20.851677 34.294434 0.000000 0.985549 -0.169391 0.000000 255 128 0 255
-20.986374 33.510742 0.000000 0.985549 -0.169391 0.000000 255 128 0 255
-20.851677 34.294434 -18.750000 0.985549 -0.169391 0.000000 255 128 0 255
-20.986374 33.510742 -18.750000 0.985549 -0.169391 0.000000 255 128 0 255
-21.121071 32.727051 0.000000 0.985549 -0.169391 0.000000 255 128 0 255
-21.121071 32.727051 -18.750000 0.985549 -0.169391 0.000000 255 128 0 255
-21.255768 31.943359 0.000000 0.988123 -0.153664 0.000000 255 128 0 255
-21.255768 31.943359 -18.750000 0.988123 -0.153664 0.000000 255 128 0 255
-21.365288 31.156738 18.750000 0.990446 -0.137898 0.000000 255 128 0 255
-21.474808 30.370117 18.750000 0.990446 -0.137898 0.000000 255 128 0 255
-21.365288 31.156738 0.000000 0.990446 -0.137898 0.000000 255 128 0 255
-21.474808 30.370117 0.000000 0.990446 -0.137898 0.000000 255 128 0 255
-21.365288 31.156738 -18.750000 0.990446 -0.137898 0.000000 255 128 0 255
-21.474808 30.370117 -18.750000 0.990446 -0.137898 0.000000 255 128 0 255
-21.584328 29.583496 0.000000 0.990446 -0.137898 0.000000 255 128 0 255
-21.584328 29.583496 -18.750000 0.990446 -0.137898 0.000000 255 128 0 255
-21.693848 28.796875 0.000000 0.992407 -0.122994 0.000000 255 128 0 255
-21.693848 28.796875 -18.750000 0.992407 -0.122994 0.000000 255 128 0 255
-21.779724 28.006836 18.750000 0.994144 -0.108062 0.000000 255 128 0 255
-21.865601 27.216797 18.750000 0.994144 -0.108062 0.000000 255 128 0 255
-21.779724 28.006836 0.000000 0.994144 -0.108062 0.000000 255 128 0 255
-21.865601 27.216797 0.000000 0.994144 -0.108062 0.000000 255 128 0 255
-21.779724 28.006836 -18.750000 0.994144 -0.108062 0.000000 255 128 0 255
-21.865601 27.216797 -18.750000 0.994144 -0.108062 0.000000 255 128 0 255
-21.951477 26.426758 0.000000 0.994144 -0.108062 0.000000 255 128 0 255
-21.951477 26.426758 -18.750000 0.994144 -0.108062 0.000000 255 128 0 255
-22.037354 25.636719 0.000000 0.996030 -0.089015 0.000000 255 128 0 255
-22.037354 25.636719 -18.750000 0.996030 -0.089015 0.000000 255 128 0 255
-22.148674 24.048828 18.750000 0.997552 -0.069934 0.000000 255 128 0 255
-22.259995 22.460938 18.750000 0.997552 -0.069934 0.000000 255 128 0 255
-22.148674 24.048828 0.000000 0.997552 -0.069934 0.000000 255 128 0 255
-22.259995 22.460938 0.000000 0.997552 -0.069934 0.000000 255 128 0 255
-22.148674 24.048828 -18.750000 0.997552 -0.069934 0.000000 255 128 0 255
-22.259995 22.460938 -18.750000 0.997552 -0.069934 0.000000 255 128 0 255
-22.371315 20.873047 0.000000 0.997552 -0.069934 0.000000 255 128 0 255
-22.371315 20.873047 -18.750000 0.997552 -0.069934 0.000000 255 128 0 255
-22.482635 19.285156 0.000000 0.998745 -0.050089 0.000000 255 128 0 255
-22.482635 19.285156 -18.750000 0.998745 -0.050089 0.000000 255 128 0 255
-22.530914 17.688477 18.750000 0.999543 -0.030223 0.000000 255 128 0 255
-22.579193 16.091797 18.750000 0.999543 -0.030223 0.000000 255 128 0 255
-22.530914 17.688477 0.000000 0.999543 -0.030223 0.000000 255 128 0 255
-22.579193 16.091797 0.000000 0.999543 -0.030223 0.000000 255 128 0 255
-22.530914 17.688477 -18.750000 0.999543 -0.030223 0.000000 255 128 0 255
-22.579193 16.091797 -18.750000 0.999543 -0.030223 0.000000 255 128 0 255
-22.627472 14.495117 0.000000 0.999543 -0.030223 0.000000 255 128 0 255
-22.627472 14.495117 -18.750000 0.999543 -0.030223 0.000000 255 128 0 255
-22.675751 12.898438 0.000000 0.999855 -0.017058 0.000000 255 128 0 255
-22.675751 12.898438 -18.750000 0.999855 -0.017058 0.000000 255 128 0 255
-22.681984 11.296387 18.750000 0.999992 -0.003891 0.000000 255 128 0 255
-22.688217 9.694336 18.750000 0.999992 -0.003891 0.000000 255 128 0 255
-22.681984 11.296387 0.000000 0.999992 -0.003891 0.000000 255 128 0 255
-22.688217 9.694336 0.000000 0.999992 -0.003891 0.000000 255 128 0 255
-22.681984 11.296387 -18.750000 0.999992 -0.003891 0.000000 255 128 0 255
-22.688217 9.694336 -18.750000 0.999992 -0.003891 0.000000 255 128 0 255
-22.694450 8.092285 0.000000 0.999992 -0.003891 0.000000 255 128 0 255
-22.694450 8.092285 -18.750000 0.999992 -0.003891 0.000000 255 128 0 255
-22.700684 6.490234 0.000000 0.999996 0.002657 0.000000 255 128 0 255
-22.700684 6.490234 -18.750000 0.999996 0.002657 0.000000 255 128 0 255
-22.685905 4.884766 18.750000 0.999958 0.009204 0.000000 255 128 0 255
-22.671127 3.279297 18.750000 0.999958 0.009204 0.000000 255 128 0 255
-22.685905 4.884766 0.000000 0.999958 0.009204 0.000000 255 128 0 255
-22.671127 3.279297 0.000000 0.999958 0.009204 0.000000 255 128 0 255
-22.685905 4.884766 -18.750000 0.999958 0.009204 0.000000 255 128 0 255
-22.656349 1.673828 0.000000 0.999958 0.009204 0.000000 255 128 0 255
-22.656349 1.673828 -18.750000 0.999958 0.009204 0.000000 255 128 0 255
-22.671127 3.279297 -18.750000 0.999958 0.009204 0.000000 255 128 0 255
-0.142883 62.554688 18.750000 0.002952 -0.999996 0.000000 255 128 0 255
-0.843361 62.433105 18.750000 0.171013 -0.985269 0.000000 255 128 0 255
-1.543839 62.311523 18.750000 0.171013 -0.985269 0.000000 255 128 0 255
-0.142883 62.554688 0.000000 0.002952 -0.999996 0.000000 255 128 0 255
-0.843361 62.433105 0.000000 0.171013 -0.985269 0.000000 255 128 0 255
-1.543839 62.311523 0.000000 0.171013 -0.985269 0.000000 255 128 0 255
-0.843361 62.433105 -18.750000 0.171013 -0.985269 0.000000 255 128 0 255
-1.543839 62.311523 -18.750000 0.171013 -0.985269 0.000000 255 128 0 255
-2.244316 62.189941 0.000000 0.171013 -0.985269 0.000000 255 128 0 255
-2.244316 62.189941 -18.750000 0.171013 -0.985269 0.000000 255 128 0 255
-2.944794 62.068359 0.000000 0.196226 -0.980559 0.000000 255 128 0 255
-2.944794 62.068359 -18.750000 0.196226 -0.980559 0.000000 255 128 0 255
-3.622551 61.914551 18.750000 0.221310 -0.975204 0.000000 255 128 0 255
-4.300308 61.760742 18.750000 0.221310 -0.975204 0.000000 255 128 0 255
-3.622551 61.914551 0.000000 0.221310 -0.975204 0.000000 255 128 0 255
-4.300308 61.760742 0.000000 0.221310 -0.975204 0.000000 255 128 0 255
-3.622551 61.914551 -18.750000 0.221310 -0.975204 0.000000 255 128 0 255
-4.300308 61.760742 -18.750000 0.221310 -0.975203 0.000000 255 128 0 255
-4.978065 61.606934 0.000000 0.221310 -0.975203 0.000000 255 128 0 255
-4.978065 61.606934 -18.750000 0.221310 -0.975203 0.000000 255 128 0 255
-5.655823 61.453125 0.000000 0.258749 -0.965945 0.000000 255 128 0 255
-5.655823 61.453125 -18.750000 0.258749 -0.965945 0.000000 255 128 0 255
-5.979073 61.353027 18.750000 0.295803 -0.955249 0.000000 255 128 0 255
-6.302322 61.252930 18.750000 0.295803 -0.955249 0.000000 255 128 0 255
-5.979073 61.353027 0.000000 0.295803 -0.955249 0.000000 255 128 0 255
-6.302322 61.252930 0.000000 0.295803 -0.955249 0.000000 255 128 0 255
-5.979073 61.353027 -18.750000 0.295803 -0.955249 0.000000 255 128 0 255
-6.302322 61.252930 -18.750000 0.295803 -0.955249 0.000000 255 128 0 255
-6.625572 61.152832 0.000000 0.295803 -0.955249 0.000000 255 128 0 255
-6.625572 61.152832 -18.750000 0.295803 -0.955249 0.000000 255 128 0 255
-6.948822 61.052734 0.000000 0.329881 -0.944023 0.000000 255 128 0 255
-6.948822 61.052734 -18.750000 0.329881 -0.944023 0.000000 255 128 0 255
-7.257881 60.932129 18.750000 0.363535 -0.931581 0.000000 255 128 0 255
-7.566940 60.811523 18.750000 0.363535 -0.931581 0.000000 255 128 0 255
-7.257881 60.932129 0.000000 0.363535 -0.931581 0.000000 255 128 0 255
-7.566940 60.811523 0.000000 0.363535 -0.931581 0.000000 255 128 0 255
-7.257881 60.932129 -18.750000 0.363535 -0.931581 0.000000 255 128 0 255
-7.566940 60.811523 -18.750000 0.363535 -0.931581 0.000000 255 128 0 255
-7.875999 60.690918 0.000000 0.363535 -0.931581 0.000000 255 128 0 255
-7.875999 60.690918 -18.750000 0.363535 -0.931581 0.000000 255 128 0 255
-8.185059 60.570312 0.000000 0.405790 -0.913966 0.000000 255 128 0 255
-8.185059 60.570312 -18.750000 0.405790 -0.913966 0.000000 255 128 0 255
-8.477066 60.424316 18.750000 0.447195 -0.894437 0.000000 255 128 0 255
-8.769073 60.278320 18.750000 0.447195 -0.894437 0.000000 255 128 0 255
-8.477066 60.424316 0.000000 0.447195 -0.894437 0.000000 255 128 0 255
-8.769073 60.278320 0.000000 0.447195 -0.894437 0.000000 255 128 0 255
-8.477066 60.424316 -18.750000 0.447195 -0.894437 0.000000 255 128 0 255
-8.769073 60.278320 -18.750000 0.447195 -0.894436 0.000000 255 128 0 255
-9.061081 60.132324 0.000000 0.447195 -0.894436 0.000000 255 128 0 255
-9.061081 60.132324 -18.750000 0.447195 -0.894436 0.000000 255 128 0 255
-9.353088 59.986328 0.000000 0.495050 -0.868864 0.000000 255 128 0 255
-9.353088 59.986328 -18.750000 0.495050 -0.868864 0.000000 255 128 0 255
-9.625275 59.811035 18.750000 0.541448 -0.840734 0.000000 255 128 0 255
-9.897461 59.635742 18.750000 0.541448 -0.840734 0.000000 255 128 0 255
-9.625275 59.811035 0.000000 0.541448 -0.840734 0.000000 255 128 0 255
-9.897461 59.635742 0.000000 0.541448 -0.840734 0.000000 255 128 0 255
-9.625275 59.811035 -18.750000 0.541448 -0.840734 0.000000 255 128 0 255
-9.897461 59.635742 -18.750000 0.541448 -0.840734 0.000000 255 128 0 255
-10.169647 59.460449 0.000000 0.541448 -0.840734 0.000000 255 128 0 255
-10.169647 59.460449 -18.750000 0.541448 -0.840734 0.000000 255 128 0 255
-10.441833 59.285156 0.000000 0.586954 -0.809620 0.000000 255 128 0 255
-10.441833 59.285156 -18.750000 0.586954 -0.809620 0.000000 255 128 0 255
-10.693581 59.080566 18.750000 0.630677 -0.776046 0.000000 255 128 0 255
-10.945328 58.875977 18.750000 0.630677 -0.776046 0.000000 255 128 0 255
-10.693581 59.080566 0.000000 0.630677 -0.776046 0.000000 255 128 0 255
-10.945328 58.875977 0.000000 0.630677 -0.776046 0.000000 255 128 0 255
-10.693581 59.080566 -18.750000 0.630677 -0.776046 0.000000 255 128 0 255
-10.945328 58.875977 -18.750000 0.630677 -0.776046 0.000000 255 128 0 255
-11.197075 58.671387 0.000000 0.630677 -0.776046 0.000000 255 128 0 255
-11.197075 58.671387 -18.750000 0.630677 -0.776046 0.000000 255 128 0 255
-11.448822 58.466797 0.000000 0.667576 -0.744542 0.000000 255 128 0 255
-11.448822 58.466797 -18.750000 0.667576 -0.744542 0.000000 255 128 0 255
-11.682533 58.235840 18.750000 0.702903 -0.711285 0.000000 255 128 0 255
-11.916245 58.004883 18.750000 0.702903 -0.711285 0.000000 255 128 0 255
-11.682533 58.235840 0.000000 0.702903 -0.711285 0.000000 255 128 0 255
-11.916245 58.004883 0.000000 0.702903 -0.711286 0.000000 255 128 0 255
-11.682533 58.235840 -18.750000 0.702903 -0.711286 0.000000 255 128 0 255
-11.916245 58.004883 -18.750000 0.702903 -0.711286 0.000000 255 128 0 255
-12.149956 57.773926 0.000000 0.702903 -0.711286 0.000000 255 128 0 255
-12.149956 57.773926 -18.750000 0.702903 -0.711286 0.000000 255 128 0 255
-12.383667 57.542969 0.000000 0.731250 -0.682110 0.000000 255 128 0 255
-12.383667 57.542969 -18.750000 0.731250 -0.682110 0.000000 255 128 0 255
-12.601891 57.289062 18.750000 0.758386 -0.651806 0.000000 255 128 0 255
-12.820114 57.035156 18.750000 0.758386 -0.651806 0.000000 255 128 0 255
-12.601891 57.289062 0.000000 0.758386 -0.651806 0.000000 255 128 0 255
-12.820114 57.035156 0.000000 0.758386 -0.651806 0.000000 255 128 0 255
-12.601891 57.289062 -18.750000 0.758386 -0.651806 0.000000 255 128 0 255
-12.820114 57.035156 -18.750000 0.758386 -0.651806 0.000000 255 128 0 255
-13.038338 56.781250 0.000000 0.758386 -0.651806 0.000000 255 128 0 255
-13.038338 56.781250 -18.750000 0.758386 -0.651806 0.000000 255 128 0 255
-13.256561 56.527344 0.000000 0.778894 -0.627155 0.000000 255 128 0 255
-13.256561 56.527344 -18.750000 0.778894 -0.627155 0.000000 255 128 0 255
-13.461899 56.254883 18.750000 0.798602 -0.601859 0.000000 255 128 0 255
-13.667236 55.982422 18.750000 0.798602 -0.601859 0.000000 255 128 0 255
-13.461899 56.254883 0.000000 0.798602 -0.601859 0.000000 255 128 0 255
-13.667236 55.982422 0.000000 0.798602 -0.601859 0.000000 255 128 0 255
-13.461899 56.254883 -18.750000 0.798602 -0.601859 0.000000 255 128 0 255
-13.667236 55.982422 -18.750000 0.798602 -0.601859 0.000000 255 128 0 255
-13.872574 55.709961 0.000000 0.798602 -0.601859 0.000000 255 128 0 255
-13.872574 55.709961 -18.750000 0.798602 -0.601859 0.000000 255 128 0 255
-14.077911 55.437500 0.000000 0.818745 -0.574158 0.000000 255 128 0 255
-14.077911 55.437500 -18.750000 0.818745 -0.574158 0.000000 255 128 0 255
-14.460197 54.850586 18.750000 0.837927 -0.545783 0.000000 255 128 0 255
-14.842484 54.263672 18.750000 0.837927 -0.545783 0.000000 255 128 0 255
-14.460197 54.850586 0.000000 0.837927 -0.545783 0.000000 255 128 0 255
-14.842484 54.263672 0.000000 0.837927 -0.545783 0.000000 255 128 0 255
-14.460197 54.850586 -18.750000 0.837927 -0.545783 0.000000 255 128 0 255
-14.842484 54.263672 -18.750000 0.837927 -0.545783 0.000000 255 128 0 255
-15.224770 53.676758 0.000000 0.837927 -0.545783 0.000000 255 128 0 255
-15.224770 53.676758 -18.750000 0.837927 -0.545783 0.000000 255 128 0 255
-15.607056 53.089844 0.000000 0.850586 -0.525835 0.000000 255 128 0 255
-15.607056 53.089844 -18.750000 0.850586 -0.525835 0.000000 255 128 0 255
-15.968735 52.472656 18.750000 0.862771 -0.505594 0.000000 255 128 0 255
-16.330414 51.855469 18.750000 0.862771 -0.505594 0.000000 255 128 0 255
-15.968735 52.472656 0.000000 0.862771 -0.505594 0.000000 255 128 0 255
-16.330414 51.855469 0.000000 0.862771 -0.505594 0.000000 255 128 0 255
-15.968735 52.472656 -18.750000 0.862771 -0.505594 0.000000 255 128 0 255
-16.692093 51.238281 0.000000 0.862771 -0.505594 0.000000 255 128 0 255
-16.692093 51.238281 -18.750000 0.862771 -0.505594 0.000000 255 128 0 255
-16.330414 51.855469 -18.750000 0.862771 -0.505594 0.000000 255 128 0 255
17.025299 50.625000 18.750000 -0.923314 -0.384046 0.000000 255 128 0 255
16.656143 51.246094 18.750000 -0.859623 -0.510929 0.000000 255 128 0 255
16.286987 51.867188 18.750000 -0.859623 -0.510929 0.000000 255 128 0 255
17.025299 50.625000 0.000000 -0.923314 -0.384046 0.000000 255 128 0 255
16.656143 51.246094 0.000000 -0.859623 -0.510929 0.000000 255 128 0 255
16.286987 51.867188 0.000000 -0.859623 -0.510929 0.000000 255 128 0 255
16.656143 51.246094 -18.750000 -0.859623 -0.510929 0.000000 255 128 0 255
16.286987 51.867188 -18.750000 -0.859623 -0.510929 0.000000 255 128 0 255
15.917831 52.488281 0.000000 -0.859623 -0.510929 0.000000 255 128 0 255
15.917831 52.488281 -18.750000 -0.859623 -0.510929 0.000000 255 128 0 255
15.548676 53.109375 0.000000 -0.847046 -0.531519 0.000000 255 128 0 255
15.548676 53.109375 -18.750000 -0.847046 -0.531519 0.000000 255 128 0 255
15.158730 53.698730 18.750000 -0.833977 -0.551799 0.000000 255 128 0 255
14.768784 54.288086 18.750000 -0.833977 -0.551799 0.000000 255 128 0 255
15.158730 53.698730 0.000000 -0.833977 -0.551799 0.000000 255 128 0 255
14.768784 54.288086 0.000000 -0.833977 -0.551799 0.000000 255 128 0 255
15.158730 53.698730 -18.750000 -0.833977 -0.551799 0.000000 255 128 0 255
14.768784 54.288086 -18.750000 -0.833977 -0.551799 0.000000 255 128 0 255
14.378838 54.877441 0.000000 -0.833977 -0.551799 0.000000 255 128 0 255
14.378838 54.877441 -18.750000 -0.833977 -0.551799 0.000000 255 128 0 255
13.988892 55.466797 0.000000 -0.814536 -0.580113 0.000000 255 128 0 255
13.988892 55.466797 -18.750000 -0.814536 -0.580113 0.000000 255 128 0 255
13.779633 55.740234 18.750000 -0.794134 -0.607743 0.000000 255 128 0 255
13.570374 56.013672 18.750000 -0.794134 -0.607743 0.000000 255 128 0 255
13.779633 55.740234 0.000000 -0.794134 -0.607743 0.000000 255 128 0 255
13.570374 56.013672 0.000000 -0.794134 -0.607743 0.000000 255 128 0 255
13.779633 55.740234 -18.750000 -0.794134 -0.607743 0.000000 255 128 0 255
13.570374 56.013672 -18.750000 -0.794134 -0.607743 0.000000 255 128 0 255
13.361115 56.287109 0.000000 -0.794134 -0.607743 0.000000 255 128 0 255
13.361115 56.287109 -18.750000 -0.794134 -0.607743 0.000000 255 128 0 255
13.151855 56.560547 0.000000 -0.774019 -0.633162 0.000000 255 128 0 255
13.151855 56.560547 -18.750000 -0.774019 -0.633162 0.000000 255 128 0 255
12.929611 56.814941 18.750000 -0.753091 -0.657916 0.000000 255 128 0 255
12.707367 57.069336 18.750000 -0.753091 -0.657916 0.000000 255 128 0 255
12.929611 56.814941 0.000000 -0.753091 -0.657916 0.000000 255 128 0 255
12.707367 57.069336 0.000000 -0.753091 -0.657916 0.000000 255 128 0 255
12.929611 56.814941 -18.750000 -0.753091 -0.657916 0.000000 255 128 0 255
12.707367 57.069336 -18.750000 -0.753091 -0.657916 0.000000 255 128 0 255
12.485123 57.323730 0.000000 -0.753091 -0.657916 0.000000 255 128 0 255
12.485123 57.323730 -18.750000 -0.753091 -0.657916 0.000000 255 128 0 255
12.262878 57.578125 0.000000 -0.725845 -0.687859 0.000000 255 128 0 255
12.262878 57.578125 -18.750000 -0.725845 -0.687859 0.000000 255 128 0 255
12.025040 57.809570 18.750000 -0.697409 -0.716674 0.000000 255 128 0 255
11.787201 58.041016 18.750000 -0.697409 -0.716674 0.000000 255 128 0 255
12.025040 57.809570 0.000000 -0.697409 -0.716674 0.000000 255 128 0 255
11.787201 58.041016 0.000000 -0.697409 -0.716674 0.000000 255 128 0 255
12.025040 57.809570 -18.750000 -0.697409 -0.716674 0.000000 255 128 0 255
11.787201 58.041016 -18.750000 -0.697408 -0.716674 0.000000 255 128 0 255
11.549362 58.272461 0.000000 -0.697408 -0.716674 0.000000 255 128 0 255
11.549362 58.272461 -18.750000 -0.697408 -0.716674 0.000000 255 128 0 255
11.311523 58.503906 0.000000 -0.662070 -0.749442 0.000000 255 128 0 255
11.311523 58.503906 -18.750000 -0.662070 -0.749442 0.000000 255 128 0 255
11.055511 58.708984 18.750000 -0.625194 -0.780469 0.000000 255 128 0 255
10.799500 58.914062 18.750000 -0.625194 -0.780469 0.000000 255 128 0 255
11.055511 58.708984 0.000000 -0.625194 -0.780469 0.000000 255 128 0 255
10.799500 58.914062 0.000000 -0.625194 -0.780469 0.000000 255 128 0 255
11.055511 58.708984 -18.750000 -0.625194 -0.780469 0.000000 255 128 0 255
10.799500 58.914062 -18.750000 -0.625194 -0.780469 0.000000 255 128 0 255
10.543488 59.119141 0.000000 -0.625194 -0.780469 0.000000 255 128 0 255
10.543488 59.119141 -18.750000 -0.625194 -0.780469 0.000000 255 128 0 255
10.287476 59.324219 0.000000 -0.579634 -0.814877 0.000000 255 128 0 255
10.287476 59.324219 -18.750000 -0.579634 -0.814877 0.000000 255 128 0 255
10.010941 59.498047 18.750000 -0.532185 -0.846628 0.000000 255 128 0 255
9.734406 59.671875 18.750000 -0.532185 -0.846628 0.000000 255 128 0 255
10.010941 59.498047 0.000000 -0.532185 -0.846628 0.000000 255 128 0 255
9.734406 59.671875 0.000000 -0.532185 -0.846628 0.000000 255 128 0 255
10.010941 59.498047 -18.750000 -0.532185 -0.846628 0.000000 255 128 0 255
9.734406 59.671875 -18.750000 -0.532185 -0.846628 0.000000 255 128 0 255
9.457870 59.845703 0.000000 -0.532185 -0.846628 0.000000 255 128 0 255
9.457870 59.845703 -18.750000 -0.532185 -0.846628 0.000000 255 128 0 255
9.181335 60.019531 0.000000 -0.486009 -0.873954 0.000000 255 128 0 255
9.181335 60.019531 -18.750000 -0.486009 -0.873954 0.000000 255 128 0 255
8.885056 60.164062 18.750000 -0.438435 -0.898763 0.000000 255 128 0 255
8.588776 60.308594 18.750000 -0.438435 -0.898763 0.000000 255 128 0 255
8.885056 60.164062 0.000000 -0.438435 -0.898763 0.000000 255 128 0 255
8.588776 60.308594 0.000000 -0.438435 -0.898763 0.000000 255 128 0 255
8.885056 60.164062 -18.750000 -0.438435 -0.898763 0.000000 255 128 0 255
8.588776 60.308594 -18.750000 -0.438435 -0.898763 0.000000 255 128 0 255
8.292496 60.453125 0.000000 -0.438435 -0.898763 0.000000 255 128 0 255
8.292496 60.453125 -18.750000 -0.438435 -0.898763 0.000000 255 128 0 255
7.996216 60.597656 0.000000 -0.398630 -0.917112 0.000000 255 128 0 255
7.996216 60.597656 -18.750000 -0.398630 -0.917112 0.000000 255 128 0 255
7.682991 60.717773 18.750000 -0.358060 -0.933699 0.000000 255 128 0 255
7.369766 60.837891 18.750000 -0.358060 -0.933699 0.000000 255 128 0 255
7.682991 60.717773 0.000000 -0.358060 -0.933699 0.000000 255 128 0 255
7.369766 60.837891 0.000000 -0.358060 -0.933699 0.000000 255 128 0 255
7.682991 60.717773 -18.750000 -0.358060 -0.933699 0.000000 255 128 0 255
7.369766 60.837891 -18.750000 -0.358060 -0.933699 0.000000 255 128 0 255
7.056541 60.958008 0.000000 -0.358060 -0.933699 0.000000 255 128 0 255
7.056541 60.958008 -18.750000 -0.358060 -0.933699 0.000000 255 128 0 255
6.743317 61.078125 0.000000 -0.323495 -0.946230 0.000000 255 128 0 255
6.743317 61.078125 -18.750000 -0.323495 -0.946230 0.000000 255 128 0 255
6.415962 61.176758 18.750000 -0.288492 -0.957482 0.000000 255 128 0 255
6.088608 61.275391 18.750000 -0.288492 -0.957482 0.000000 255 128 0 255
6.415962 61.176758 0.000000 -0.288492 -0.957482 0.000000 255 128 0 255
6.088608 61.275391 0.000000 -0.288492 -0.957482 0.000000 255 128 0 255
6.415962 61.176758 -18.750000 -0.288492 -0.957482 0.000000 255 128 0 255
6.088608 61.275391 -18.750000 -0.288492 -0.957482 0.000000 255 128 0 255
5.761253 61.374023 0.000000 -0.288492 -0.957482 0.000000 255 128 0 255
5.761253 61.374023 -18.750000 -0.288492 -0.957482 0.000000 255 128 0 255
5.433899 61.472656 0.000000 -0.252518 -0.967592 0.000000 255 128 0 255
5.433899 61.472656 -18.750000 -0.252518 -0.967592 0.000000 255 128 0 255
4.748100 61.624512 18.750000 -0.216192 -0.976351 0.000000 255 128 0 255
4.062302 61.776367 18.750000 -0.216192 -0.976351 0.000000 255 128 0 255
4.748100 61.624512 0.000000 -0.216192 -0.976351 0.000000 255 128 0 255
4.062302 61.776367 0.000000 -0.216192 -0.976351 0.000000 255 128 0 255
4.748100 61.624512 -18.750000 -0.216192 -0.976351 0.000000 255 128 0 255
4.062302 61.776367 -18.750000 -0.216192 -0.976351 0.000000 255 128 0 255
3.376503 61.928223 0.000000 -0.216192 -0.976351 0.000000 255 128 0 255
3.376503 61.928223 -18.750000 -0.216192 -0.976351 0.000000 255 128 0 255
2.690704 62.080078 0.000000 -0.190757 -0.981637 0.000000 255 128 0 255
2.690704 62.080078 -18.750000 -0.190757 -0.981637 0.000000 255 128 0 255
1.982307 62.198730 18.750000 -0.165193 -0.986261 0.000000 255 128 0 255
1.273911 62.317383 18.750000 -0.165193 -0.986261 0.000000 255 128 0 255
1.982307 62.198730 0.000000 -0.165193 -0.986261 0.000000 255 128 0 255
1.273911 62.317383 0.000000 -0.165193 -0.986261 0.000000 255 128 0 255
1.982307 62.198730 -18.750000 -0.165193 -0.986261 0.000000 255 128 0 255
0.565514 62.436035 0.000000 -0.165193 -0.986261 0.000000 255 128 0 255
0.565514 62.436035 -18.750000 -0.165193 -0.986261 0.000000 255 128 0 255
1.273911 62.317383 -18.750000 -0.165193 -0.986261 0.000000 255 128 0 255
22.656326 1.674316 18.750000 -0.999957 0.009244 0.000000 255 128 0 255
22.671173 3.280273 18.750000 -0.999957 0.009244 0.000000 255 128 0 255
22.656326 1.674316 0.000000 -0.999957 0.009244 0.000000 255 128 0 255
22.671173 3.280273 0.000000 -0.999957 0.009244 0.000000 255 128 0 255
22.656326 1.674316 -18.750000 -0.999957 0.009244 0.000000 255 128 0 255
22.671173 3.280273 -18.750000 -0.999957 0.009244 0.000000 255 128 0 255
22.686020 4.886230 0.000000 -0.999957 0.009244 0.000000 255 128 0 255
22.686020 4.886230 -18.750000 -0.999957 0.009244 0.000000 255 128 0 255
22.700867 6.492188 0.000000 -0.999996 0.002667 0.000000 255 128 0 255
22.700867 6.492188 -18.750000 -0.999996 0.002667 0.000000 255 128 0 255
22.694603 8.094238 18.750000 -0.999992 -0.003910 0.000000 255 128 0 255
22.688339 9.696289 18.750000 -0.999992 -0.003910 0.000000 255 128 0 255
22.694603 8.094238 0.000000 -0.999992 -0.003910 0.000000 255 128 0 255
22.688339 9.696289 0.000000 -0.999992 -0.003910 0.000000 255 128 0 255
22.694603 8.094238 -18.750000 -0.999992 -0.003910 0.000000 255 128 0 255
22.688339 9.696289 -18.750000 -0.999992 -0.003910 0.000000 255 128 0 255
22.682076 11.298340 0.000000 -0.999992 -0.003910 0.000000 255 128 0 255
22.682076 11.298340 -18.750000 -0.999992 -0.003910 0.000000 255 128 0 255
22.675812 12.900391 0.000000 -0.999853 -0.017137 0.000000 255 128 0 255
22.675812 12.900391 -18.750000 -0.999853 -0.017137 0.000000 255 128 0 255
22.627296 14.497559 18.750000 -0.999539 -0.030362 0.000000 255 128 0 255
22.578781 16.094727 18.750000 -0.999539 -0.030362 0.000000 255 128 0 255
22.627296 14.497559 0.000000 -0.999539 -0.030362 0.000000 255 128 0 255
22.578781 16.094727 0.000000 -0.999539 -0.030362 0.000000 255 128 0 255
22.627296 14.497559 -18.750000 -0.999539 -0.030362 0.000000 255 128 0 255
22.578781 16.094727 -18.750000 -0.999539 -0.030362 0.000000 255 128 0 255
22.530266 17.691895 0.000000 -0.999539 -0.030362 0.000000 255 128 0 255
22.530266 17.691895 -18.750000 -0.999539 -0.030362 0.000000 255 128 0 255
22.481750 19.289062 0.000000 -0.998733 -0.050326 0.000000 255 128 0 255
22.481750 19.289062 -18.750000 -0.998733 -0.050326 0.000000 255 128 0 255
22.369858 20.877441 18.750000 -0.997528 -0.070270 0.000000 255 128 0 255
22.257965 22.465820 18.750000 -0.997528 -0.070270 0.000000 255 128 0 255
22.369858 20.877441 0.000000 -0.997528 -0.070270 0.000000 255 128 0 255
22.257965 22.465820 0.000000 -0.997528 -0.070270 0.000000 255 128 0 255
22.369858 20.877441 -18.750000 -0.997528 -0.070270 0.000000 255 128 0 255
22.257965 22.465820 -18.750000 -0.997528 -0.070270 0.000000 255 128 0 255
22.146072 24.054199 0.000000 -0.997528 -0.070270 0.000000 255 128 0 255
22.146072 24.054199 -18.750000 -0.997528 -0.070270 0.000000 255 128 0 255
22.034180 25.642578 0.000000 -0.995988 -0.089491 0.000000 255 128 0 255
22.034180 25.642578 -18.750000 -0.995988 -0.089491 0.000000 255 128 0 255
21.947861 26.432129 18.750000 -0.994077 -0.108679 0.000000 255 128 0 255
21.861542 27.221680 18.750000 -0.994077 -0.108679 0.000000 255 128 0 255
21.947861 26.432129 0.000000 -0.994077 -0.108679 0.000000 255 128 0 255
21.861542 27.221680 0.000000 -0.994077 -0.108679 0.000000 255 128 0 255
21.947861 26.432129 -18.750000 -0.994077 -0.108679 0.000000 255 128 0 255
21.861542 27.221680 -18.750000 -0.994077 -0.108679 0.000000 255 128 0 255
21.775223 28.011230 0.000000 -0.994077 -0.108679 0.000000 255 128 0 255
21.775223 28.011230 -18.750000 -0.994077 -0.108679 0.000000 255 128 0 255
21.688904 28.800781 0.000000 -0.992337 -0.123557 0.000000 255 128 0 255
21.688904 28.800781 -18.750000 -0.992337 -0.123557 0.000000 255 128 0 255
21.578835 29.588379 18.750000 -0.990375 -0.138408 0.000000 255 128 0 255
21.468765 30.375977 18.750000 -0.990375 -0.138408 0.000000 255 128 0 255
21.578835 29.588379 0.000000 -0.990375 -0.138408 0.000000 255 128 0 255
21.468765 30.375977 0.000000 -0.990375 -0.138408 0.000000 255 128 0 255
21.578835 29.588379 -18.750000 -0.990375 -0.138408 0.000000 255 128 0 255
21.468765 30.375977 -18.750000 -0.990375 -0.138408 0.000000 255 128 0 255
21.358696 31.163574 0.000000 -0.990375 -0.138408 0.000000 255 128 0 255
21.358696 31.163574 -18.750000 -0.990375 -0.138408 0.000000 255 128 0 255
21.248627 31.951172 0.000000 -0.988018 -0.154339 0.000000 255 128 0 255
21.248627 31.951172 -18.750000 -0.988018 -0.154339 0.000000 255 128 0 255
21.113243 32.734863 18.750000 -0.985404 -0.170230 0.000000 255 128 0 255
20.977859 33.518555 18.750000 -0.985404 -0.170230 0.000000 255 128 0 255
21.113243 32.734863 0.000000 -0.985404 -0.170230 0.000000 255 128 0 255
20.977859 33.518555 0.000000 -0.985404 -0.170230 0.000000 255 128 0 255
21.113243 32.734863 -18.750000 -0.985404 -0.170230 0.000000 255 128 0 255
20.977859 33.518555 -18.750000 -0.985404 -0.170230 0.000000 255 128 0 255
20.842476 34.302246 0.000000 -0.985404 -0.170230 0.000000 255 128 0 255
20.842476 34.302246 -18.750000 -0.985404 -0.170230 0.000000 255 128 0 255
20.707092 35.085938 0.000000 -0.982911 -0.184083 0.000000 255 128 0 255
20.707092 35.085938 -18.750000 -0.982911 -0.184083 0.000000 255 128 0 255
20.549561 35.866211 18.750000 -0.980222 -0.197900 0.000000 255 128 0 255
20.392029 36.646484 18.750000 -0.980222 -0.197900 0.000000 255 128 0 255
20.549561 35.866211 0.000000 -0.980222 -0.197900 0.000000 255 128 0 255
20.392029 36.646484 0.000000 -0.980222 -0.197900 0.000000 255 128 0 255
20.549561 35.866211 -18.750000 -0.980222 -0.197900 0.000000 255 128 0 255
20.392029 36.646484 -18.750000 -0.980222 -0.197900 0.000000 255 128 0 255
20.234497 37.426758 0.000000 -0.980222 -0.197900 0.000000 255 128 0 255
20.234497 37.426758 -18.750000 -0.980222 -0.197900 0.000000 255 128 0 255
20.076965 38.207031 0.000000 -0.977078 -0.212883 0.000000 255 128 0 255
20.076965 38.207031 -18.750000 -0.977078 -0.212883 0.000000 255 128 0 255
19.713219 39.761719 18.750000 -0.973704 -0.227815 0.000000 255 128 0 255
19.349472 41.316406 18.750000 -0.973704 -0.227815 0.000000 255 128 0 255
19.713219 39.761719 0.000000 -0.973704 -0.227815 0.000000 255 128 0 255
19.349472 41.316406 0.000000 -0.973704 -0.227815 0.000000 255 128 0 255
19.713219 39.761719 -18.750000 -0.973704 -0.227815 0.000000 255 128 0 255
19.349472 41.316406 -18.750000 -0.973704 -0.227815 0.000000 255 128 0 255
18.985725 42.871094 0.000000 -0.973704 -0.227815 0.000000 255 128 0 255
18.985725 42.871094 -18.750000 -0.973704 -0.227815 0.000000 255 128 0 255
18.621979 44.425781 0.000000 -0.971110 -0.238633 0.000000 255 128 0 255
18.621979 44.425781 -18.750000 -0.971110 -0.238633 0.000000 255 128 0 255
18.222809 45.975586 18.750000 -0.968395 -0.249421 0.000000 255 128 0 255
17.823639 47.525391 18.750000 -0.968395 -0.249421 0.000000 255 128 0 255
18.222809 45.975586 0.000000 -0.968395 -0.249421 0.000000 255 128 0 255
17.823639 47.525391 0.000000 -0.968395 -0.249421 0.000000 255 128 0 255
18.222809 45.975586 -18.750000 -0.968395 -0.249421 0.000000 255 128 0 255
17.424469 49.075195 0.000000 -0.968395 -0.249421 0.000000 255 128 0 255
17.424469 49.075195 -18.750000 -0.968395 -0.249421 0.000000 255 128 0 255
17.823639 47.525391 -18.750000 -0.968395 -0.249421 0.000000 255 128 0 255
3 0 1 2
3 3 4 5
3 6 7 8
3 6 8 9
3 10 11 12
3 10 12 13
3 14 15 16
3 14 16 17
3 18 19 20
3 18 20 21
3 22 23 24
3 22 24 25
3 26 27 28
3 26 28 29
3 30 31 32
3 30 32 33
3 34 35 36
3 34 36 37
3 38 39 40
3 38 40 41
3 42 43 44
3 45 46 47
3 48 49 50
3 48 50 51
3 52 53 54
3 52 54 55
3 56 57 58
3 56 58 59
3 60 61 62
3 60 62 63
3 64 65 66
3 64 66 67
3 68 69 70
3 68 70 71
3 72 73 74
3 72 74 75
3 76 77 78
3 76 78 79
3 80 81 82
3 80 82 83
3 84 85 86
3 84 86 87
3 88 89 90
3 88 90 91
3 92 93 94
3 95 96 97
3 98 99 100
3 98 100 101
3 102 103 104
3 102 104 105
3 106 107 108
3 106 108 109
3 110 111 112
3 110 112 113
3 114 115 116
3 114 116 117
3 118 119 120
3 118 120 121
3 122 123 124
3 122 124 125
3 126 127 128
3 126 128 129
3 130 131 132
3 130 132 133
3 134 135 136
3 134 136 137
3 138 139 140
3 138 140 141
3 142 143 144
3 145 146 147
3 148 149 150
3 148 150 151
3 152 153 154
3 152 154 155
3 156 157 158
3 156 158 159
3 160 161 162
3 160 162 163
3 164 165 166
3 164 166 167
3 168 169 170
3 168 170 171
3 172 173 174
3 172 174 175
3 176 177 178
3 176 178 179
3 180 181 182
3 180 182 183
3 184 185 186
3 187 188 189
3 190 191 192
3 190 192 193
3 194 195 196
3 194 196 197
3 198 199 200
3 198 200 201
3 202 203 204
3 202 204 205
3 206 207 208
3 206 208 209
3 210 211 212
3 210 212 213
3 214 215 216
3 214 216 217
3 218 219 220
3 218 220 221
3 222 223 224
3 222 224 225
3 226 227 228
3 229 230 231
3 232 233 234
3 232 234 235
3 236 237 238
3 236 238 239
3 240 241 242
3 240 242 243
3 244 245 246
3 244 246 247
3 248 249 250
3 248 250 251
3 252 253 254
3 252 254 255
3 256 257 258
3 256 258 259
3 260 261 262
3 260 262 263
3 264 265 266
3 264 266 267
3 268 269 270
3 268 270 271
3 272 273 274
3 272 274 275
3 276 277 278
3 279 280 281
3 282 283 284
3 282 284 285
3 286 287 288
3 286 288 289
3 290 291 292
3 290 292 293
3 294 295 296
3 294 296 297
3 298 299 300
3 298 300 301
3 302 303 304
3 302 304 305
3 306 307 308
3 306 308 309
3 310 311 312
3 310 312 313
3 314 315 316
3 314 316 317
3 318 319 320
3 318 320 321
3 322 323 324
3 322 324 325
3 326 327 328
3 329 330 331
3 332 333 334
3 332 334 335
3 336 337 338
3 336 338 339
3 340 341 342
3 340 342 343
3 344 345 346
3 344 346 347
3 348 349 350
3 348 350 351
3 352 353 354
3 352 354 355
3 356 357 358
3 356 358 359
3 360 361 362
3 360 362 363
3 364 365 366
3 364 366 367
3 368 369 370
3 371 372 373
3 374 375 376
3 374 376 377
3 378 379 380
3 378 380 381
3 382 383 384
3 382 384 385
3 386 387 388
3 386 388 389
3 390 391 392
3 390 392 393
3 394 395 396
3 394 396 397
3 398 399 400
3 398 400 401
3 402 403 404
3 402 404 405
3 406 407 408
3 406 408 409
3 410 411 412
3 410 412 413
3 414 415 416
3 414 416 417
3 418 419 420
3 418 420 421
3 422 423 424
3 422 424 425
3 426 427 428
3 426 428 429
3 430 431 432
3 430 432 433
3 434 435 436
3 434 436 437
3 438 439 440
3 438 440 441
3 442 443 444
3 442 444 445
3 446 447 448
3 446 448 449
3 450 451 452
3 450 452 453
3 454 455 456
3 454 456 457
3 458 459 460
3 458 460 461
3 462 463 464
3 462 464 465
3 466 467 468
3 466 468 469
3 470 471 472
3 470 472 473
3 474 475 476
3 474 476 477
3 478 479 480
3 478 480 481
3 482 483 484
3 482 484 485
3 486 487 488
3 486 488 489
3 490 491 492
3 493 494 495
3 496 497 498
3 496 498 499
3 500 501 502
3 500 502 503
3 504 505 506
3 504 506 507
3 508 509 510
3 508 510 511
3 512 513 514
3 512 514 515
3 516 517 518
3 516 518 519
3 520 521 522
3 520 522 523
3 524 525 526
3 524 526 527
3 528 529 530
3 528 530 531
3 532 533 534
3 532 534 535
3 536 537 538
3 536 538 539
3 540 541 542
3 540 542 543
3 544 545 546
3 544 546 547
3 548 549 550
3 548 550 551
3 552 553 554
3 552 554 555
3 556 557 558
3 559 560 561
3 562 563 564
3 562 564 565
3 566 567 568
3 566 568 569
3 570 571 572
3 570 572 573
3 574 575 576
3 574 576 577
3 578 579 580
3 578 580 581
3 582 583 584
3 582 584 585
3 586 587 588
3 586 588 589
3 590 591 592
3 590 592 593
3 594 595 596
3 594 596 597
3 598 599 600
3 598 600 601
3 602 603 604
3 602 604 605
3 606 607 608
3 606 608 609
3 610 611 612
3 610 612 613
3 614 615 616
3 617 618 619
3 620 621 622
3 620 622 623
3 624 625 626
3 624 626 627
3 628 629 630
3 628 630 631
3 632 633 634
3 632 634 635
3 636 637 638
3 636 638 639
3 640 641 642
3 640 642 643
3 644 645 646
3 644 646 647
3 648 649 650
3 648 650 651
3 652 653 654
3 652 654 655
3 656 657 658
3 656 658 659
3 660 661 662
3 660 662 663
3 664 665 666
3 664 666 667
3 668 669 670
3 668 670 671
3 672 673 674
3 672 674 675
3 676 677 678
3 676 678 679
3 680 681 682
3 680 682 683
3 684 685 686
3 684 686 687
3 688 689 690
3 688 690 691
3 692 693 694
3 692 694 695
3 696 697 698
3 696 698 699
3 700 701 702
3 700 702 703
3 704 705 706
3 704 706 707
3 708 709 710
3 708 710 711
3 712 713 714
3 712 714 715
3 716 717 718
3 716 718 719
3 720 721 722
3 720 722 723
3 724 725 726
3 724 726 727
3 728 729 730
3 728 730 731
3 732 733 734
3 732 734 735
3 736 737 738
3 739 740 741
3 742 743 744
3 742 744 745
3 746 747 748
3 746 748 749
3 750 751 752
3 750 752 753
3 754 755 756
3 754 756 757
3 758 759 760
3 758 760 761
3 762 763 764
3 762 764 765
3 766 767 768
3 766 768 769
3 770 771 772
3 770 772 773
3 774 775 776
3 774 776 777
3 778 779 780
3 778 780 781
3 782 783 784
3 782 784 785
3 786 787 788
3 786 788 789
3 790 791 792
3 790 792 793
3 794 795 796
3 794 796 797
3 798 799 800
3 801 802 803
3 804 805 806
3 804 806 807
3 808 809 810
3 808 810 811
3 812 813 814
3 812 814 815
3 816 817 818
3 816 818 819
3 820 821 822
3 820 822 823
3 824 825 826
3 824 826 827
3 828 829 830
3 828 830 831
3 832 833 834
3 832 834 835
3 836 837 838
3 836 838 839
3 840 841 842
3 840 842 843
3 844 845 846
3 844 846 847
3 848 849 850
3 848 850 851
3 852 853 854
3 852 854 855
3 804 856 857
3 801 858 859
3 801 859 860
3 38 861 862
3 34 863 864
3 34 864 865
3 34 865 866
3 30 867 868
3 30 868 869
3 820 823 870
3 30 871 872
3 26 873 874
3 26 874 875
3 26 875 876
3 22 877 878
3 22 878 879
3 22 879 880
3 18 881 882
3 18 882 883
3 14 884 885
3 14 885 886
3 10 887 888
3 6 889 890
3 3 891 892
3 88 893 894
3 84 895 896
3 80 897 898
3 76 899 900
3 72 901 902
3 68 903 904
3 64 905 906
3 60 907 908
3 56 909 910
3 52 911 912
3 48 913 914
3 45 915 916
3 45 916 917
3 742 918 919
3 742 745 920
3 45 921 922
3 45 922 923
3 754 757 924
3 45 925 926
3 45 926 927
3 766 769 928
3 45 929 930
3 45 930 931
3 778 781 932
3 45 933 934
3 45 934 935
3 790 793 936
3 45 937 938
3 45 938 939
3 624 940 941
3 620 942 943
3 620 943 944
3 628 945 946
3 624 947 948
3 624 948 949
3 632 950 951
3 628 952 953
3 628 953 945
3 636 954 955
3 632 956 957
3 632 957 950
3 102 958 959
3 98 960 961
3 98 961 962
3 95 963 964
3 95 964 965
3 648 651 966
3 95 967 968
3 180 969 970
3 180 970 971
3 660 663 972
3 180 973 974
3 180 974 975
3 176 976 977
3 176 977 978
3 676 679 979
3 176 980 981
3 176 981 982
3 176 982 983
3 172 984 985
3 172 985 986
3 172 986 987
3 168 988 989
3 168 989 990
3 168 990 991
3 164 992 993
3 164 993 994
3 164 994 995
3 160 996 997
3 160 997 998
3 160 998 999
3 156 1000 1001
3 156 1001 1002
3 156 1002 1003
3 152 1004 1005
3 152 1005 1006
3 148 1007 1008
3 148 1008 1009
3 145 1010 1011
3 222 1012 1013
3 222 1013 1014
3 218 1015 1016
3 218 1016 1017
3 218 1017 1018
3 214 1019 1020
3 214 1020 1021
3 578 581 1022
3 214 1023 1024
3 210 1025 1026
3 210 1026 1027
3 210 1027 1028
3 206 1029 1030
3 206 1030 1031
3 206 1031 1032
3 202 1033 1034
3 202 1034 1035
3 198 1036 1037
3 198 1037 1038
3 194 1039 1040
3 190 1041 1042
3 187 1043 1044
3 272 1045 1046
3 268 1047 1048
3 264 1049 1050
3 260 1051 1052
3 256 1053 1054
3 252 1055 1056
3 248 1057 1058
3 244 1059 1060
3 240 1061 1062
3 236 1063 1064
3 232 1065 1066
3 229 1067 1068
3 229 1068 1069
3 496 1070 1071
3 496 499 1072
3 229 1073 1074
3 229 1074 1075
3 508 511 1076
3 229 1077 1078
3 229 1078 1079
3 322 1080 1081
3 322 1081 1082
3 318 1083 1084
3 314 1085 1086
3 310 1087 1088
3 306 1089 1090
3 302 1091 1092
3 298 1093 1094
3 294 1095 1096
3 290 1097 1098
3 286 1099 1100
3 282 1101 1102
3 282 1102 1103
3 279 1104 1105
3 279 1105 1106
3 512 515 1107
3 386 1108 1109
3 382 1110 1111
3 382 1111 1112
3 378 1113 1114
3 378 1114 1115
3 378 1115 1116
3 374 1117 1118
3 374 1118 1119
3 536 539 1120
3 374 1121 1122
3 371 1123 1124
3 371 1124 1125
3 548 551 1126
3 402 405 1127
3 279 1128 1129
3 364 1130 1131
3 364 1131 1132
3 414 417 1133
3 364 1134 1135
3 364 1135 1136
3 360 1137 1138
3 360 1138 1139
3 430 433 1140
3 360 1141 1142
3 360 1142 1143
3 360 1143 1144
3 356 1145 1146
3 356 1146 1147
3 356 1147 1148
3 352 1149 1150
3 352 1150 1151
3 352 1151 1152
3 348 1153 1154
3 348 1154 1155
3 348 1155 1156
3 344 1157 1158
3 344 1158 1159
3 344 1159 1160
3 340 1161 1162
3 340 1162 1163
3 340 1163 1164
3 336 1165 1166
3 336 1166 1167
3 332 1168 1169
3 126 129 1170
3 138 141 1171
3 736 1172 737
3 1173 1174 1175
3 1173 1175 1176
3 1177 1178 1179
3 1180 1181 1182
3 1183 1184 1185
3 1186 1187 1188
3 1189 1190 1191
3 1192 1193 1194
3 1195 1196 1197
3 1198 1199 1200
3 1201 1202 1203
3 1204 1205 1206
3 1207 1208 1209
3 1210 1211 1212
3 1213 1214 1215
3 614 1216 615
3 1217 1218 1219
3 1217 1219 1220
3 1221 1222 1223
3 42 1224 43
3 1225 1226 1227
3 1228 1229 1230
3 1231 1232 1233
3 1234 1235 1236
3 1237 1238 1239
3 1240 1241 1242
3 1243 1244 1245
3 1246 1247 1248
3 1249 1250 1251
3 1252 1253 1254
3 1255 1256 1257
3 0 1258 1
3 1259 1260 1261
3 1262 1263 1264
3 1265 1266 1267
3 1265 1267 1268
3 1269 1270 1271
3 1269 1271 1272
3 1273 1274 1275
3 1273 1275 1276
3 1273 1276 1277
3 1278 1279 1280
3 1278 1280 1281
3 1278 1281 1282
3 1283 1284 1285
3 1283 1285 1286
3 1287 1288 1289
3 1283 1290 1291
3 1292 1293 1294
3 1292 1294 1295
3 1292 1295 1296
3 1297 1298 1299
3 1297 1299 1300
3 326 1301 327
3 1302 1303 1304
3 1302 1304 1305
3 1306 1307 1308
3 1306 1308 1309
3 1310 1311 1312
3 1310 1312 1313
3 1310 1313 1314
3 1315 1316 1317
3 1315 1317 1318
3 1315 1318 1319
3 1320 1321 1322
3 1320 1322 1323
3 1320 1323 1324
3 1325 1326 1327
3 1325 1327 1328
3 1325 1328 1329
3 1330 1331 1332
3 1330 1332 1333
3 1330 1333 1334
3 1335 1336 1337
3 1335 1337 1338
3 1339 1340 1341
3 1335 1342 1343
3 1335 1343 1344
3 1335 1344 1345
3 1346 1347 1348
3 1346 1348 1349
3 1350 1351 1352
3 1346 1353 1354
3 1346 1354 1355
3 276 1356 1357
3 276 1357 1358
3 1359 1360 1361
3 276 1362 277
3 1363 1364 1365
3 1363 1365 1366
3 1367 1368 1369
3 1367 1369 1370
3 1371 1372 1373
3 1374 1375 1376
3 1374 1376 1377
3 1378 1379 1380
3 1381 1382 1383
3 1381 1383 1384
3 1385 1386 1387
3 1388 1389 1390
3 1391 1392 1393
3 1391 1393 1394
3 1395 1396 1397
3 1398 1399 1400
3 226 1401 1402
3 226 1402 1403
3 1404 1405 1406
3 226 1407 1408
3 226 1408 1409
3 1410 1411 1412
3 226 1413 1414
3 226 1414 1415
3 1416 1417 1418
3 226 1419 1420
3 226 1420 1421
3 1422 1423 1424
3 226 1425 1426
3 226 1426 1427
3 1428 1429 1430
3 226 1431 1432
3 226 1432 1433
3 1434 1435 1436
3 1434 1437 1438
3 226 1439 227
3 1440 1441 1442
3 1443 1444 1445
3 1446 1447 1448
3 1449 1450 1451
3 1452 1453 1454
3 1455 1456 1457
3 1455 1457 1458
3 1459 1460 1461
3 1462 1463 1464
3 1465 1466 1467
3 1468 1469 1470
3 1468 1470 1471
3 1472 1473 1474
3 184 1475 1476
3 184 1476 1477
3 184 1477 185
3 1478 1479 1480
3 1478 1480 1481
3 1482 1483 1484
3 1482 1484 1485
3 1486 1487 1488
3 1489 1490 1491
3 1489 1491 1492
3 1493 1494 1495
3 1496 1497 1498
3 1496 1498 1499
3 1496 1499 1500
3 1501 1502 1503
3 1501 1503 1504
3 1505 1506 1507
3 1505 1507 1508
3 1509 1510 1511
3 142 1512 1513
3 142 1513 143
3 1514 1515 1516
3 1514 1516 1517
3 1518 1519 1520
3 1521 1522 1523
3 1521 1523 1524
3 1525 1526 1527
3 1528 1529 1530
3 1528 1530 1531
3 1532 1533 1534
3 1535 1536 1537
3 1535 1537 1538
3 1539 1540 1541
3 1542 1543 1544
3 1542 1544 1545
3 1546 1547 1548
3 1542 1549 1550
3 1542 1550 1551
3 1552 1553 1554
3 1542 1555 1556
3 1542 1556 1557
3 1558 1559 1560
3 1558 1560 1561
3 1562 1563 1564
3 1558 1565 1566
3 1558 1566 1567
3 1568 1569 1570
3 1558 1571 1572
3 1558 1572 1573
3 1574 1575 1576
3 1558 1577 1578
3 92 1579 1580
3 92 1580 1581
3 1582 1583 1584
3 92 1585 93
3 1586 1587 1588
3 1586 1588 1589
3 1590 1591 1592
3 1590 1592 1593
3 1594 1595 1596
3 1597 1598 1599
3 1597 1599 1600
3 1601 1602 1603
3 1604 1605 1606
3 1604 1606 1607
3 1608 1609 1610
3 1611 1612 1613
3 1614 1615 1616
3 1614 1616 1617
3 1618 1619 1620
3 1621 1622 1618
3 1617 1623 1621
3 1618 1622 1619
3 1622 1624 1619
3 1621 1623 1622
3 1623 1625 1622
3 1622 1625 1624
3 1625 1220 1624
3 1617 1616 1623
3 1616 1626 1623
3 1623 1626 1625
3 1626 1627 1625
3 1625 1627 1220
3 1627 1217 1220
3 1627 1628 1217
3 1626 1629 1627
3 1616 1630 1626
3 1627 1629 1628
3 1629 1631 1628
3 1626 1630 1629
3 1630 1632 1629
3 1629 1632 1631
3 1632 1633 1631
3 1616 1615 1630
3 1615 1634 1630
3 1630 1634 1632
3 1634 1635 1632
3 1632 1635 1633
3 1635 1636 1633
3 1637 1615 1614
3 1638 1639 1637
3 1613 1640 1638
3 1637 1639 1615
3 1639 1634 1615
3 1638 1640 1639
3 1640 1641 1639
3 1639 1641 1634
3 1641 1635 1634
3 1613 1612 1640
3 1612 1642 1640
3 1640 1642 1641
3 1642 1643 1641
3 1641 1643 1635
3 1643 1636 1635
3 1644 1612 1611
3 1645 1646 1644
3 1610 1647 1645
3 1644 1646 1612
3 1646 1642 1612
3 1645 1647 1646
3 1647 1648 1646
3 1646 1648 1642
3 1648 1643 1642
3 1610 1609 1647
3 1609 1649 1647
3 1647 1649 1648
3 1649 1650 1648
3 1648 1650 1643
3 1650 1636 1643
3 1651 1609 1608
3 1652 1653 1651
3 1607 1654 1652
3 1651 1653 1609
3 1653 1649 1609
3 1652 1654 1653
3 1654 1655 1653
3 1653 1655 1649
3 1655 1650 1649
3 1607 1606 1654
3 1606 1656 1654
3 1654 1656 1655
3 1656 1657 1655
3 1655 1657 1650
3 1657 1636 1650
3 1657 1658 1636
3 1656 1659 1657
3 1606 1660 1656
3 1657 1659 1658
3 1659 1661 1658
3 1656 1660 1659
3 1660 1662 1659
3 1659 1662 1661
3 1662 1663 1661
3 1606 1605 1660
3 1605 1664 1660
3 1660 1664 1662
3 1664 1665 1662
3 1662 1665 1663
3 1665 1666 1663
3 1667 1605 1604
3 1668 1669 1667
3 1603 1670 1668
3 1667 1669 1605
3 1669 1664 1605
3 1668 1670 1669
3 1670 1671 1669
3 1669 1671 1664
3 1671 1665 1664
3 1603 1602 1670
3 1602 1672 1670
3 1670 1672 1671
3 1672 1673 1671
3 1671 1673 1665
3 1673 1666 1665
3 1674 1602 1601
3 1675 1676 1674
3 1600 1677 1675
3 1674 1676 1602
3 1676 1672 1602
3 1675 1677 1676
3 1677 1678 1676
3 1676 1678 1672
3 1678 1673 1672
3 1600 1599 1677
3 1599 1679 1677
3 1677 1679 1678
3 1679 1680 1678
3 1678 1680 1673
3 1680 1666 1673
3 1680 1681 1666
3 1679 1682 1680
3 1599 1683 1679
3 1680 1682 1681
3 1682 1684 1681
3 1679 1683 1682
3 1683 1685 1682
3 1682 1685 1684
3 1685 1686 1684
3 1599 1598 1683
3 1598 1687 1683
3 1683 1687 1685
3 1687 1688 1685
3 1685 1688 1686
3 1688 1689 1686
3 1690 1598 1597
3 1691 1692 1690
3 1596 1693 1691
3 1690 1692 1598
3 1692 1687 1598
3 1691 1693 1692
3 1693 1694 1692
3 1692 1694 1687
3 1694 1688 1687
3 1596 1595 1693
3 1595 1695 1693
3 1693 1695 1694
3 1695 1696 1694
3 1694 1696 1688
3 1696 1689 1688
3 1697 1595 1594
3 1698 1699 1697
3 1593 1700 1698
3 1697 1699 1595
3 1699 1695 1595
3 1698 1700 1699
3 1700 1701 1699
3 1699 1701 1695
3 1701 1696 1695
3 1593 1592 1700
3 1592 1702 1700
3 1700 1702 1701
3 1702 1703 1701
3 1701 1703 1696
3 1703 1689 1696
3 1703 1704 1689
3 1702 1705 1703
3 1592 1706 1702
3 1703 1705 1704
3 1705 1707 1704
3 1702 1706 1705
3 1706 1708 1705
3 1705 1708 1707
3 1708 1709 1707
3 1592 1591 1706
3 1591 1710 1706
3 1706 1710 1708
3 1710 1711 1708
3 1708 1711 1709
3 1711 1712 1709
3 1713 1591 1590
3 1714 1715 1713
3 1589 1716 1714
3 1713 1715 1591
3 1715 1710 1591
3 1714 1716 1715
3 1716 1717 1715
3 1715 1717 1710
3 1717 1711 1710
3 1589 1588 1716
3 1588 1718 1716
3 1716 1718 1717
3 1718 1719 1717
3 1717 1719 1711
3 1719 1712 1711
3 1719 1720 1712
3 1718 1721 1719
3 1588 1722 1718
3 1719 1721 1720
3 1721 1723 1720
3 1718 1722 1721
3 1722 1724 1721
3 1721 1724 1723
3 1724 1725 1723
3 1588 1587 1722
3 1587 1726 1722
3 1722 1726 1724
3 1726 1727 1724
3 1724 1727 1725
3 1727 1728 1725
3 1729 1587 1586
3 1730 1731 1729
3 93 1732 1730
3 1729 1731 1587
3 1731 1726 1587
3 1730 1732 1731
3 1732 1733 1731
3 1731 1733 1726
3 1733 1727 1726
3 93 1585 1732
3 1585 1734 1732
3 1732 1734 1733
3 1734 1735 1733
3 1733 1735 1727
3 1735 1728 1727
3 1581 1585 92
3 1736 1737 1581
3 1584 1738 1736
3 1581 1737 1585
3 1737 1734 1585
3 1736 1738 1737
3 1738 1739 1737
3 1737 1739 1734
3 1739 1735 1734
3 1584 1583 1738
3 1583 1740 1738
3 1738 1740 1739
3 1740 1741 1739
3 1739 1741 1735
3 1741 1728 1735
3 1584 1742 1582
3 1736 1743 1584
3 1581 1744 1736
3 1584 1743 1742
3 1743 1745 1742
3 1736 1744 1743
3 1744 1746 1743
3 1743 1746 1745
3 1746 1747 1745
3 1581 1580 1744
3 1580 1748 1744
3 1744 1748 1746
3 1748 1749 1746
3 1746 1749 1747
3 1749 1750 1747
3 1749 1751 1750
3 1748 1752 1749
3 1580 1753 1748
3 1749 1752 1751
3 1752 1754 1751
3 1748 1753 1752
3 1753 1755 1752
3 1752 1755 1754
3 1755 1756 1754
3 1580 1579 1753
3 1579 1757 1753
3 1753 1757 1755
3 1757 1758 1755
3 1755 1758 1756
3 1758 1759 1756
3 1760 1579 92
3 1761 1762 1760
3 1578 1763 1761
3 1760 1762 1579
3 1762 1757 1579
3 1761 1763 1762
3 1763 1764 1762
3 1762 1764 1757
3 1764 1758 1757
3 1578 1577 1763
3 1577 1765 1763
3 1763 1765 1764
3 1765 1766 1764
3 1764 1766 1758
3 1766 1759 1758
3 1573 1577 1558
3 1767 1768 1573
3 1576 1769 1767
3 1573 1768 1577
3 1768 1765 1577
3 1767 1769 1768
3 1769 1770 1768
3 1768 1770 1765
3 1770 1766 1765
3 1576 1575 1769
3 1575 1771 1769
3 1769 1771 1770
3 1771 1772 1770
3 1770 1772 1766
3 1772 1759 1766
3 1576 1773 1574
3 1767 1774 1576
3 1573 1775 1767
3 1576 1774 1773
3 1774 1776 1773
3 1767 1775 1774
3 1775 1777 1774
3 1774 1777 1776
3 1777 1778 1776
3 1573 1572 1775
3 1572 1779 1775
3 1775 1779 1777
3 1779 1780 1777
3 1777 1780 1778
3 1780 1781 1778
3 1780 1782 1781
3 1779 1783 1780
3 1572 1784 1779
3 1780 1783 1782
3 1783 1785 1782
3 1779 1784 1783
3 1784 1786 1783
3 1783 1786 1785
3 1786 1787 1785
3 1572 1571 1784
3 1571 1788 1784
3 1784 1788 1786
3 1788 1789 1786
3 1786 1789 1787
3 1789 1790 1787
3 1567 1571 1558
3 1791 1792 1567
3 1570 1793 1791
3 1567 1792 1571
3 1792 1788 1571
3 1791 1793 1792
3 1793 1794 1792
3 1792 1794 1788
3 1794 1789 1788
3 1570 1569 1793
3 1569 1795 1793
3 1793 1795 1794
3 1795 1796 1794
3 1794 1796 1789
3 1796 1790 1789
3 1570 1797 1568
3 1791 1798 1570
3 1567 1799 1791
3 1570 1798 1797
3 1798 1800 1797
3 1791 1799 1798
3 1799 1801 1798
3 1798 1801 1800
3 1801 1802 1800
3 1567 1566 1799
3 1566 1803 1799
3 1799 1803 1801
3 1803 1804 1801
3 1801 1804 1802
3 1804 1805 1802
3 1804 1806 1805
3 1803 1807 1804
3 1566 1808 1803
3 1804 1807 1806
3 1807 1809 1806
3 1803 1808 1807
3 1808 1810 1807
3 1807 1810 1809
3 1810 1811 1809
3 1566 1565 1808
3 1565 1812 1808
3 1808 1812 1810
3 1812 1813 1810
3 1810 1813 1811
3 1813 1814 1811
3 1561 1565 1558
3 1815 1816 1561
3 1564 1817 1815
3 1561 1816 1565
3 1816 1812 1565
3 1815 1817 1816
3 1817 1818 1816
3 1816 1818 1812
3 1818 1813 1812
3 1564 1563 1817
3 1563 1819 1817
3 1817 1819 1818
3 1819 1820 1818
3 1818 1820 1813
3 1820 1814 1813
3 1564 1821 1562
3 1815 1822 1564
3 1561 1823 1815
3 1564 1822 1821
3 1822 1824 1821
3 1815 1823 1822
3 1823 1825 1822
3 1822 1825 1824
3 1825 1826 1824
3 1561 1560 1823
3 1560 1827 1823
3 1823 1827 1825
3 1827 1828 1825
3 1825 1828 1826
3 1828 1829 1826
3 1828 1830 1829
3 1827 1831 1828
3 1560 1832 1827
3 1828 1831 1830
3 1831 1833 1830
3 1827 1832 1831
3 1832 1834 1831
3 1831 1834 1833
3 1834 1835 1833
3 1560 1559 1832
3 1559 1836 1832
3 1832 1836 1834
3 1836 1837 1834
3 1834 1837 1835
3 1837 1838 1835
3 1839 1559 1558
3 1840 1841 1839
3 1557 1842 1840
3 1839 1841 1559
3 1841 1836 1559
3 1840 1842 1841
3 1842 1843 1841
3 1841 1843 1836
3 1843 1837 1836
3 1557 1556 1842
3 1556 1844 1842
3 1842 1844 1843
3 1844 1845 1843
3 1843 1845 1837
3 1845 1838 1837
3 1845 1846 1838
3 1844 1847 1845
3 1556 1848 1844
3 1845 1847 1846
3 1847 1849 1846
3 1844 1848 1847
3 1848 1850 1847
3 1847 1850 1849
3 1850 1851 1849
3 1556 1555 1848
3 1555 1852 1848
3 1848 1852 1850
3 1852 1853 1850
3 1850 1853 1851
3 1853 1854 1851
3 1551 1555 1542
3 1855 1856 1551
3 1554 1857 1855
3 1551 1856 1555
3 1856 1852 1555
3 1855 1857 1856
3 1857 1858 1856
3 1856 1858 1852
3 1858 1853 1852
3 1554 1553 1857
3 1553 1859 1857
3 1857 1859 1858
3 1859 1860 1858
3 1858 1860 1853
3 1860 1854 1853
3 1554 1861 1552
3 1855 1862 1554
3 1551 1863 1855
3 1554 1862 1861
3 1862 1864 1861
3 1855 1863 1862
3 1863 1865 1862
3 1862 1865 1864
3 1865 1866 1864
3 1551 1550 1863
3 1550 1867 1863
3 1863 1867 1865
3 1867 1868 1865
3 1865 1868 1866
3 1868 1869 1866
3 1868 1870 1869
3 1867 1871 1868
3 1550 1872 1867
3 1868 1871 1870
3 1871 1873 1870
3 1867 1872 1871
3 1872 1874 1871
3 1871 1874 1873
3 1874 1875 1873
3 1550 1549 1872
3 1549 1876 1872
3 1872 1876 1874
3 1876 1877 1874
3 1874 1877 1875
3 1877 1878 1875
3 1545 1549 1542
3 1879 1880 1545
3 1548 1881 1879
3 1545 1880 1549
3 1880 1876 1549
3 1879 1881 1880
3 1881 1882 1880
3 1880 1882 1876
3 1882 1877 1876
3 1548 1547 1881
3 1547 1883 1881
3 1881 1883 1882
3 1883 1884 1882
3 1882 1884 1877
3 1884 1878 1877
3 1548 1885 1546
3 1879 1886 1548
3 1545 1887 1879
3 1548 1886 1885
3 1886 1888 1885
3 1879 1887 1886
3 1887 1889 1886
3 1886 1889 1888
3 1889 1890 1888
3 1545 1544 1887
3 1544 1891 1887
3 1887 1891 1889
3 1891 1892 1889
3 1889 1892 1890
3 1892 1893 1890
3 1892 1894 1893
3 1891 1895 1892
3 1544 1896 1891
3 1892 1895 1894
3 1895 1897 1894
3 1891 1896 1895
3 1896 1898 1895
3 1895 1898 1897
3 1898 1899 1897
3 1544 1543 1896
3 1543 1900 1896
3 1896 1900 1898
3 1900 1901 1898
3 1898 1901 1899
3 1901 1902 1899
3 1903 1543 1542
3 1904 1905 1903
3 1541 1906 1904
3 1903 1905 1543
3 1905 1900 1543
3 1904 1906 1905
3 1906 1907 1905
3 1905 1907 1900
3 1907 1901 1900
3 1541 1540 1906
3 1540 1908 1906
3 1906 1908 1907
3 1908 1909 1907
3 1907 1909 1901
3 1909 1902 1901
3 1910 1540 1539
3 1911 1912 1910
3 1538 1913 1911
3 1910 1912 1540
3 1912 1908 1540
3 1911 1913 1912
3 1913 1914 1912
3 1912 1914 1908
3 1914 1909 1908
3 1538 1537 1913
3 1537 1915 1913
3 1913 1915 1914
3 1915 1916 1914
3 1914 1916 1909
3 1916 1902 1909
3 1916 1917 1902
3 1915 1918 1916
3 1537 1919 1915
3 1916 1918 1917
3 1918 1920 1917
3 1915 1919 1918
3 1919 1921 1918
3 1918 1921 1920
3 1921 1922 1920
3 1537 1536 1919
3 1536 1923 1919
3 1919 1923 1921
3 1923 1924 1921
3 1921 1924 1922
3 1924 1525 1922
3 1925 1536 1535
3 1926 1927 1925
3 1534 1928 1926
3 1925 1927 1536
3 1927 1923 1536
3 1926 1928 1927
3 1928 1929 1927
3 1927 1929 1923
3 1929 1924 1923
3 1534 1533 1928
3 1533 1930 1928
3 1928 1930 1929
3 1930 1526 1929
3 1929 1526 1924
3 1526 1525 1924
3 1524 1931 1521
3 1932 1933 1524
3 1531 1934 1932
3 1524 1933 1931
3 1933 1935 1931
3 1932 1934 1933
3 1934 1936 1933
3 1933 1936 1935
3 1936 1937 1935
3 1531 1530 1934
3 1530 1938 1934
3 1934 1938 1936
3 1938 1939 1936
3 1936 1939 1937
3 1939 1940 1937
3 1939 1941 1940
3 1938 1942 1939
3 1530 1943 1938
3 1939 1942 1941
3 1942 1944 1941
3 1938 1943 1942
3 1943 1945 1942
3 1942 1945 1944
3 1945 1946 1944
3 1530 1529 1943
3 1529 1947 1943
3 1943 1947 1945
3 1947 1948 1945
3 1945 1948 1946
3 1948 1532 1946
3 1949 1529 1528
3 1950 1951 1949
3 1527 1952 1950
3 1949 1951 1529
3 1951 1947 1529
3 1950 1952 1951
3 1952 1953 1951
3 1951 1953 1947
3 1953 1948 1947
3 1527 1526 1952
3 1526 1930 1952
3 1952 1930 1953
3 1930 1533 1953
3 1953 1533 1948
3 1533 1532 1948
3 1531 1954 1528
3 1932 1955 1531
3 1524 1956 1932
3 1531 1955 1954
3 1955 1957 1954
3 1932 1956 1955
3 1956 1958 1955
3 1955 1958 1957
3 1958 1959 1957
3 1524 1523 1956
3 1523 1960 1956
3 1956 1960 1958
3 1960 1961 1958
3 1958 1961 1959
3 1961 1962 1959
3 1961 1963 1962
3 1960 1964 1961
3 1523 1965 1960
3 1961 1964 1963
3 1964 1966 1963
3 1960 1965 1964
3 1965 1967 1964
3 1964 1967 1966
3 1967 1968 1966
3 1523 1522 1965
3 1522 1969 1965
3 1965 1969 1967
3 1969 1970 1967
3 1967 1970 1968
3 1970 1971 1968
3 1972 1522 1521
3 1973 1974 1972
3 1520 1975 1973
3 1972 1974 1522
3 1974 1969 1522
3 1973 1975 1974
3 1975 1976 1974
3 1974 1976 1969
3 1976 1970 1969
3 1520 1519 1975
3 1519 1977 1975
3 1975 1977 1976
3 1977 1978 1976
3 1976 1978 1970
3 1978 1971 1970
3 1979 1519 1518
3 1980 1981 1979
3 1517 1982 1980
3 1979 1981 1519
3 1981 1977 1519
3 1980 1982 1981
3 1982 1983 1981
3 1981 1983 1977
3 1983 1978 1977
3 1517 1516 1982
3 1516 1984 1982
3 1982 1984 1983
3 1984 1985 1983
3 1983 1985 1978
3 1985 1971 1978
3 1985 1986 1971
3 1984 1987 1985
3 1516 1988 1984
3 1985 1987 1986
3 1987 1989 1986
3 1984 1988 1987
3 1988 1990 1987
3 1987 1990 1989
3 1990 1991 1989
3 1516 1515 1988
3 1515 1992 1988
3 1988 1992 1990
3 1992 1993 1990
3 1990 1993 1991
3 1993 556 1991
3 1994 1515 1514
3 1995 1996 1994
3 143 1997 1995
3 1994 1996 1515
3 1996 1992 1515
3 1995 1997 1996
3 1997 1998 1996
3 1996 1998 1992
3 1998 1993 1992
3 143 1513 1997
3 1513 1999 1997
3 1997 1999 1998
3 1999 2000 1998
3 1998 2000 1993
3 2000 556 1993
3 2000 557 556
3 1999 2001 2000
3 1513 2002 1999
3 2000 2001 557
3 2001 2003 557
3 1999 2002 2001
3 2002 2004 2001
3 2001 2004 2003
3 2004 2005 2003
3 1513 1512 2002
3 1512 2006 2002
3 2002 2006 2004
3 2006 2007 2004
3 2004 2007 2005
3 2007 2008 2005
3 2009 1512 142
3 2010 2011 2009
3 1511 2012 2010
3 2009 2011 1512
3 2011 2006 1512
3 2010 2012 2011
3 2012 2013 2011
3 2011 2013 2006
3 2013 2007 2006
3 1511 1510 2012
3 1510 2014 2012
3 2012 2014 2013
3 2014 2015 2013
3 2013 2015 2007
3 2015 2008 2007
3 2016 1510 1509
3 2017 2018 2016
3 1508 2019 2017
3 2016 2018 1510
3 2018 2014 1510
3 2017 2019 2018
3 2019 2020 2018
3 2018 2020 2014
3 2020 2015 2014
3 1508 1507 2019
3 1507 2021 2019
3 2019 2021 2020
3 2021 2022 2020
3 2020 2022 2015
3 2022 2008 2015
3 2022 2023 2008
3 2021 2024 2022
3 1507 2025 2021
3 2022 2024 2023
3 2024 2026 2023
3 2021 2025 2024
3 2025 2027 2024
3 2024 2027 2026
3 2027 2028 2026
3 1507 1506 2025
3 1506 2029 2025
3 2025 2029 2027
3 2029 2030 2027
3 2027 2030 2028
3 2030 2031 2028
3 2032 1506 1505
3 2033 2034 2032
3 1504 2035 2033
3 2032 2034 1506
3 2034 2029 1506
3 2033 2035 2034
3 2035 2036 2034
3 2034 2036 2029
3 2036 2030 2029
3 1504 1503 2035
3 1503 2037 2035
3 2035 2037 2036
3 2037 2038 2036
3 2036 2038 2030
3 2038 2031 2030
3 2038 2039 2031
3 2037 2040 2038
3 1503 2041 2037
3 2038 2040 2039
3 2040 2042 2039
3 2037 2041 2040
3 2041 2043 2040
3 2040 2043 2042
3 2043 2044 2042
3 1503 1502 2041
3 1502 2045 2041
3 2041 2045 2043
3 2045 2046 2043
3 2043 2046 2044
3 2046 2047 2044
3 2048 1502 1501
3 2049 2050 2048
3 1500 2051 2049
3 2048 2050 1502
3 2050 2045 1502
3 2049 2051 2050
3 2051 2052 2050
3 2050 2052 2045
3 2052 2046 2045
3 1500 1499 2051
3 1499 2053 2051
3 2051 2053 2052
3 2053 2054 2052
3 2052 2054 2046
3 2054 2047 2046
3 2054 2055 2047
3 2053 2056 2054
3 1499 2057 2053
3 2054 2056 2055
3 2056 2058 2055
3 2053 2057 2056
3 2057 2059 2056
3 2056 2059 2058
3 2059 2060 2058
3 1499 1498 2057
3 1498 2061 2057
3 2057 2061 2059
3 2061 2062 2059
3 2059 2062 2060
3 2062 2063 2060
3 2062 2064 2063
3 2061 2065 2062
3 1498 2066 2061
3 2062 2065 2064
3 2065 2067 2064
3 2061 2066 2065
3 2066 2068 2065
3 2065 2068 2067
3 2068 2069 2067
3 1498 1497 2066
3 1497 2070 2066
3 2066 2070 2068
3 2070 2071 2068
3 2068 2071 2069
3 2071 2072 2069
3 2073 1497 1496
3 2074 2075 2073
3 1495 2076 2074
3 2073 2075 1497
3 2075 2070 1497
3 2074 2076 2075
3 2076 2077 2075
3 2075 2077 2070
3 2077 2071 2070
3 1495 1494 2076
3 1494 2078 2076
3 2076 2078 2077
3 2078 2079 2077
3 2077 2079 2071
3 2079 2072 2071
3 2080 1494 1493
3 2081 2082 2080
3 1492 2083 2081
3 2080 2082 1494
3 2082 2078 1494
3 2081 2083 2082
3 2083 2084 2082
3 2082 2084 2078
3 2084 2079 2078
3 1492 1491 2083
3 1491 2085 2083
3 2083 2085 2084
3 2085 2086 2084
3 2084 2086 2079
3 2086 2072 2079
3 2086 2087 2072
3 2085 2088 2086
3 1491 2089 2085
3 2086 2088 2087
3 2088 2090 2087
3 2085 2089 2088
3 2089 2091 2088
3 2088 2091 2090
3 2091 2092 2090
3 1491 1490 2089
3 1490 2093 2089
3 2089 2093 2091
3 2093 2094 2091
3 2091 2094 2092
3 2094 2095 2092
3 2096 1490 1489
3 2097 2098 2096
3 1488 2099 2097
3 2096 2098 1490
3 2098 2093 1490
3 2097 2099 2098
3 2099 2100 2098
3 2098 2100 2093
3 2100 2094 2093
3 1488 1487 2099
3 1487 2101 2099
3 2099 2101 2100
3 2101 2102 2100
3 2100 2102 2094
3 2102 2095 2094
3 2103 1487 1486
3 2104 2105 2103
3 1485 2106 2104
3 2103 2105 1487
3 2105 2101 1487
3 2104 2106 2105
3 2106 2107 2105
3 2105 2107 2101
3 2107 2102 2101
3 1485 1484 2106
3 1484 2108 2106
3 2106 2108 2107
3 2108 2109 2107
3 2107 2109 2102
3 2109 2095 2102
3 2109 2110 2095
3 2108 2111 2109
3 1484 2112 2108
3 2109 2111 2110
3 2111 2113 2110
3 2108 2112 2111
3 2112 2114 2111
3 2111 2114 2113
3 2114 2115 2113
3 1484 1483 2112
3 1483 2116 2112
3 2112 2116 2114
3 2116 2117 2114
3 2114 2117 2115
3 2117 2118 2115
3 2119 1483 1482
3 2120 2121 2119
3 1481 2122 2120
3 2119 2121 1483
3 2121 2116 1483
3 2120 2122 2121
3 2122 2123 2121
3 2121 2123 2116
3 2123 2117 2116
3 1481 1480 2122
3 1480 2124 2122
3 2122 2124 2123
3 2124 2125 2123
3 2123 2125 2117
3 2125 2118 2117
3 2125 2126 2118
3 2124 2127 2125
3 1480 2128 2124
3 2125 2127 2126
3 2127 2129 2126
3 2124 2128 2127
3 2128 2130 2127
3 2127 2130 2129
3 2130 2131 2129
3 1480 1479 2128
3 1479 2132 2128
3 2128 2132 2130
3 2132 2133 2130
3 2130 2133 2131
3 2133 2134 2131
3 2135 1479 1478
3 2136 2137 2135
3 185 2138 2136
3 2135 2137 1479
3 2137 2132 1479
3 2136 2138 2137
3 2138 2139 2137
3 2137 2139 2132
3 2139 2133 2132
3 185 1477 2138
3 1477 2140 2138
3 2138 2140 2139
3 2140 2141 2139
3 2139 2141 2133
3 2141 2134 2133
3 2141 2142 2134
3 2140 2143 2141
3 1477 2144 2140
3 2141 2143 2142
3 2143 2145 2142
3 2140 2144 2143
3 2144 2146 2143
3 2143 2146 2145
3 2146 2147 2145
3 1477 1476 2144
3 1476 2148 2144
3 2144 2148 2146
3 2148 2149 2146
3 2146 2149 2147
3 2149 2150 2147
3 2149 2151 2150
3 2148 2152 2149
3 1476 2153 2148
3 2149 2152 2151
3 2152 2154 2151
3 2148 2153 2152
3 2153 2155 2152
3 2152 2155 2154
3 2155 2156 2154
3 1476 1475 2153
3 1475 2157 2153
3 2153 2157 2155
3 2157 2158 2155
3 2155 2158 2156
3 2158 2159 2156
3 2160 1475 184
3 2161 2162 2160
3 1474 2163 2161
3 2160 2162 1475
3 2162 2157 1475
3 2161 2163 2162
3 2163 2164 2162
3 2162 2164 2157
3 2164 2158 2157
3 1474 1473 2163
3 1473 2165 2163
3 2163 2165 2164
3 2165 2166 2164
3 2164 2166 2158
3 2166 2159 2158
3 2167 1473 1472
3 2168 2169 2167
3 1471 2170 2168
3 2167 2169 1473
3 2169 2165 1473
3 2168 2170 2169
3 2170 2171 2169
3 2169 2171 2165
3 2171 2166 2165
3 1471 1470 2170
3 1470 2172 2170
3 2170 2172 2171
3 2172 2173 2171
3 2171 2173 2166
3 2173 2159 2166
3 2173 2174 2159
3 2172 2175 2173
3 1470 2176 2172
3 2173 2175 2174
3 2175 2177 2174
3 2172 2176 2175
3 2176 2178 2175
3 2175 2178 2177
3 2178 2179 2177
3 1470 1469 2176
3 1469 2180 2176
3 2176 2180 2178
3 2180 2181 2178
3 2178 2181 2179
3 2181 2182 2179
3 2183 1469 1468
3 2184 2185 2183
3 1467 2186 2184
3 2183 2185 1469
3 2185 2180 1469
3 2184 2186 2185
3 2186 2187 2185
3 2185 2187 2180
3 2187 2181 2180
3 1467 1466 2186
3 1466 2188 2186
3 2186 2188 2187
3 2188 2189 2187
3 2187 2189 2181
3 2189 2182 2181
3 2190 1466 1465
3 2191 2192 2190
3 1464 2193 2191
3 2190 2192 1466
3 2192 2188 1466
3 2191 2193 2192
3 2193 2194 2192
3 2192 2194 2188
3 2194 2189 2188
3 1464 1463 2193
3 1463 2195 2193
3 2193 2195 2194
3 2195 2196 2194
3 2194 2196 2189
3 2196 2182 2189
3 2197 1463 1462
3 2198 2199 2197
3 1461 2200 2198
3 2197 2199 1463
3 2199 2195 1463
3 2198 2200 2199
3 2200 2201 2199
3 2199 2201 2195
3 2201 2196 2195
3 1461 1460 2200
3 1460 2202 2200
3 2200 2202 2201
3 2202 2203 2201
3 2201 2203 2196
3 2203 2182 2196
3 2204 1460 1459
3 2205 2206 2204
3 1458 2207 2205
3 2204 2206 1460
3 2206 2202 1460
3 2205 2207 2206
3 2207 2208 2206
3 2206 2208 2202
3 2208 2203 2202
3 1458 1457 2207
3 1457 2209 2207
3 2207 2209 2208
3 2209 2210 2208
3 2208 2210 2203
3 2210 2182 2203
3 2210 2211 2182
3 2209 2212 2210
3 1457 2213 2209
3 2210 2212 2211
3 2212 2214 2211
3 2209 2213 2212
3 2213 2215 2212
3 2212 2215 2214
3 2215 2216 2214
3 1457 1456 2213
3 1456 2217 2213
3 2213 2217 2215
3 2217 2218 2215
3 2215 2218 2216
3 2218 2219 2216
3 2220 1456 1455
3 2221 2222 2220
3 1454 2223 2221
3 2220 2222 1456
3 2222 2217 1456
3 2221 2223 2222
3 2223 2224 2222
3 2222 2224 2217
3 2224 2218 2217
3 1454 1453 2223
3 1453 2225 2223
3 2223 2225 2224
3 2225 2226 2224
3 2224 2226 2218
3 2226 2219 2218
3 2227 1453 1452
3 2228 2229 2227
3 1451 2230 2228
3 2227 2229 1453
3 2229 2225 1453
3 2228 2230 2229
3 2230 2231 2229
3 2229 2231 2225
3 2231 2226 2225
3 1451 1450 2230
3 1450 2232 2230
3 2230 2232 2231
3 2232 2233 2231
3 2231 2233 2226
3 2233 2219 2226
3 2234 1450 1449
3 2235 2236 2234
3 1448 2237 2235
3 2234 2236 1450
3 2236 2232 1450
3 2235 2237 2236
3 2237 2238 2236
3 2236 2238 2232
3 2238 2233 2232
3 1448 1447 2237
3 1447 2239 2237
3 2237 2239 2238
3 2239 2240 2238
3 2238 2240 2233
3 2240 2219 2233
3 2241 1447 1446
3 2242 2243 2241
3 1445 2244 2242
3 2241 2243 1447
3 2243 2239 1447
3 2242 2244 2243
3 2244 2245 2243
3 2243 2245 2239
3 2245 2240 2239
3 1445 1444 2244
3 1444 2246 2244
3 2244 2246 2245
3 2246 2247 2245
3 2245 2247 2240
3 2247 2219 2240
3 2248 1444 1443
3 2249 2250 2248
3 1442 2251 2249
3 2248 2250 1444
3 2250 2246 1444
3 2249 2251 2250
3 2251 2252 2250
3 2250 2252 2246
3 2252 2247 2246
3 1442 1441 2251
3 1441 2253 2251
3 2251 2253 2252
3 2253 2254 2252
3 2252 2254 2247
3 2254 2219 2247
3 2255 1441 1440
3 2256 2257 2255
3 227 2258 2256
3 2255 2257 1441
3 2257 2253 1441
3 2256 2258 2257
3 2258 2259 2257
3 2257 2259 2253
3 2259 2254 2253
3 227 1439 2258
3 1439 2260 2258
3 2258 2260 2259
3 2260 2261 2259
3 2259 2261 2254
3 2261 2219 2254
3 1433 1439 226
3 2262 2263 1433
3 1438 2264 2262
3 1433 2263 1439
3 2263 2260 1439
3 2262 2264 2263
3 2264 2265 2263
3 2263 2265 2260
3 2265 2261 2260
3 1438 1437 2264
3 1437 2266 2264
3 2264 2266 2265
3 2266 2267 2265
3 2265 2267 2261
3 2267 2219 2261
3 2268 491 490
3 2269 2270 2268
3 1436 2271 2269
3 2268 2270 491
3 2270 2272 491
3 2269 2271 2270
3 2271 2273 2270
3 2270 2273 2272
3 2273 2274 2272
3 1436 1435 2271
3 1435 2275 2271
3 2271 2275 2273
3 2275 2276 2273
3 2273 2276 2274
3 2276 2277 2274
3 1438 1435 1434
3 2262 2278 1438
3 1433 2279 2262
3 1438 2278 1435
3 2278 2275 1435
3 2262 2279 2278
3 2279 2280 2278
3 2278 2280 2275
3 2280 2276 2275
3 1433 1432 2279
3 1432 2281 2279
3 2279 2281 2280
3 2281 2282 2280
3 2280 2282 2276
3 2282 2277 2276
3 2282 2283 2277
3 2281 2284 2282
3 1432 2285 2281
3 2282 2284 2283
3 2284 2286 2283
3 2281 2285 2284
3 2285 2287 2284
3 2284 2287 2286
3 2287 2288 2286
3 1432 1431 2285
3 1431 2289 2285
3 2285 2289 2287
3 2289 2290 2287
3 2287 2290 2288
3 2290 2291 2288
3 1427 1431 226
3 2292 2293 1427
3 1430 2294 2292
3 1427 2293 1431
3 2293 2289 1431
3 2292 2294 2293
3 2294 2295 2293
3 2293 2295 2289
3 2295 2290 2289
3 1430 1429 2294
3 1429 2296 2294
3 2294 2296 2295
3 2296 2297 2295
3 2295 2297 2290
3 2297 2291 2290
3 1430 2298 1428
3 2292 2299 1430
3 1427 2300 2292
3 1430 2299 2298
3 2299 2301 2298
3 2292 2300 2299
3 2300 2302 2299
3 2299 2302 2301
3 2302 2303 2301
3 1427 1426 2300
3 1426 2304 2300
3 2300 2304 2302
3 2304 2305 2302
3 2302 2305 2303
3 2305 2306 2303
3 2305 2307 2306
3 2304 2308 2305
3 1426 2309 2304
3 2305 2308 2307
3 2308 2310 2307
3 2304 2309 2308
3 2309 2311 2308
3 2308 2311 2310
3 2311 2312 2310
3 1426 1425 2309
3 1425 2313 2309
3 2309 2313 2311
3 2313 2314 2311
3 2311 2314 2312
3 2314 2315 2312
3 1421 1425 226
3 2316 2317 1421
3 1424 2318 2316
3 1421 2317 1425
3 2317 2313 1425
3 2316 2318 2317
3 2318 2319 2317
3 2317 2319 2313
3 2319 2314 2313
3 1424 1423 2318
3 1423 2320 2318
3 2318 2320 2319
3 2320 2321 2319
3 2319 2321 2314
3 2321 2315 2314
3 1424 2322 1422
3 2316 2323 1424
3 1421 2324 2316
3 1424 2323 2322
3 2323 2325 2322
3 2316 2324 2323
3 2324 2326 2323
3 2323 2326 2325
3 2326 2327 2325
3 1421 1420 2324
3 1420 2328 2324
3 2324 2328 2326
3 2328 2329 2326
3 2326 2329 2327
3 2329 2330 2327
3 2329 2331 2330
3 2328 2332 2329
3 1420 2333 2328
3 2329 2332 2331
3 2332 2334 2331
3 2328 2333 2332
3 2333 2335 2332
3 2332 2335 2334
3 2335 2336 2334
3 1420 1419 2333
3 1419 2337 2333
3 2333 2337 2335
3 2337 2338 2335
3 2335 2338 2336
3 2338 2339 2336
3 1415 1419 226
3 2340 2341 1415
3 1418 2342 2340
3 1415 2341 1419
3 2341 2337 1419
3 2340 2342 2341
3 2342 2343 2341
3 2341 2343 2337
3 2343 2338 2337
3 1418 1417 2342
3 1417 2344 2342
3 2342 2344 2343
3 2344 2345 2343
3 2343 2345 2338
3 2345 2339 2338
3 1418 2346 1416
3 2340 2347 1418
3 1415 2348 2340
3 1418 2347 2346
3 2347 2349 2346
3 2340 2348 2347
3 2348 2350 2347
3 2347 2350 2349
3 2350 2351 2349
3 1415 1414 2348
3 1414 2352 2348
3 2348 2352 2350
3 2352 2353 2350
3 2350 2353 2351
3 2353 2354 2351
3 2353 2355 2354
3 2352 2356 2353
3 1414 2357 2352
3 2353 2356 2355
3 2356 2358 2355
3 2352 2357 2356
3 2357 2359 2356
3 2356 2359 2358
3 2359 2360 2358
3 1414 1413 2357
3 1413 2361 2357
3 2357 2361 2359
3 2361 2362 2359
3 2359 2362 2360
3 2362 2363 2360
3 1409 1413 226
3 2364 2365 1409
3 1412 2366 2364
3 1409 2365 1413
3 2365 2361 1413
3 2364 2366 2365
3 2366 2367 2365
3 2365 2367 2361
3 2367 2362 2361
3 1412 1411 2366
3 1411 2368 2366
3 2366 2368 2367
3 2368 2369 2367
3 2367 2369 2362
3 2369 2363 2362
3 1412 2370 1410
3 2364 2371 1412
3 1409 2372 2364
3 1412 2371 2370
3 2371 2373 2370
3 2364 2372 2371
3 2372 2374 2371
3 2371 2374 2373
3 2374 2375 2373
3 1409 1408 2372
3 1408 2376 2372
3 2372 2376 2374
3 2376 2377 2374
3 2374 2377 2375
3 2377 2378 2375
3 2377 2379 2378
3 2376 2380 2377
3 1408 2381 2376
3 2377 2380 2379
3 2380 2382 2379
3 2376 2381 2380
3 2381 2383 2380
3 2380 2383 2382
3 2383 2384 2382
3 1408 1407 2381
3 1407 2385 2381
3 2381 2385 2383
3 2385 2386 2383
3 2383 2386 2384
3 2386 2387 2384
3 1403 1407 226
3 2388 2389 1403
3 1406 2390 2388
3 1403 2389 1407
3 2389 2385 1407
3 2388 2390 2389
3 2390 2391 2389
3 2389 2391 2385
3 2391 2386 2385
3 1406 1405 2390
3 1405 2392 2390
3 2390 2392 2391
3 2392 2393 2391
3 2391 2393 2386
3 2393 2387 2386
3 1406 2394 1404
3 2388 2395 1406
3 1403 2396 2388
3 1406 2395 2394
3 2395 2397 2394
3 2388 2396 2395
3 2396 2398 2395
3 2395 2398 2397
3 2398 2399 2397
3 1403 1402 2396
3 1402 2400 2396
3 2396 2400 2398
3 2400 2401 2398
3 2398 2401 2399
3 2401 368 2399
3 2401 369 368
3 2400 2402 2401
3 1402 2403 2400
3 2401 2402 369
3 2402 2404 369
3 2400 2403 2402
3 2403 2405 2402
3 2402 2405 2404
3 2405 2406 2404
3 1402 1401 2403
3 1401 2407 2403
3 2403 2407 2405
3 2407 2408 2405
3 2405 2408 2406
3 2408 2409 2406
3 2410 1401 226
3 2411 2412 2410
3 1400 2413 2411
3 2410 2412 1401
3 2412 2407 1401
3 2411 2413 2412
3 2413 2414 2412
3 2412 2414 2407
3 2414 2408 2407
3 1400 1399 2413
3 1399 2415 2413
3 2413 2415 2414
3 2415 2416 2414
3 2414 2416 2408
3 2416 2409 2408
3 2417 1399 1398
3 2418 2419 2417
3 1397 2420 2418
3 2417 2419 1399
3 2419 2415 1399
3 2418 2420 2419
3 2420 2421 2419
3 2419 2421 2415
3 2421 2416 2415
3 1397 1396 2420
3 1396 2422 2420
3 2420 2422 2421
3 2422 2423 2421
3 2421 2423 2416
3 2423 2409 2416
3 2424 1396 1395
3 2425 2426 2424
3 1394 2427 2425
3 2424 2426 1396
3 2426 2422 1396
3 2425 2427 2426
3 2427 2428 2426
3 2426 2428 2422
3 2428 2423 2422
3 1394 1393 2427
3 1393 2429 2427
3 2427 2429 2428
3 2429 2430 2428
3 2428 2430 2423
3 2430 2409 2423
3 2430 2431 2409
3 2429 2432 2430
3 1393 2433 2429
3 2430 2432 2431
3 2432 2434 2431
3 2429 2433 2432
3 2433 2435 2432
3 2432 2435 2434
3 2435 2436 2434
3 1393 1392 2433
3 1392 2437 2433
3 2433 2437 2435
3 2437 2438 2435
3 2435 2438 2436
3 2438 2439 2436
3 2440 1392 1391
3 2441 2442 2440
3 1390 2443 2441
3 2440 2442 1392
3 2442 2437 1392
3 2441 2443 2442
3 2443 2444 2442
3 2442 2444 2437
3 2444 2438 2437
3 1390 1389 2443
3 1389 2445 2443
3 2443 2445 2444
3 2445 2446 2444
3 2444 2446 2438
3 2446 2439 2438
3 2447 1389 1388
3 2448 2449 2447
3 1387 2450 2448
3 2447 2449 1389
3 2449 2445 1389
3 2448 2450 2449
3 2450 2451 2449
3 2449 2451 2445
3 2451 2446 2445
3 1387 1386 2450
3 1386 2452 2450
3 2450 2452 2451
3 2452 2453 2451
3 2451 2453 2446
3 2453 2439 2446
3 2454 1386 1385
3 2455 2456 2454
3 1384 2457 2455
3 2454 2456 1386
3 2456 2452 1386
3 2455 2457 2456
3 2457 2458 2456
3 2456 2458 2452
3 2458 2453 2452
3 1384 1383 2457
3 1383 2459 2457
3 2457 2459 2458
3 2459 2460 2458
3 2458 2460 2453
3 2460 2439 2453
3 2460 2461 2439
3 2459 2462 2460
3 1383 2463 2459
3 2460 2462 2461
3 2462 2464 2461
3 2459 2463 2462
3 2463 2465 2462
3 2462 2465 2464
3 2465 2466 2464
3 1383 1382 2463
3 1382 2467 2463
3 2463 2467 2465
3 2467 2468 2465
3 2465 2468 2466
3 2468 2469 2466
3 2470 1382 1381
3 2471 2472 2470
3 1380 2473 2471
3 2470 2472 1382
3 2472 2467 1382
3 2471 2473 2472
3 2473 2474 2472
3 2472 2474 2467
3 2474 2468 2467
3 1380 1379 2473
3 1379 2475 2473
3 2473 2475 2474
3 2475 2476 2474
3 2474 2476 2468
3 2476 2469 2468
3 2477 1379 1378
3 2478 2479 2477
3 1377 2480 2478
3 2477 2479 1379
3 2479 2475 1379
3 2478 2480 2479
3 2480 2481 2479
3 2479 2481 2475
3 2481 2476 2475
3 1377 1376 2480
3 1376 2482 2480
3 2480 2482 2481
3 2482 2483 2481
3 2481 2483 2476
3 2483 2469 2476
3 2483 2484 2469
3 2482 2485 2483
3 1376 2486 2482
3 2483 2485 2484
3 2485 2487 2484
3 2482 2486 2485
3 2486 2488 2485
3 2485 2488 2487
3 2488 2489 2487
3 1376 1375 2486
3 1375 2490 2486
3 2486 2490 2488
3 2490 2491 2488
3 2488 2491 2489
3 2491 2492 2489
3 2493 1375 1374
3 2494 2495 2493
3 1373 2496 2494
3 2493 2495 1375
3 2495 2490 1375
3 2494 2496 2495
3 2496 2497 2495
3 2495 2497 2490
3 2497 2491 2490
3 1373 1372 2496
3 1372 2498 2496
3 2496 2498 2497
3 2498 2499 2497
3 2497 2499 2491
3 2499 2492 2491
3 2500 1372 1371
3 2501 2502 2500
3 1370 2503 2501
3 2500 2502 1372
3 2502 2498 1372
3 2501 2503 2502
3 2503 2504 2502
3 2502 2504 2498
3 2504 2499 2498
3 1370 1369 2503
3 1369 2505 2503
3 2503 2505 2504
3 2505 2506 2504
3 2504 2506 2499
3 2506 2492 2499
3 2506 2507 2492
3 2505 2508 2506
3 1369 2509 2505
3 2506 2508 2507
3 2508 2510 2507
3 2505 2509 2508
3 2509 2511 2508
3 2508 2511 2510
3 2511 2512 2510
3 1369 1368 2509
3 1368 2513 2509
3 2509 2513 2511
3 2513 2514 2511
3 2511 2514 2512
3 2514 2515 2512
3 2516 1368 1367
3 2517 2518 2516
3 1366 2519 2517
3 2516 2518 1368
3 2518 2513 1368
3 2517 2519 2518
3 2519 2520 2518
3 2518 2520 2513
3 2520 2514 2513
3 1366 1365 2519
3 1365 2521 2519
3 2519 2521 2520
3 2521 2522 2520
3 2520 2522 2514
3 2522 2515 2514
3 2522 2523 2515
3 2521 2524 2522
3 1365 2525 2521
3 2522 2524 2523
3 2524 2526 2523
3 2521 2525 2524
3 2525 2527 2524
3 2524 2527 2526
3 2527 2528 2526
3 1365 1364 2525
3 1364 2529 2525
3 2525 2529 2527
3 2529 2530 2527
3 2527 2530 2528
3 2530 2531 2528
3 2532 1364 1363
3 2533 2534 2532
3 277 2535 2533
3 2532 2534 1364
3 2534 2529 1364
3 2533 2535 2534
3 2535 2536 2534
3 2534 2536 2529
3 2536 2530 2529
3 277 1362 2535
3 1362 2537 2535
3 2535 2537 2536
3 2537 2538 2536
3 2536 2538 2530
3 2538 2531 2530
3 1358 1362 276
3 2539 2540 1358
3 1361 2541 2539
3 1358 2540 1362
3 2540 2537 1362
3 2539 2541 2540
3 2541 2542 2540
3 2540 2542 2537
3 2542 2538 2537
3 1361 1360 2541
3 1360 2543 2541
3 2541 2543 2542
3 2543 2544 2542
3 2542 2544 2538
3 2544 2531 2538
3 1361 2545 1359
3 2539 2546 1361
3 1358 2547 2539
3 1361 2546 2545
3 2546 2548 2545
3 2539 2547 2546
3 2547 2549 2546
3 2546 2549 2548
3 2549 2550 2548
3 1358 1357 2547
3 1357 2551 2547
3 2547 2551 2549
3 2551 2552 2549
3 2549 2552 2550
3 2552 2553 2550
3 2552 2554 2553
3 2551 2555 2552
3 1357 2556 2551
3 2552 2555 2554
3 2555 2557 2554
3 2551 2556 2555
3 2556 2558 2555
3 2555 2558 2557
3 2558 2559 2557
3 1357 1356 2556
3 1356 2560 2556
3 2556 2560 2558
3 2560 2561 2558
3 2558 2561 2559
3 2561 2562 2559
3 2563 1356 276
3 2564 2565 2563
3 1355 2566 2564
3 2563 2565 1356
3 2565 2560 1356
3 2564 2566 2565
3 2566 2567 2565
3 2565 2567 2560
3 2567 2561 2560
3 1355 1354 2566
3 1354 2568 2566
3 2566 2568 2567
3 2568 2569 2567
3 2567 2569 2561
3 2569 2562 2561
3 2569 2570 2562
3 2568 2571 2569
3 1354 2572 2568
3 2569 2571 2570
3 2571 2573 2570
3 2568 2572 2571
3 2572 2574 2571
3 2571 2574 2573
3 2574 2575 2573
3 1354 1353 2572
3 1353 2576 2572
3 2572 2576 2574
3 2576 2577 2574
3 2574 2577 2575
3 2577 2578 2575
3 1349 1353 1346
3 2579 2580 1349
3 1352 2581 2579
3 1349 2580 1353
3 2580 2576 1353
3 2579 2581 2580
3 2581 2582 2580
3 2580 2582 2576
3 2582 2577 2576
3 1352 1351 2581
3 1351 2583 2581
3 2581 2583 2582
3 2583 2584 2582
3 2582 2584 2577
3 2584 2578 2577
3 1352 2585 1350
3 2579 2586 1352
3 1349 2587 2579
3 1352 2586 2585
3 2586 2588 2585
3 2579 2587 2586
3 2587 2589 2586
3 2586 2589 2588
3 2589 2590 2588
3 1349 1348 2587
3 1348 2591 2587
3 2587 2591 2589
3 2591 2592 2589
3 2589 2592 2590
3 2592 2593 2590
3 2592 2594 2593
3 2591 2595 2592
3 1348 2596 2591
3 2592 2595 2594
3 2595 2597 2594
3 2591 2596 2595
3 2596 2598 2595
3 2595 2598 2597
3 2598 2599 2597
3 1348 1347 2596
3 1347 2600 2596
3 2596 2600 2598
3 2600 2601 2598
3 2598 2601 2599
3 2601 2602 2599
3 2603 1347 1346
3 2604 2605 2603
3 1345 2606 2604
3 2603 2605 1347
3 2605 2600 1347
3 2604 2606 2605
3 2606 2607 2605
3 2605 2607 2600
3 2607 2601 2600
3 1345 1344 2606
3 1344 2608 2606
3 2606 2608 2607
3 2608 2609 2607
3 2607 2609 2601
3 2609 2602 2601
3 2609 2610 2602
3 2608 2611 2609
3 1344 2612 2608
3 2609 2611 2610
3 2611 2613 2610
3 2608 2612 2611
3 2612 2614 2611
3 2611 2614 2613
3 2614 2615 2613
3 1344 1343 2612
3 1343 2616 2612
3 2612 2616 2614
3 2616 2617 2614
3 2614 2617 2615
3 2617 2618 2615
3 2617 2619 2618
3 2616 2620 2617
3 1343 2621 2616
3 2617 2620 2619
3 2620 2622 2619
3 2616 2621 2620
3 2621 2623 2620
3 2620 2623 2622
3 2623 2624 2622
3 1343 1342 2621
3 1342 2625 2621
3 2621 2625 2623
3 2625 2626 2623
3 2623 2626 2624
3 2626 2627 2624
3 1338 1342 1335
3 2628 2629 1338
3 1341 2630 2628
3 1338 2629 1342
3 2629 2625 1342
3 2628 2630 2629
3 2630 2631 2629
3 2629 2631 2625
3 2631 2626 2625
3 1341 1340 2630
3 1340 2632 2630
3 2630 2632 2631
3 2632 2633 2631
3 2631 2633 2626
3 2633 2627 2626
3 1341 2634 1339
3 2628 2635 1341
3 1338 2636 2628
3 1341 2635 2634
3 2635 2637 2634
3 2628 2636 2635
3 2636 2638 2635
3 2635 2638 2637
3 2638 2639 2637
3 1338 1337 2636
3 1337 2640 2636
3 2636 2640 2638
3 2640 2641 2638
3 2638 2641 2639
3 2641 2642 2639
3 2641 2643 2642
3 2640 2644 2641
3 1337 2645 2640
3 2641 2644 2643
3 2644 2646 2643
3 2640 2645 2644
3 2645 2647 2644
3 2644 2647 2646
3 2647 2648 2646
3 1337 1336 2645
3 1336 2649 2645
3 2645 2649 2647
3 2649 2650 2647
3 2647 2650 2648
3 2650 2651 2648
3 2652 1336 1335
3 2653 2654 2652
3 1334 2655 2653
3 2652 2654 1336
3 2654 2649 1336
3 2653 2655 2654
3 2655 2656 2654
3 2654 2656 2649
3 2656 2650 2649
3 1334 1333 2655
3 1333 2657 2655
3 2655 2657 2656
3 2657 2658 2656
3 2656 2658 2650
3 2658 2651 2650
3 2658 2659 2651
3 2657 2660 2658
3 1333 2661 2657
3 2658 2660 2659
3 2660 2662 2659
3 2657 2661 2660
3 2661 2663 2660
3 2660 2663 2662
3 2663 2664 2662
3 1333 1332 2661
3 1332 2665 2661
3 2661 2665 2663
3 2665 2666 2663
3 2663 2666 2664
3 2666 2667 2664
3 2666 2668 2667
3 2665 2669 2666
3 1332 2670 2665
3 2666 2669 2668
3 2669 2671 2668
3 2665 2670 2669
3 2670 2672 2669
3 2669 2672 2671
3 2672 2673 2671
3 1332 1331 2670
3 1331 2674 2670
3 2670 2674 2672
3 2674 2675 2672
3 2672 2675 2673
3 2675 2676 2673
3 2677 1331 1330
3 2678 2679 2677
3 1329 2680 2678
3 2677 2679 1331
3 2679 2674 1331
3 2678 2680 2679
3 2680 2681 2679
3 2679 2681 2674
3 2681 2675 2674
3 1329 1328 2680
3 1328 2682 2680
3 2680 2682 2681
3 2682 2683 2681
3 2681 2683 2675
3 2683 2676 2675
3 2683 2684 2676
3 2682 2685 2683
3 1328 2686 2682
3 2683 2685 2684
3 2685 2687 2684
3 2682 2686 2685
3 2686 2688 2685
3 2685 2688 2687
3 2688 2689 2687
3 1328 1327 2686
3 1327 2690 2686
3 2686 2690 2688
3 2690 2691 2688
3 2688 2691 2689
3 2691 2692 2689
3 2691 2693 2692
3 2690 2694 2691
3 1327 2695 2690
3 2691 2694 2693
3 2694 2696 2693
3 2690 2695 2694
3 2695 2697 2694
3 2694 2697 2696
3 2697 2698 2696
3 1327 1326 2695
3 1326 2699 2695
3 2695 2699 2697
3 2699 2700 2697
3 2697 2700 2698
3 2700 2701 2698
3 2702 1326 1325
3 2703 2704 2702
3 1324 2705 2703
3 2702 2704 1326
3 2704 2699 1326
3 2703 2705 2704
3 2705 2706 2704
3 2704 2706 2699
3 2706 2700 2699
3 1324 1323 2705
3 1323 2707 2705
3 2705 2707 2706
3 2707 2708 2706
3 2706 2708 2700
3 2708 2701 2700
3 2708 2709 2701
3 2707 2710 2708
3 1323 2711 2707
3 2708 2710 2709
3 2710 2712 2709
3 2707 2711 2710
3 2711 2713 2710
3 2710 2713 2712
3 2713 2714 2712
3 1323 1322 2711
3 1322 2715 2711
3 2711 2715 2713
3 2715 2716 2713
3 2713 2716 2714
3 2716 2717 2714
3 2716 2718 2717
3 2715 2719 2716
3 1322 2720 2715
3 2716 2719 2718
3 2719 2721 2718
3 2715 2720 2719
3 2720 2722 2719
3 2719 2722 2721
3 2722 2723 2721
3 1322 1321 2720
3 1321 2724 2720
3 2720 2724 2722
3 2724 2725 2722
3 2722 2725 2723
3 2725 2726 2723
3 2727 1321 1320
3 2728 2729 2727
3 1319 2730 2728
3 2727 2729 1321
3 2729 2724 1321
3 2728 2730 2729
3 2730 2731 2729
3 2729 2731 2724
3 2731 2725 2724
3 1319 1318 2730
3 1318 2732 2730
3 2730 2732 2731
3 2732 2733 2731
3 2731 2733 2725
3 2733 2726 2725
3 2733 2734 2726
3 2732 2735 2733
3 1318 2736 2732
3 2733 2735 2734
3 2735 2737 2734
3 2732 2736 2735
3 2736 2738 2735
3 2735 2738 2737
3 2738 2739 2737
3 1318 1317 2736
3 1317 2740 2736
3 2736 2740 2738
3 2740 2741 2738
3 2738 2741 2739
3 2741 2742 2739
3 2741 2743 2742
3 2740 2744 2741
3 1317 2745 2740
3 2741 2744 2743
3 2744 2746 2743
3 2740 2745 2744
3 2745 2747 2744
3 2744 2747 2746
3 2747 2748 2746
3 1317 1316 2745
3 1316 2749 2745
3 2745 2749 2747
3 2749 2750 2747
3 2747 2750 2748
3 2750 2751 2748
3 2752 1316 1315
3 2753 2754 2752
3 1314 2755 2753
3 2752 2754 1316
3 2754 2749 1316
3 2753 2755 2754
3 2755 2756 2754
3 2754 2756 2749
3 2756 2750 2749
3 1314 1313 2755
3 1313 2757 2755
3 2755 2757 2756
3 2757 2758 2756
3 2756 2758 2750
3 2758 2751 2750
3 2758 2759 2751
3 2757 2760 2758
3 1313 2761 2757
3 2758 2760 2759
3 2760 2762 2759
3 2757 2761 2760
3 2761 2763 2760
3 2760 2763 2762
3 2763 2764 2762
3 1313 1312 2761
3 1312 2765 2761
3 2761 2765 2763
3 2765 2766 2763
3 2763 2766 2764
3 2766 2767 2764
3 2766 2768 2767
3 2765 2769 2766
3 1312 2770 2765
3 2766 2769 2768
3 2769 2771 2768
3 2765 2770 2769
3 2770 2772 2769
3 2769 2772 2771
3 2772 2773 2771
3 1312 1311 2770
3 1311 2774 2770
3 2770 2774 2772
3 2774 2775 2772
3 2772 2775 2773
3 2775 2776 2773
3 2777 1311 1310
3 2778 2779 2777
3 1309 2780 2778
3 2777 2779 1311
3 2779 2774 1311
3 2778 2780 2779
3 2780 2781 2779
3 2779 2781 2774
3 2781 2775 2774
3 1309 1308 2780
3 1308 2782 2780
3 2780 2782 2781
3 2782 2783 2781
3 2781 2783 2775
3 2783 2776 2775
3 2783 2784 2776
3 2782 2785 2783
3 1308 2786 2782
3 2783 2785 2784
3 2785 2787 2784
3 2782 2786 2785
3 2786 2788 2785
3 2785 2788 2787
3 2788 2789 2787
3 1308 1307 2786
3 1307 2790 2786
3 2786 2790 2788
3 2790 2791 2788
3 2788 2791 2789
3 2791 2792 2789
3 2793 1307 1306
3 2794 2795 2793
3 1305 2796 2794
3 2793 2795 1307
3 2795 2790 1307
3 2794 2796 2795
3 2796 2797 2795
3 2795 2797 2790
3 2797 2791 2790
3 1305 1304 2796
3 1304 2798 2796
3 2796 2798 2797
3 2798 2799 2797
3 2797 2799 2791
3 2799 2792 2791
3 2799 2800 2792
3 2798 2801 2799
3 1304 2802 2798
3 2799 2801 2800
3 2801 2803 2800
3 2798 2802 2801
3 2802 2804 2801
3 2801 2804 2803
3 2804 2805 2803
3 1304 1303 2802
3 1303 2806 2802
3 2802 2806 2804
3 2806 2807 2804
3 2804 2807 2805
3 2807 798 2805
3 2808 1303 1302
3 2809 2810 2808
3 327 2811 2809
3 2808 2810 1303
3 2810 2806 1303
3 2809 2811 2810
3 2811 2812 2810
3 2810 2812 2806
3 2812 2807 2806
3 327 1301 2811
3 1301 2813 2811
3 2811 2813 2812
3 2813 2814 2812
3 2812 2814 2807
3 2814 798 2807
3 2815 1301 326
3 2816 2817 2815
3 1300 2818 2816
3 2815 2817 1301
3 2817 2813 1301
3 2816 2818 2817
3 2818 2819 2817
3 2817 2819 2813
3 2819 2814 2813
3 1300 1299 2818
3 1299 2820 2818
3 2818 2820 2819
3 2820 2821 2819
3 2819 2821 2814
3 2821 798 2814
3 2821 799 798
3 2820 2822 2821
3 1299 2823 2820
3 2821 2822 799
3 2822 2824 799
3 2820 2823 2822
3 2823 2825 2822
3 2822 2825 2824
3 2825 2826 2824
3 1299 1298 2823
3 1298 2827 2823
3 2823 2827 2825
3 2827 2828 2825
3 2825 2828 2826
3 2828 2829 2826
3 2830 1298 1297
3 2831 2832 2830
3 1296 2833 2831
3 2830 2832 1298
3 2832 2827 1298
3 2831 2833 2832
3 2833 2834 2832
3 2832 2834 2827
3 2834 2828 2827
3 1296 1295 2833
3 1295 2835 2833
3 2833 2835 2834
3 2835 2836 2834
3 2834 2836 2828
3 2836 2829 2828
3 2836 2837 2829
3 2835 2838 2836
3 1295 2839 2835
3 2836 2838 2837
3 2838 2840 2837
3 2835 2839 2838
3 2839 2841 2838
3 2838 2841 2840
3 2841 2842 2840
3 1295 1294 2839
3 1294 2843 2839
3 2839 2843 2841
3 2843 2844 2841
3 2841 2844 2842
3 2844 2845 2842
3 2844 2846 2845
3 2843 2847 2844
3 1294 2848 2843
3 2844 2847 2846
3 2847 2849 2846
3 2843 2848 2847
3 2848 2850 2847
3 2847 2850 2849
3 2850 2851 2849
3 1294 1293 2848
3 1293 2852 2848
3 2848 2852 2850
3 2852 2853 2850
3 2850 2853 2851
3 2853 2854 2851
3 2855 1293 1292
3 2856 2857 2855
3 1291 2858 2856
3 2855 2857 1293
3 2857 2852 1293
3 2856 2858 2857
3 2858 2859 2857
3 2857 2859 2852
3 2859 2853 2852
3 1291 1290 2858
3 1290 2860 2858
3 2858 2860 2859
3 2860 2861 2859
3 2859 2861 2853
3 2861 2854 2853
3 1286 1290 1283
3 2862 2863 1286
3 1289 2864 2862
3 1286 2863 1290
3 2863 2860 1290
3 2862 2864 2863
3 2864 2865 2863
3 2863 2865 2860
3 2865 2861 2860
3 1289 1288 2864
3 1288 2866 2864
3 2864 2866 2865
3 2866 2867 2865
3 2865 2867 2861
3 2867 2854 2861
3 1289 2868 1287
3 2862 2869 1289
3 1286 2870 2862
3 1289 2869 2868
3 2869 2871 2868
3 2862 2870 2869
3 2870 2872 2869
3 2869 2872 2871
3 2872 2873 2871
3 1286 1285 2870
3 1285 2874 2870
3 2870 2874 2872
3 2874 2875 2872
3 2872 2875 2873
3 2875 2876 2873
3 2875 2877 2876
3 2874 2878 2875
3 1285 2879 2874
3 2875 2878 2877
3 2878 2880 2877
3 2874 2879 2878
3 2879 2881 2878
3 2878 2881 2880
3 2881 2882 2880
3 1285 1284 2879
3 1284 2883 2879
3 2879 2883 2881
3 2883 2884 2881
3 2881 2884 2882
3 2884 2885 2882
3 2886 1284 1283
3 2887 2888 2886
3 1282 2889 2887
3 2886 2888 1284
3 2888 2883 1284
3 2887 2889 2888
3 2889 2890 2888
3 2888 2890 2883
3 2890 2884 2883
3 1282 1281 2889
3 1281 2891 2889
3 2889 2891 2890
3 2891 2892 2890
3 2890 2892 2884
3 2892 2885 2884
3 2892 2893 2885
3 2891 2894 2892
3 1281 2895 2891
3 2892 2894 2893
3 2894 2896 2893
3 2891 2895 2894
3 2895 2897 2894
3 2894 2897 2896
3 2897 2898 2896
3 1281 1280 2895
3 1280 2899 2895
3 2895 2899 2897
3 2899 2900 2897
3 2897 2900 2898
3 2900 2901 2898
3 2900 2902 2901
3 2899 2903 2900
3 1280 2904 2899
3 2900 2903 2902
3 2903 2905 2902
3 2899 2904 2903
3 2904 2906 2903
3 2903 2906 2905
3 2906 2907 2905
3 1280 1279 2904
3 1279 2908 2904
3 2904 2908 2906
3 2908 2909 2906
3 2906 2909 2907
3 2909 2910 2907
3 2911 1279 1278
3 2912 2913 2911
3 1277 2914 2912
3 2911 2913 1279
3 2913 2908 1279
3 2912 2914 2913
3 2914 2915 2913
3 2913 2915 2908
3 2915 2909 2908
3 1277 1276 2914
3 1276 2916 2914
3 2914 2916 2915
3 2916 2917 2915
3 2915 2917 2909
3 2917 2910 2909
3 2917 2918 2910
3 2916 2919 2917
3 1276 2920 2916
3 2917 2919 2918
3 2919 2921 2918
3 2916 2920 2919
3 2920 2922 2919
3 2919 2922 2921
3 2922 2923 2921
3 1276 1275 2920
3 1275 2924 2920
3 2920 2924 2922
3 2924 2925 2922
3 2922 2925 2923
3 2925 2926 2923
3 2925 2927 2926
3 2924 2928 2925
3 1275 2929 2924
3 2925 2928 2927
3 2928 2930 2927
3 2924 2929 2928
3 2929 2931 2928
3 2928 2931 2930
3 2931 2932 2930
3 1275 1274 2929
3 1274 2933 2929
3 2929 2933 2931
3 2933 2934 2931
3 2931 2934 2932
3 2934 2935 2932
3 2936 1274 1273
3 2937 2938 2936
3 1272 2939 2937
3 2936 2938 1274
3 2938 2933 1274
3 2937 2939 2938
3 2939 2940 2938
3 2938 2940 2933
3 2940 2934 2933
3 1272 1271 2939
3 1271 2941 2939
3 2939 2941 2940
3 2941 2942 2940
3 2940 2942 2934
3 2942 2935 2934
3 2942 2943 2935
3 2941 2944 2942
3 1271 2945 2941
3 2942 2944 2943
3 2944 2946 2943
3 2941 2945 2944
3 2945 2947 2944
3 2944 2947 2946
3 2947 2948 2946
3 1271 1270 2945
3 1270 2949 2945
3 2945 2949 2947
3 2949 2950 2947
3 2947 2950 2948
3 2950 2951 2948
3 2952 1270 1269
3 2953 2954 2952
3 1268 2955 2953
3 2952 2954 1270
3 2954 2949 1270
3 2953 2955 2954
3 2955 2956 2954
3 2954 2956 2949
3 2956 2950 2949
3 1268 1267 2955
3 1267 2957 2955
3 2955 2957 2956
3 2957 2958 2956
3 2956 2958 2950
3 2958 2951 2950
3 2958 2959 2951
3 2957 2960 2958
3 1267 2961 2957
3 2958 2960 2959
3 2960 2962 2959
3 2957 2961 2960
3 2961 2963 2960
3 2960 2963 2962
3 2963 2964 2962
3 1267 1266 2961
3 1266 2965 2961
3 2961 2965 2963
3 2965 2966 2963
3 2963 2966 2964
3 2966 2967 2964
3 2968 1266 1265
3 2969 2970 2968
3 1264 2971 2969
3 2968 2970 1266
3 2970 2965 1266
3 2969 2971 2970
3 2971 2972 2970
3 2970 2972 2965
3 2972 2966 2965
3 1264 1263 2971
3 1263 2973 2971
3 2971 2973 2972
3 2973 2974 2972
3 2972 2974 2966
3 2974 2967 2966
3 2975 1263 1262
3 2976 2977 2975
3 1261 2978 2976
3 2975 2977 1263
3 2977 2973 1263
3 2976 2978 2977
3 2978 2979 2977
3 2977 2979 2973
3 2979 2974 2973
3 1261 1260 2978
3 1260 2980 2978
3 2978 2980 2979
3 2980 2981 2979
3 2979 2981 2974
3 2981 2967 2974
3 2982 1260 1259
3 2983 2984 2982
3 1 2985 2983
3 2982 2984 1260
3 2984 2980 1260
3 2983 2985 2984
3 2985 2986 2984
3 2984 2986 2980
3 2986 2981 2980
3 1 1258 2985
3 1258 2987 2985
3 2985 2987 2986
3 2987 2988 2986
3 2986 2988 2981
3 2988 2967 2981
3 2989 1258 0
3 2990 2991 2989
3 1257 2992 2990
3 2989 2991 1258
3 2991 2987 1258
3 2990 2992 2991
3 2992 2993 2991
3 2991 2993 2987
3 2993 2988 2987
3 1257 1256 2992
3 1256 2994 2992
3 2992 2994 2993
3 2994 2995 2993
3 2993 2995 2988
3 2995 2967 2988
3 2996 1256 1255
3 2997 2998 2996
3 1254 2999 2997
3 2996 2998 1256
3 2998 2994 1256
3 2997 2999 2998
3 2999 3000 2998
3 2998 3000 2994
3 3000 2995 2994
3 1254 1253 2999
3 1253 3001 2999
3 2999 3001 3000
3 3001 3002 3000
3 3000 3002 2995
3 3002 2967 2995
3 3003 1253 1252
3 3004 3005 3003
3 1251 3006 3004
3 3003 3005 1253
3 3005 3001 1253
3 3004 3006 3005
3 3006 3007 3005
3 3005 3007 3001
3 3007 3002 3001
3 1251 1250 3006
3 1250 3008 3006
3 3006 3008 3007
3 3008 3009 3007
3 3007 3009 3002
3 3009 2967 3002
3 3010 1250 1249
3 3011 3012 3010
3 1248 3013 3011
3 3010 3012 1250
3 3012 3008 1250
3 3011 3013 3012
3 3013 3014 3012
3 3012 3014 3008
3 3014 3009 3008
3 1248 1247 3013
3 1247 3015 3013
3 3013 3015 3014
3 3015 3016 3014
3 3014 3016 3009
3 3016 2967 3009
3 3017 1247 1246
3 3018 3019 3017
3 1245 3020 3018
3 3017 3019 1247
3 3019 3015 1247
3 3018 3020 3019
3 3020 3021 3019
3 3019 3021 3015
3 3021 3016 3015
3 1245 1244 3020
3 1244 3022 3020
3 3020 3022 3021
3 3022 3023 3021
3 3021 3023 3016
3 3023 2967 3016
3 3024 1244 1243
3 3025 3026 3024
3 1242 3027 3025
3 3024 3026 1244
3 3026 3022 1244
3 3025 3027 3026
3 3027 3028 3026
3 3026 3028 3022
3 3028 3023 3022
3 1242 1241 3027
3 1241 3029 3027
3 3027 3029 3028
3 3029 3030 3028
3 3028 3030 3023
3 3030 2967 3023
3 3031 1241 1240
3 3032 3033 3031
3 1239 3034 3032
3 3031 3033 1241
3 3033 3029 1241
3 3032 3034 3033
3 3034 3035 3033
3 3033 3035 3029
3 3035 3030 3029
3 1239 1238 3034
3 1238 3036 3034
3 3034 3036 3035
3 3036 3037 3035
3 3035 3037 3030
3 3037 2967 3030
3 3038 1238 1237
3 3039 3040 3038
3 1236 3041 3039
3 3038 3040 1238
3 3040 3036 1238
3 3039 3041 3040
3 3041 3042 3040
3 3040 3042 3036
3 3042 3037 3036
3 1236 1235 3041
3 1235 3043 3041
3 3041 3043 3042
3 3043 3044 3042
3 3042 3044 3037
3 3044 2967 3037
3 3045 1235 1234
3 3046 3047 3045
3 1233 3048 3046
3 3045 3047 1235
3 3047 3043 1235
3 3046 3048 3047
3 3048 3049 3047
3 3047 3049 3043
3 3049 3044 3043
3 1233 1232 3048
3 1232 3050 3048
3 3048 3050 3049
3 3050 3051 3049
3 3049 3051 3044
3 3051 2967 3044
3 3052 1232 1231
3 3053 3054 3052
3 1230 3055 3053
3 3052 3054 1232
3 3054 3050 1232
3 3053 3055 3054
3 3055 3056 3054
3 3054 3056 3050
3 3056 3051 3050
3 1230 1229 3055
3 1229 3057 3055
3 3055 3057 3056
3 3057 3058 3056
3 3056 3058 3051
3 3058 2967 3051
3 3059 1229 1228
3 3060 3061 3059
3 1227 3062 3060
3 3059 3061 1229
3 3061 3057 1229
3 3060 3062 3061
3 3062 3063 3061
3 3061 3063 3057
3 3063 3058 3057
3 1227 1226 3062
3 1226 3064 3062
3 3062 3064 3063
3 3064 3065 3063
3 3063 3065 3058
3 3065 2967 3058
3 3066 1226 1225
3 3067 3068 3066
3 43 3069 3067
3 3066 3068 1226
3 3068 3064 1226
3 3067 3069 3068
3 3069 3070 3068
3 3068 3070 3064
3 3070 3065 3064
3 43 1224 3069
3 1224 3071 3069
3 3069 3071 3070
3 3071 3072 3070
3 3070 3072 3065
3 3072 2967 3065
3 3073 1224 42
3 3074 3075 3073
3 1223 3076 3074
3 3073 3075 1224
3 3075 3071 1224
3 3074 3076 3075
3 3076 3077 3075
3 3075 3077 3071
3 3077 3072 3071
3 1223 1222 3076
3 1222 3078 3076
3 3076 3078 3077
3 3078 3079 3077
3 3077 3079 3072
3 3079 2967 3072
3 1619 3080 1620
3 1624 3081 1619
3 1220 3082 1624
3 1619 3081 3080
3 3081 3083 3080
3 1624 3082 3081
3 3082 3084 3081
3 3081 3084 3083
3 3084 3085 3083
3 1220 1219 3082
3 1219 3086 3082
3 3082 3086 3084
3 3086 3087 3084
3 3084 3087 3085
3 3087 3088 3085
3 3087 3089 3088
3 3086 3090 3087
3 1219 3091 3086
3 3087 3090 3089
3 3090 3092 3089
3 3086 3091 3090
3 3091 3093 3090
3 3090 3093 3092
3 3093 3094 3092
3 1219 1218 3091
3 1218 3095 3091
3 3091 3095 3093
3 3095 3096 3093
3 3093 3096 3094
3 3096 42 3094
3 3097 1218 1217
3 3098 3099 3097
3 615 3100 3098
3 3097 3099 1218
3 3099 3095 1218
3 3098 3100 3099
3 3100 3101 3099
3 3099 3101 3095
3 3101 3096 3095
3 615 1216 3100
3 1216 3102 3100
3 3100 3102 3101
3 3102 3103 3101
3 3101 3103 3096
3 3103 42 3096
3 3104 1216 614
3 3105 3106 3104
3 1215 3107 3105
3 3104 3106 1216
3 3106 3102 1216
3 3105 3107 3106
3 3107 3108 3106
3 3106 3108 3102
3 3108 3103 3102
3 1215 1214 3107
3 1214 3109 3107
3 3107 3109 3108
3 3109 3110 3108
3 3108 3110 3103
3 3110 42 3103
3 3111 1214 1213
3 3112 3113 3111
3 1212 3114 3112
3 3111 3113 1214
3 3113 3109 1214
3 3112 3114 3113
3 3114 3115 3113
3 3113 3115 3109
3 3115 3110 3109
3 1212 1211 3114
3 1211 3116 3114
3 3114 3116 3115
3 3116 3117 3115
3 3115 3117 3110
3 3117 42 3110
3 3118 1211 1210
3 3119 3120 3118
3 1209 3121 3119
3 3118 3120 1211
3 3120 3116 1211
3 3119 3121 3120
3 3121 3122 3120
3 3120 3122 3116
3 3122 3117 3116
3 1209 1208 3121
3 1208 3123 3121
3 3121 3123 3122
3 3123 3124 3122
3 3122 3124 3117
3 3124 42 3117
3 3125 1208 1207
3 3126 3127 3125
3 1206 3128 3126
3 3125 3127 1208
3 3127 3123 1208
3 3126 3128 3127
3 3128 3129 3127
3 3127 3129 3123
3 3129 3124 3123
3 1206 1205 3128
3 1205 3130 3128
3 3128 3130 3129
3 3130 3131 3129
3 3129 3131 3124
3 3131 42 3124
3 3132 1205 1204
3 3133 3134 3132
3 1203 3135 3133
3 3132 3134 1205
3 3134 3130 1205
3 3133 3135 3134
3 3135 3136 3134
3 3134 3136 3130
3 3136 3131 3130
3 1203 1202 3135
3 1202 3137 3135
3 3135 3137 3136
3 3137 3138 3136
3 3136 3138 3131
3 3138 42 3131
3 3139 1202 1201
3 3140 3141 3139
3 1200 3142 3140
3 3139 3141 1202
3 3141 3137 1202
3 3140 3142 3141
3 3142 3143 3141
3 3141 3143 3137
3 3143 3138 3137
3 1200 1199 3142
3 1199 3144 3142
3 3142 3144 3143
3 3144 3145 3143
3 3143 3145 3138
3 3145 42 3138
3 3146 1199 1198
3 3147 3148 3146
3 1197 3149 3147
3 3146 3148 1199
3 3148 3144 1199
3 3147 3149 3148
3 3149 3150 3148
3 3148 3150 3144
3 3150 3145 3144
3 1197 1196 3149
3 1196 3151 3149
3 3149 3151 3150
3 3151 3152 3150
3 3150 3152 3145
3 3152 42 3145
3 3153 1196 1195
3 3154 3155 3153
3 1194 3156 3154
3 3153 3155 1196
3 3155 3151 1196
3 3154 3156 3155
3 3156 3157 3155
3 3155 3157 3151
3 3157 3152 3151
3 1194 1193 3156
3 1193 3158 3156
3 3156 3158 3157
3 3158 3159 3157
3 3157 3159 3152
3 3159 42 3152
3 3160 1193 1192
3 3161 3162 3160
3 1191 3163 3161
3 3160 3162 1193
3 3162 3158 1193
3 3161 3163 3162
3 3163 3164 3162
3 3162 3164 3158
3 3164 3159 3158
3 1191 1190 3163
3 1190 3165 3163
3 3163 3165 3164
3 3165 3166 3164
3 3164 3166 3159
3 3166 42 3159
3 3167 1190 1189
3 3168 3169 3167
3 1188 3170 3168
3 3167 3169 1190
3 3169 3165 1190
3 3168 3170 3169
3 3170 3171 3169
3 3169 3171 3165
3 3171 3166 3165
3 1188 1187 3170
3 1187 3172 3170
3 3170 3172 3171
3 3172 3173 3171
3 3171 3173 3166
3 3173 42 3166
3 3174 1187 1186
3 3175 3176 3174
3 1185 3177 3175
3 3174 3176 1187
3 3176 3172 1187
3 3175 3177 3176
3 3177 3178 3176
3 3176 3178 3172
3 3178 3173 3172
3 1185 1184 3177
3 1184 3179 3177
3 3177 3179 3178
3 3179 3180 3178
3 3178 3180 3173
3 3180 42 3173
3 3181 1184 1183
3 3182 3183 3181
3 1182 3184 3182
3 3181 3183 1184
3 3183 3179 1184
3 3182 3184 3183
3 3184 3185 3183
3 3183 3185 3179
3 3185 3180 3179
3 1182 1181 3184
3 1181 3186 3184
3 3184 3186 3185
3 3186 3187 3185
3 3185 3187 3180
3 3187 42 3180
3 3188 1181 1180
3 3189 3190 3188
3 1179 3191 3189
3 3188 3190 1181
3 3190 3186 1181
3 3189 3191 3190
3 3191 3192 3190
3 3190 3192 3186
3 3192 3187 3186
3 1179 1178 3191
3 1178 3193 3191
3 3191 3193 3192
3 3193 3194 3192
3 3192 3194 3187
3 3194 42 3187
3 3195 1178 1177
3 3196 3197 3195
3 1176 3198 3196
3 3195 3197 1178
3 3197 3193 1178
3 3196 3198 3197
3 3198 3199 3197
3 3197 3199 3193
3 3199 3194 3193
3 1176 1175 3198
3 1175 3200 3198
3 3198 3200 3199
3 3200 3201 3199
3 3199 3201 3194
3 3201 42 3194
3 3201 3073 42
3 3200 3202 3201
3 1175 3203 3200
3 3201 3202 3073
3 3202 3074 3073
3 3200 3203 3202
3 3203 3204 3202
3 3202 3204 3074
3 3204 1223 3074
3 1175 1174 3203
3 1174 3205 3203
3 3203 3205 3204
3 3205 3206 3204
3 3204 3206 1223
3 3206 1221 1223
3 3207 1174 1173
3 3208 3209 3207
3 737 3210 3208
3 3207 3209 1174
3 3209 3205 1174
3 3208 3210 3209
3 3210 3211 3209
3 3209 3211 3205
3 3211 3206 3205
3 737 1172 3210
3 1172 3212 3210
3 3210 3212 3211
3 3212 3213 3211
3 3211 3213 3206
3 3213 1221 3206
3 944 3214 620
3 3215 3216 944
3 1171 3217 3215
3 944 3216 3214
3 3216 3218 3214
3 3215 3217 3216
3 3217 3219 3216
3 3216 3219 3218
3 3219 939 3218
3 1171 141 3217
3 141 3220 3217
3 3217 3220 3219
3 3220 3221 3219
3 3219 3221 939
3 3221 45 939
3 949 940 624
3 3222 3223 949
3 1170 3224 3222
3 949 3223 940
3 3223 3225 940
3 3222 3224 3223
3 3224 3226 3223
3 3223 3226 3225
3 3226 3227 3225
3 1170 129 3224
3 129 3228 3224
3 3224 3228 3226
3 3228 3229 3226
3 3226 3229 3227
3 3229 130 3227
3 860 3230 801
3 3231 3232 860
3 1169 3233 3231
3 860 3232 3230
3 3232 3234 3230
3 3231 3233 3232
3 3233 3235 3232
3 3232 3235 3234
3 3235 489 3234
3 1169 1168 3233
3 1168 3236 3233
3 3233 3236 3235
3 3236 3237 3235
3 3235 3237 489
3 3237 486 489
3 335 1168 332
3 3238 3239 335
3 1167 3240 3238
3 335 3239 1168
3 3239 3236 1168
3 3238 3240 3239
3 3240 3241 3239
3 3239 3241 3236
3 3241 3237 3236
3 1167 1166 3240
3 1166 3242 3240
3 3240 3242 3241
3 3242 3243 3241
3 3241 3243 3237
3 3243 486 3237
3 3243 3244 486
3 3242 3245 3243
3 1166 3246 3242
3 3243 3245 3244
3 3245 3247 3244
3 3242 3246 3245
3 3246 3248 3245
3 3245 3248 3247
3 3248 485 3247
3 1166 1165 3246
3 1165 3249 3246
3 3246 3249 3248
3 3249 3250 3248
3 3248 3250 485
3 3250 482 485
3 339 1165 336
3 3251 3252 339
3 1164 3253 3251
3 339 3252 1165
3 3252 3249 1165
3 3251 3253 3252
3 3253 3254 3252
3 3252 3254 3249
3 3254 3250 3249
3 1164 1163 3253
3 1163 3255 3253
3 3253 3255 3254
3 3255 3256 3254
3 3254 3256 3250
3 3256 482 3250
3 3256 3257 482
3 3255 3258 3256
3 1163 3259 3255
3 3256 3258 3257
3 3258 3260 3257
3 3255 3259 3258
3 3259 3261 3258
3 3258 3261 3260
3 3261 481 3260
3 1163 1162 3259
3 1162 3262 3259
3 3259 3262 3261
3 3262 3263 3261
3 3261 3263 481
3 3263 478 481
3 3263 3264 478
3 3262 3265 3263
3 1162 3266 3262
3 3263 3265 3264
3 3265 3267 3264
3 3262 3266 3265
3 3266 3268 3265
3 3265 3268 3267
3 3268 477 3267
3 1162 1161 3266
3 1161 3269 3266
3 3266 3269 3268
3 3269 3270 3268
3 3268 3270 477
3 3270 474 477
3 343 1161 340
3 3271 3272 343
3 1160 3273 3271
3 343 3272 1161
3 3272 3269 1161
3 3271 3273 3272
3 3273 3274 3272
3 3272 3274 3269
3 3274 3270 3269
3 1160 1159 3273
3 1159 3275 3273
3 3273 3275 3274
3 3275 3276 3274
3 3274 3276 3270
3 3276 474 3270
3 3276 3277 474
3 3275 3278 3276
3 1159 3279 3275
3 3276 3278 3277
3 3278 3280 3277
3 3275 3279 3278
3 3279 3281 3278
3 3278 3281 3280
3 3281 473 3280
3 1159 1158 3279
3 1158 3282 3279
3 3279 3282 3281
3 3282 3283 3281
3 3281 3283 473
3 3283 470 473
3 3283 3284 470
3 3282 3285 3283
3 1158 3286 3282
3 3283 3285 3284
3 3285 3287 3284
3 3282 3286 3285
3 3286 3288 3285
3 3285 3288 3287
3 3288 469 3287
3 1158 1157 3286
3 1157 3289 3286
3 3286 3289 3288
3 3289 3290 3288
3 3288 3290 469
3 3290 466 469
3 347 1157 344
3 3291 3292 347
3 1156 3293 3291
3 347 3292 1157
3 3292 3289 1157
3 3291 3293 3292
3 3293 3294 3292
3 3292 3294 3289
3 3294 3290 3289
3 1156 1155 3293
3 1155 3295 3293
3 3293 3295 3294
3 3295 3296 3294
3 3294 3296 3290
3 3296 466 3290
3 3296 3297 466
3 3295 3298 3296
3 1155 3299 3295
3 3296 3298 3297
3 3298 3300 3297
3 3295 3299 3298
3 3299 3301 3298
3 3298 3301 3300
3 3301 465 3300
3 1155 1154 3299
3 1154 3302 3299
3 3299 3302 3301
3 3302 3303 3301
3 3301 3303 465
3 3303 462 465
3 3303 3304 462
3 3302 3305 3303
3 1154 3306 3302
3 3303 3305 3304
3 3305 3307 3304
3 3302 3306 3305
3 3306 3308 3305
3 3305 3308 3307
3 3308 461 3307
3 1154 1153 3306
3 1153 3309 3306
3 3306 3309 3308
3 3309 3310 3308
3 3308 3310 461
3 3310 458 461
3 351 1153 348
3 3311 3312 351
3 1152 3313 3311
3 351 3312 1153
3 3312 3309 1153
3 3311 3313 3312
3 3313 3314 3312
3 3312 3314 3309
3 3314 3310 3309
3 1152 1151 3313
3 1151 3315 3313
3 3313 3315 3314
3 3315 3316 3314
3 3314 3316 3310
3 3316 458 3310
3 3316 3317 458
3 3315 3318 3316
3 1151 3319 3315
3 3316 3318 3317
3 3318 3320 3317
3 3315 3319 3318
3 3319 3321 3318
3 3318 3321 3320
3 3321 457 3320
3 1151 1150 3319
3 1150 3322 3319
3 3319 3322 3321
3 3322 3323 3321
3 3321 3323 457
3 3323 454 457
3 3323 3324 454
3 3322 3325 3323
3 1150 3326 3322
3 3323 3325 3324
3 3325 3327 3324
3 3322 3326 3325
3 3326 3328 3325
3 3325 3328 3327
3 3328 453 3327
3 1150 1149 3326
3 1149 3329 3326
3 3326 3329 3328
3 3329 3330 3328
3 3328 3330 453
3 3330 450 453
3 355 1149 352
3 3331 3332 355
3 1148 3333 3331
3 355 3332 1149
3 3332 3329 1149
3 3331 3333 3332
3 3333 3334 3332
3 3332 3334 3329
3 3334 3330 3329
3 1148 1147 3333
3 1147 3335 3333
3 3333 3335 3334
3 3335 3336 3334
3 3334 3336 3330
3 3336 450 3330
3 3336 3337 450
3 3335 3338 3336
3 1147 3339 3335
3 3336 3338 3337
3 3338 3340 3337
3 3335 3339 3338
3 3339 3341 3338
3 3338 3341 3340
3 3341 449 3340
3 1147 1146 3339
3 1146 3342 3339
3 3339 3342 3341
3 3342 3343 3341
3 3341 3343 449
3 3343 446 449
3 3343 3344 446
3 3342 3345 3343
3 1146 3346 3342
3 3343 3345 3344
3 3345 3347 3344
3 3342 3346 3345
3 3346 3348 3345
3 3345 3348 3347
3 3348 445 3347
3 1146 1145 3346
3 1145 3349 3346
3 3346 3349 3348
3 3349 3350 3348
3 3348 3350 445
3 3350 442 445
3 359 1145 356
3 3351 3352 359
3 1144 3353 3351
3 359 3352 1145
3 3352 3349 1145
3 3351 3353 3352
3 3353 3354 3352
3 3352 3354 3349
3 3354 3350 3349
3 1144 1143 3353
3 1143 3355 3353
3 3353 3355 3354
3 3355 3356 3354
3 3354 3356 3350
3 3356 442 3350
3 3356 3357 442
3 3355 3358 3356
3 1143 3359 3355
3 3356 3358 3357
3 3358 3360 3357
3 3355 3359 3358
3 3359 3361 3358
3 3358 3361 3360
3 3361 441 3360
3 1143 1142 3359
3 1142 3362 3359
3 3359 3362 3361
3 3362 3363 3361
3 3361 3363 441
3 3363 438 441
3 3363 3364 438
3 3362 3365 3363
3 1142 3366 3362
3 3363 3365 3364
3 3365 3367 3364
3 3362 3366 3365
3 3366 3368 3365
3 3365 3368 3367
3 3368 437 3367
3 1142 1141 3366
3 1141 3369 3366
3 3366 3369 3368
3 3369 3370 3368
3 3368 3370 437
3 3370 434 437
3 1139 1141 360
3 3371 3372 1139
3 1140 3373 3371
3 1139 3372 1141
3 3372 3369 1141
3 3371 3373 3372
3 3373 3374 3372
3 3372 3374 3369
3 3374 3370 3369
3 1140 433 3373
3 433 3375 3373
3 3373 3375 3374
3 3375 3376 3374
3 3374 3376 3370
3 3376 434 3370
3 1140 3377 430
3 3371 3378 1140
3 1139 3379 3371
3 1140 3378 3377
3 3378 3380 3377
3 3371 3379 3378
3 3379 3381 3378
3 3378 3381 3380
3 3381 429 3380
3 1139 1138 3379
3 1138 3382 3379
3 3379 3382 3381
3 3382 3383 3381
3 3381 3383 429
3 3383 426 429
3 3383 3384 426
3 3382 3385 3383
3 1138 3386 3382
3 3383 3385 3384
3 3385 3387 3384
3 3382 3386 3385
3 3386 3388 3385
3 3385 3388 3387
3 3388 425 3387
3 1138 1137 3386
3 1137 3389 3386
3 3386 3389 3388
3 3389 3390 3388
3 3388 3390 425
3 3390 422 425
3 363 1137 360
3 3391 3392 363
3 1136 3393 3391
3 363 3392 1137
3 3392 3389 1137
3 3391 3393 3392
3 3393 3394 3392
3 3392 3394 3389
3 3394 3390 3389
3 1136 1135 3393
3 1135 3395 3393
3 3393 3395 3394
3 3395 3396 3394
3 3394 3396 3390
3 3396 422 3390
3 3396 3397 422
3 3395 3398 3396
3 1135 3399 3395
3 3396 3398 3397
3 3398 3400 3397
3 3395 3399 3398
3 3399 3401 3398
3 3398 3401 3400
3 3401 421 3400
3 1135 1134 3399
3 1134 3402 3399
3 3399 3402 3401
3 3402 3403 3401
3 3401 3403 421
3 3403 418 421
3 1132 1134 364
3 3404 3405 1132
3 1133 3406 3404
3 1132 3405 1134
3 3405 3402 1134
3 3404 3406 3405
3 3406 3407 3405
3 3405 3407 3402
3 3407 3403 3402
3 1133 417 3406
3 417 3408 3406
3 3406 3408 3407
3 3408 3409 3407
3 3407 3409 3403
3 3409 418 3403
3 1133 3410 414
3 3404 3411 1133
3 1132 3412 3404
3 1133 3411 3410
3 3411 3413 3410
3 3404 3412 3411
3 3412 3414 3411
3 3411 3414 3413
3 3414 413 3413
3 1132 1131 3412
3 1131 3415 3412
3 3412 3415 3414
3 3415 3416 3414
3 3414 3416 413
3 3416 410 413
3 3416 3417 410
3 3415 3418 3416
3 1131 3419 3415
3 3416 3418 3417
3 3418 3420 3417
3 3415 3419 3418
3 3419 3421 3418
3 3418 3421 3420
3 3421 409 3420
3 1131 1130 3419
3 1130 3422 3419
3 3419 3422 3421
3 3422 3423 3421
3 3421 3423 409
3 3423 406 409
3 367 1130 364
3 3424 3425 367
3 1129 3426 3424
3 367 3425 1130
3 3425 3422 1130
3 3424 3426 3425
3 3426 3427 3425
3 3425 3427 3422
3 3427 3423 3422
3 1129 1128 3426
3 1128 3428 3426
3 3426 3428 3427
3 3428 3429 3427
3 3427 3429 3423
3 3429 406 3423
3 1106 1128 279
3 3430 3431 1106
3 1127 3432 3430
3 1106 3431 1128
3 3431 3428 1128
3 3430 3432 3431
3 3432 3433 3431
3 3431 3433 3428
3 3433 3429 3428
3 1127 405 3432
3 405 3434 3432
3 3432 3434 3433
3 3434 3435 3433
3 3433 3435 3429
3 3435 406 3429
3 1125 3436 371
3 3437 3438 1125
3 1126 3439 3437
3 1125 3438 3436
3 3438 3440 3436
3 3437 3439 3438
3 3439 3441 3438
3 3438 3441 3440
3 3441 555 3440
3 1126 551 3439
3 551 3442 3439
3 3439 3442 3441
3 3442 3443 3441
3 3441 3443 555
3 3443 552 555
3 1126 3444 548
3 3437 3445 1126
3 1125 3446 3437
3 1126 3445 3444
3 3445 3447 3444
3 3437 3446 3445
3 3446 3448 3445
3 3445 3448 3447
3 3448 547 3447
3 1125 1124 3446
3 1124 3449 3446
3 3446 3449 3448
3 3449 3450 3448
3 3448 3450 547
3 3450 544 547
3 3450 3451 544
3 3449 3452 3450
3 1124 3453 3449
3 3450 3452 3451
3 3452 3454 3451
3 3449 3453 3452
3 3453 3455 3452
3 3452 3455 3454
3 3455 543 3454
3 1124 1123 3453
3 1123 3456 3453
3 3453 3456 3455
3 3456 3457 3455
3 3455 3457 543
3 3457 540 543
3 373 1123 371
3 3458 3459 373
3 1122 3460 3458
3 373 3459 1123
3 3459 3456 1123
3 3458 3460 3459
3 3460 3461 3459
3 3459 3461 3456
3 3461 3457 3456
3 1122 1121 3460
3 1121 3462 3460
3 3460 3462 3461
3 3462 3463 3461
3 3461 3463 3457
3 3463 540 3457
3 1119 1121 374
3 3464 3465 1119
3 1120 3466 3464
3 1119 3465 1121
3 3465 3462 1121
3 3464 3466 3465
3 3466 3467 3465
3 3465 3467 3462
3 3467 3463 3462
3 1120 539 3466
3 539 3468 3466
3 3466 3468 3467
3 3468 3469 3467
3 3467 3469 3463
3 3469 540 3463
3 1120 3470 536
3 3464 3471 1120
3 1119 3472 3464
3 1120 3471 3470
3 3471 3473 3470
3 3464 3472 3471
3 3472 3474 3471
3 3471 3474 3473
3 3474 535 3473
3 1119 1118 3472
3 1118 3475 3472
3 3472 3475 3474
3 3475 3476 3474
3 3474 3476 535
3 3476 532 535
3 3476 3477 532
3 3475 3478 3476
3 1118 3479 3475
3 3476 3478 3477
3 3478 3480 3477
3 3475 3479 3478
3 3479 3481 3478
3 3478 3481 3480
3 3481 531 3480
3 1118 1117 3479
3 1117 3482 3479
3 3479 3482 3481
3 3482 3483 3481
3 3481 3483 531
3 3483 528 531
3 377 1117 374
3 3484 3485 377
3 1116 3486 3484
3 377 3485 1117
3 3485 3482 1117
3 3484 3486 3485
3 3486 3487 3485
3 3485 3487 3482
3 3487 3483 3482
3 1116 1115 3486
3 1115 3488 3486
3 3486 3488 3487
3 3488 3489 3487
3 3487 3489 3483
3 3489 528 3483
3 3489 3490 528
3 3488 3491 3489
3 1115 3492 3488
3 3489 3491 3490
3 3491 3493 3490
3 3488 3492 3491
3 3492 3494 3491
3 3491 3494 3493
3 3494 527 3493
3 1115 1114 3492
3 1114 3495 3492
3 3492 3495 3494
3 3495 3496 3494
3 3494 3496 527
3 3496 524 527
3 3496 3497 524
3 3495 3498 3496
3 1114 3499 3495
3 3496 3498 3497
3 3498 3500 3497
3 3495 3499 3498
3 3499 3501 3498
3 3498 3501 3500
3 3501 523 3500
3 1114 1113 3499
3 1113 3502 3499
3 3499 3502 3501
3 3502 3503 3501
3 3501 3503 523
3 3503 520 523
3 381 1113 378
3 3504 3505 381
3 1112 3506 3504
3 381 3505 1113
3 3505 3502 1113
3 3504 3506 3505
3 3506 3507 3505
3 3505 3507 3502
3 3507 3503 3502
3 1112 1111 3506
3 1111 3508 3506
3 3506 3508 3507
3 3508 3509 3507
3 3507 3509 3503
3 3509 520 3503
3 3509 3510 520
3 3508 3511 3509
3 1111 3512 3508
3 3509 3511 3510
3 3511 3513 3510
3 3508 3512 3511
3 3512 3514 3511
3 3511 3514 3513
3 3514 519 3513
3 1111 1110 3512
3 1110 3515 3512
3 3512 3515 3514
3 3515 3516 3514
3 3514 3516 519
3 3516 516 519
3 385 1110 382
3 3517 3518 385
3 1109 3519 3517
3 385 3518 1110
3 3518 3515 1110
3 3517 3519 3518
3 3519 3520 3518
3 3518 3520 3515
3 3520 3516 3515
3 1109 1108 3519
3 1108 3521 3519
3 3519 3521 3520
3 3521 3522 3520
3 3520 3522 3516
3 3522 516 3516
3 3523 1108 386
3 3524 3525 3523
3 1107 3526 3524
3 3523 3525 1108
3 3525 3521 1108
3 3524 3526 3525
3 3526 3527 3525
3 3525 3527 3521
3 3527 3522 3521
3 1107 515 3526
3 515 3528 3526
3 3526 3528 3527
3 3528 3529 3527
3 3527 3529 3522
3 3529 516 3522
3 1127 3530 402
3 3430 3531 1127
3 1106 3532 3430
3 1127 3531 3530
3 3531 3533 3530
3 3430 3532 3531
3 3532 3534 3531
3 3531 3534 3533
3 3534 401 3533
3 1106 1105 3532
3 1105 3535 3532
3 3532 3535 3534
3 3535 3536 3534
3 3534 3536 401
3 3536 398 401
3 3536 3537 398
3 3535 3538 3536
3 1105 3539 3535
3 3536 3538 3537
3 3538 3540 3537
3 3535 3539 3538
3 3539 3541 3538
3 3538 3541 3540
3 3541 397 3540
3 1105 1104 3539
3 1104 3542 3539
3 3539 3542 3541
3 3542 3543 3541
3 3541 3543 397
3 3543 394 397
3 281 1104 279
3 3544 3545 281
3 1103 3546 3544
3 281 3545 1104
3 3545 3542 1104
3 3544 3546 3545
3 3546 3547 3545
3 3545 3547 3542
3 3547 3543 3542
3 1103 1102 3546
3 1102 3548 3546
3 3546 3548 3547
3 3548 3549 3547
3 3547 3549 3543
3 3549 394 3543
3 3549 3550 394
3 3548 3551 3549
3 1102 3552 3548
3 3549 3551 3550
3 3551 3553 3550
3 3548 3552 3551
3 3552 3554 3551
3 3551 3554 3553
3 3554 393 3553
3 1102 1101 3552
3 1101 3555 3552
3 3552 3555 3554
3 3555 3556 3554
3 3554 3556 393
3 3556 390 393
3 285 1101 282
3 3557 3558 285
3 1100 3559 3557
3 285 3558 1101
3 3558 3555 1101
3 3557 3559 3558
3 3559 3560 3558
3 3558 3560 3555
3 3560 3556 3555
3 1100 1099 3559
3 1099 3561 3559
3 3559 3561 3560
3 3561 3562 3560
3 3560 3562 3556
3 3562 390 3556
3 289 1099 286
3 3563 3564 289
3 1098 3565 3563
3 289 3564 1099
3 3564 3561 1099
3 3563 3565 3564
3 3565 3566 3564
3 3564 3566 3561
3 3566 3562 3561
3 1098 1097 3565
3 1097 3567 3565
3 3565 3567 3566
3 3567 3568 3566
3 3566 3568 3562
3 3568 390 3562
3 293 1097 290
3 3569 3570 293
3 1096 3571 3569
3 293 3570 1097
3 3570 3567 1097
3 3569 3571 3570
3 3571 3572 3570
3 3570 3572 3567
3 3572 3568 3567
3 1096 1095 3571
3 1095 3573 3571
3 3571 3573 3572
3 3573 3574 3572
3 3572 3574 3568
3 3574 390 3568
3 297 1095 294
3 3575 3576 297
3 1094 3577 3575
3 297 3576 1095
3 3576 3573 1095
3 3575 3577 3576
3 3577 3578 3576
3 3576 3578 3573
3 3578 3574 3573
3 1094 1093 3577
3 1093 3579 3577
3 3577 3579 3578
3 3579 3580 3578
3 3578 3580 3574
3 3580 390 3574
3 301 1093 298
3 3581 3582 301
3 1092 3583 3581
3 301 3582 1093
3 3582 3579 1093
3 3581 3583 3582
3 3583 3584 3582
3 3582 3584 3579
3 3584 3580 3579
3 1092 1091 3583
3 1091 3585 3583
3 3583 3585 3584
3 3585 3586 3584
3 3584 3586 3580
3 3586 390 3580
3 305 1091 302
3 3587 3588 305
3 1090 3589 3587
3 305 3588 1091
3 3588 3585 1091
3 3587 3589 3588
3 3589 3590 3588
3 3588 3590 3585
3 3590 3586 3585
3 1090 1089 3589
3 1089 3591 3589
3 3589 3591 3590
3 3591 3592 3590
3 3590 3592 3586
3 3592 390 3586
3 309 1089 306
3 3593 3594 309
3 1088 3595 3593
3 309 3594 1089
3 3594 3591 1089
3 3593 3595 3594
3 3595 3596 3594
3 3594 3596 3591
3 3596 3592 3591
3 1088 1087 3595
3 1087 3597 3595
3 3595 3597 3596
3 3597 3598 3596
3 3596 3598 3592
3 3598 390 3592
3 313 1087 310
3 3599 3600 313
3 1086 3601 3599
3 313 3600 1087
3 3600 3597 1087
3 3599 3601 3600
3 3601 3602 3600
3 3600 3602 3597
3 3602 3598 3597
3 1086 1085 3601
3 1085 3603 3601
3 3601 3603 3602
3 3603 3604 3602
3 3602 3604 3598
3 3604 390 3598
3 317 1085 314
3 3605 3606 317
3 1084 3607 3605
3 317 3606 1085
3 3606 3603 1085
3 3605 3607 3606
3 3607 3608 3606
3 3606 3608 3603
3 3608 3604 3603
3 1084 1083 3607
3 1083 3609 3607
3 3607 3609 3608
3 3609 3610 3608
3 3608 3610 3604
3 3610 390 3604
3 321 1083 318
3 3611 3612 321
3 1082 3613 3611
3 321 3612 1083
3 3612 3609 1083
3 3611 3613 3612
3 3613 3614 3612
3 3612 3614 3609
3 3614 3610 3609
3 1082 1081 3613
3 1081 3615 3613
3 3613 3615 3614
3 3615 3616 3614
3 3614 3616 3610
3 3616 390 3610
3 3616 3617 390
3 3615 3618 3616
3 1081 3619 3615
3 3616 3618 3617
3 3618 3620 3617
3 3615 3619 3618
3 3619 3621 3618
3 3618 3621 3620
3 3621 389 3620
3 1081 1080 3619
3 1080 3622 3619
3 3619 3622 3621
3 3622 3623 3621
3 3621 3623 389
3 3623 386 389
3 325 1080 322
3 3624 3625 325
3 1079 3626 3624
3 325 3625 1080
3 3625 3622 1080
3 3624 3626 3625
3 3626 3627 3625
3 3625 3627 3622
3 3627 3623 3622
3 1079 1078 3626
3 1078 3628 3626
3 3626 3628 3627
3 3628 3629 3627
3 3627 3629 3623
3 3629 386 3623
3 3629 3523 386
3 3628 3630 3629
3 1078 3631 3628
3 3629 3630 3523
3 3630 3524 3523
3 3628 3631 3630
3 3631 3632 3630
3 3630 3632 3524
3 3632 1107 3524
3 1078 1077 3631
3 1077 3633 3631
3 3631 3633 3632
3 3633 3634 3632
3 3632 3634 1107
3 3634 512 1107
3 1075 1077 229
3 3635 3636 1075
3 1076 3637 3635
3 1075 3636 1077
3 3636 3633 1077
3 3635 3637 3636
3 3637 3638 3636
3 3636 3638 3633
3 3638 3634 3633
3 1076 511 3637
3 511 3639 3637
3 3637 3639 3638
3 3639 3640 3638
3 3638 3640 3634
3 3640 512 3634
3 1076 3641 508
3 3635 3642 1076
3 1075 3643 3635
3 1076 3642 3641
3 3642 3644 3641
3 3635 3643 3642
3 3643 3645 3642
3 3642 3645 3644
3 3645 507 3644
3 1075 1074 3643
3 1074 3646 3643
3 3643 3646 3645
3 3646 3647 3645
3 3645 3647 507
3 3647 504 507
3 3647 3648 504
3 3646 3649 3647
3 1074 3650 3646
3 3647 3649 3648
3 3649 3651 3648
3 3646 3650 3649
3 3650 3652 3649
3 3649 3652 3651
3 3652 503 3651
3 1074 1073 3650
3 1073 3653 3650
3 3650 3653 3652
3 3653 3654 3652
3 3652 3654 503
3 3654 500 503
3 1069 1073 229
3 3655 3656 1069
3 1072 3657 3655
3 1069 3656 1073
3 3656 3653 1073
3 3655 3657 3656
3 3657 3658 3656
3 3656 3658 3653
3 3658 3654 3653
3 1072 499 3657
3 499 3659 3657
3 3657 3659 3658
3 3659 3660 3658
3 3658 3660 3654
3 3660 500 3654
3 495 3661 493
3 3662 3663 495
3 1071 3664 3662
3 495 3663 3661
3 3663 3665 3661
3 3662 3664 3663
3 3664 3666 3663
3 3663 3666 3665
3 3666 613 3665
3 1071 1070 3664
3 1070 3667 3664
3 3664 3667 3666
3 3667 3668 3666
3 3666 3668 613
3 3668 610 613
3 1072 1070 496
3 3655 3669 1072
3 1069 3670 3655
3 1072 3669 1070
3 3669 3667 1070
3 3655 3670 3669
3 3670 3671 3669
3 3669 3671 3667
3 3671 3668 3667
3 1069 1068 3670
3 1068 3672 3670
3 3670 3672 3671
3 3672 3673 3671
3 3671 3673 3668
3 3673 610 3668
3 3673 3674 610
3 3672 3675 3673
3 1068 3676 3672
3 3673 3675 3674
3 3675 3677 3674
3 3672 3676 3675
3 3676 3678 3675
3 3675 3678 3677
3 3678 609 3677
3 1068 1067 3676
3 1067 3679 3676
3 3676 3679 3678
3 3679 3680 3678
3 3678 3680 609
3 3680 606 609
3 231 1067 229
3 3681 3682 231
3 1066 3683 3681
3 231 3682 1067
3 3682 3679 1067
3 3681 3683 3682
3 3683 3684 3682
3 3682 3684 3679
3 3684 3680 3679
3 1066 1065 3683
3 1065 3685 3683
3 3683 3685 3684
3 3685 3686 3684
3 3684 3686 3680
3 3686 606 3680
3 235 1065 232
3 3687 3688 235
3 1064 3689 3687
3 235 3688 1065
3 3688 3685 1065
3 3687 3689 3688
3 3689 3690 3688
3 3688 3690 3685
3 3690 3686 3685
3 1064 1063 3689
3 1063 3691 3689
3 3689 3691 3690
3 3691 3692 3690
3 3690 3692 3686
3 3692 606 3686
3 239 1063 236
3 3693 3694 239
3 1062 3695 3693
3 239 3694 1063
3 3694 3691 1063
3 3693 3695 3694
3 3695 3696 3694
3 3694 3696 3691
3 3696 3692 3691
3 1062 1061 3695
3 1061 3697 3695
3 3695 3697 3696
3 3697 3698 3696
3 3696 3698 3692
3 3698 606 3692
3 243 1061 240
3 3699 3700 243
3 1060 3701 3699
3 243 3700 1061
3 3700 3697 1061
3 3699 3701 3700
3 3701 3702 3700
3 3700 3702 3697
3 3702 3698 3697
3 1060 1059 3701
3 1059 3703 3701
3 3701 3703 3702
3 3703 3704 3702
3 3702 3704 3698
3 3704 606 3698
3 247 1059 244
3 3705 3706 247
3 1058 3707 3705
3 247 3706 1059
3 3706 3703 1059
3 3705 3707 3706
3 3707 3708 3706
3 3706 3708 3703
3 3708 3704 3703
3 1058 1057 3707
3 1057 3709 3707
3 3707 3709 3708
3 3709 3710 3708
3 3708 3710 3704
3 3710 606 3704
3 251 1057 248
3 3711 3712 251
3 1056 3713 3711
3 251 3712 1057
3 3712 3709 1057
3 3711 3713 3712
3 3713 3714 3712
3 3712 3714 3709
3 3714 3710 3709
3 1056 1055 3713
3 1055 3715 3713
3 3713 3715 3714
3 3715 3716 3714
3 3714 3716 3710
3 3716 606 3710
3 255 1055 252
3 3717 3718 255
3 1054 3719 3717
3 255 3718 1055
3 3718 3715 1055
3 3717 3719 3718
3 3719 3720 3718
3 3718 3720 3715
3 3720 3716 3715
3 1054 1053 3719
3 1053 3721 3719
3 3719 3721 3720
3 3721 3722 3720
3 3720 3722 3716
3 3722 606 3716
3 259 1053 256
3 3723 3724 259
3 1052 3725 3723
3 259 3724 1053
3 3724 3721 1053
3 3723 3725 3724
3 3725 3726 3724
3 3724 3726 3721
3 3726 3722 3721
3 1052 1051 3725
3 1051 3727 3725
3 3725 3727 3726
3 3727 3728 3726
3 3726 3728 3722
3 3728 606 3722
3 263 1051 260
3 3729 3730 263
3 1050 3731 3729
3 263 3730 1051
3 3730 3727 1051
3 3729 3731 3730
3 3731 3732 3730
3 3730 3732 3727
3 3732 3728 3727
3 1050 1049 3731
3 1049 3733 3731
3 3731 3733 3732
3 3733 3734 3732
3 3732 3734 3728
3 3734 606 3728
3 267 1049 264
3 3735 3736 267
3 1048 3737 3735
3 267 3736 1049
3 3736 3733 1049
3 3735 3737 3736
3 3737 3738 3736
3 3736 3738 3733
3 3738 3734 3733
3 1048 1047 3737
3 1047 3739 3737
3 3737 3739 3738
3 3739 3740 3738
3 3738 3740 3734
3 3740 606 3734
3 271 1047 268
3 3741 3742 271
3 1046 3743 3741
3 271 3742 1047
3 3742 3739 1047
3 3741 3743 3742
3 3743 3744 3742
3 3742 3744 3739
3 3744 3740 3739
3 1046 1045 3743
3 1045 3745 3743
3 3743 3745 3744
3 3745 3746 3744
3 3744 3746 3740
3 3746 606 3740
3 275 1045 272
3 3747 3748 275
3 1044 3749 3747
3 275 3748 1045
3 3748 3745 1045
3 3747 3749 3748
3 3749 3750 3748
3 3748 3750 3745
3 3750 3746 3745
3 1044 1043 3749
3 1043 3751 3749
3 3749 3751 3750
3 3751 3752 3750
3 3750 3752 3746
3 3752 606 3746
3 189 1043 187
3 3753 3754 189
3 1042 3755 3753
3 189 3754 1043
3 3754 3751 1043
3 3753 3755 3754
3 3755 3756 3754
3 3754 3756 3751
3 3756 3752 3751
3 1042 1041 3755
3 1041 3757 3755
3 3755 3757 3756
3 3757 3758 3756
3 3756 3758 3752
3 3758 606 3752
3 193 1041 190
3 3759 3760 193
3 1040 3761 3759
3 193 3760 1041
3 3760 3757 1041
3 3759 3761 3760
3 3761 3762 3760
3 3760 3762 3757
3 3762 3758 3757
3 1040 1039 3761
3 1039 3763 3761
3 3761 3763 3762
3 3763 3764 3762
3 3762 3764 3758
3 3764 606 3758
3 197 1039 194
3 3765 3766 197
3 1038 3767 3765
3 197 3766 1039
3 3766 3763 1039
3 3765 3767 3766
3 3767 3768 3766
3 3766 3768 3763
3 3768 3764 3763
3 1038 1037 3767
3 1037 3769 3767
3 3767 3769 3768
3 3769 3770 3768
3 3768 3770 3764
3 3770 606 3764
3 3770 3771 606
3 3769 3772 3770
3 1037 3773 3769
3 3770 3772 3771
3 3772 3774 3771
3 3769 3773 3772
3 3773 3775 3772
3 3772 3775 3774
3 3775 605 3774
3 1037 1036 3773
3 1036 3776 3773
3 3773 3776 3775
3 3776 3777 3775
3 3775 3777 605
3 3777 602 605
3 201 1036 198
3 3778 3779 201
3 1035 3780 3778
3 201 3779 1036
3 3779 3776 1036
3 3778 3780 3779
3 3780 3781 3779
3 3779 3781 3776
3 3781 3777 3776
3 1035 1034 3780
3 1034 3782 3780
3 3780 3782 3781
3 3782 3783 3781
3 3781 3783 3777
3 3783 602 3777
3 3783 3784 602
3 3782 3785 3783
3 1034 3786 3782
3 3783 3785 3784
3 3785 3787 3784
3 3782 3786 3785
3 3786 3788 3785
3 3785 3788 3787
3 3788 601 3787
3 1034 1033 3786
3 1033 3789 3786
3 3786 3789 3788
3 3789 3790 3788
3 3788 3790 601
3 3790 598 601
3 205 1033 202
3 3791 3792 205
3 1032 3793 3791
3 205 3792 1033
3 3792 3789 1033
3 3791 3793 3792
3 3793 3794 3792
3 3792 3794 3789
3 3794 3790 3789
3 1032 1031 3793
3 1031 3795 3793
3 3793 3795 3794
3 3795 3796 3794
3 3794 3796 3790
3 3796 598 3790
3 3796 3797 598
3 3795 3798 3796
3 1031 3799 3795
3 3796 3798 3797
3 3798 3800 3797
3 3795 3799 3798
3 3799 3801 3798
3 3798 3801 3800
3 3801 597 3800
3 1031 1030 3799
3 1030 3802 3799
3 3799 3802 3801
3 3802 3803 3801
3 3801 3803 597
3 3803 594 597
3 3803 3804 594
3 3802 3805 3803
3 1030 3806 3802
3 3803 3805 3804
3 3805 3807 3804
3 3802 3806 3805
3 3806 3808 3805
3 3805 3808 3807
3 3808 593 3807
3 1030 1029 3806
3 1029 3809 3806
3 3806 3809 3808
3 3809 3810 3808
3 3808 3810 593
3 3810 590 593
3 209 1029 206
3 3811 3812 209
3 1028 3813 3811
3 209 3812 1029
3 3812 3809 1029
3 3811 3813 3812
3 3813 3814 3812
3 3812 3814 3809
3 3814 3810 3809
3 1028 1027 3813
3 1027 3815 3813
3 3813 3815 3814
3 3815 3816 3814
3 3814 3816 3810
3 3816 590 3810
3 3816 3817 590
3 3815 3818 3816
3 1027 3819 3815
3 3816 3818 3817
3 3818 3820 3817
3 3815 3819 3818
3 3819 3821 3818
3 3818 3821 3820
3 3821 589 3820
3 1027 1026 3819
3 1026 3822 3819
3 3819 3822 3821
3 3822 3823 3821
3 3821 3823 589
3 3823 586 589
3 3823 3824 586
3 3822 3825 3823
3 1026 3826 3822
3 3823 3825 3824
3 3825 3827 3824
3 3822 3826 3825
3 3826 3828 3825
3 3825 3828 3827
3 3828 585 3827
3 1026 1025 3826
3 1025 3829 3826
3 3826 3829 3828
3 3829 3830 3828
3 3828 3830 585
3 3830 582 585
3 213 1025 210
3 3831 3832 213
3 1024 3833 3831
3 213 3832 1025
3 3832 3829 1025
3 3831 3833 3832
3 3833 3834 3832
3 3832 3834 3829
3 3834 3830 3829
3 1024 1023 3833
3 1023 3835 3833
3 3833 3835 3834
3 3835 3836 3834
3 3834 3836 3830
3 3836 582 3830
3 1021 1023 214
3 3837 3838 1021
3 1022 3839 3837
3 1021 3838 1023
3 3838 3835 1023
3 3837 3839 3838
3 3839 3840 3838
3 3838 3840 3835
3 3840 3836 3835
3 1022 581 3839
3 581 3841 3839
3 3839 3841 3840
3 3841 3842 3840
3 3840 3842 3836
3 3842 582 3836
3 1022 3843 578
3 3837 3844 1022
3 1021 3845 3837
3 1022 3844 3843
3 3844 3846 3843
3 3837 3845 3844
3 3845 3847 3844
3 3844 3847 3846
3 3847 577 3846
3 1021 1020 3845
3 1020 3848 3845
3 3845 3848 3847
3 3848 3849 3847
3 3847 3849 577
3 3849 574 577
3 3849 3850 574
3 3848 3851 3849
3 1020 3852 3848
3 3849 3851 3850
3 3851 3853 3850
3 3848 3852 3851
3 3852 3854 3851
3 3851 3854 3853
3 3854 573 3853
3 1020 1019 3852
3 1019 3855 3852
3 3852 3855 3854
3 3855 3856 3854
3 3854 3856 573
3 3856 570 573
3 217 1019 214
3 3857 3858 217
3 1018 3859 3857
3 217 3858 1019
3 3858 3855 1019
3 3857 3859 3858
3 3859 3860 3858
3 3858 3860 3855
3 3860 3856 3855
3 1018 1017 3859
3 1017 3861 3859
3 3859 3861 3860
3 3861 3862 3860
3 3860 3862 3856
3 3862 570 3856
3 3862 3863 570
3 3861 3864 3862
3 1017 3865 3861
3 3862 3864 3863
3 3864 3866 3863
3 3861 3865 3864
3 3865 3867 3864
3 3864 3867 3866
3 3867 569 3866
3 1017 1016 3865
3 1016 3868 3865
3 3865 3868 3867
3 3868 3869 3867
3 3867 3869 569
3 3869 566 569
3 3869 3870 566
3 3868 3871 3869
3 1016 3872 3868
3 3869 3871 3870
3 3871 3873 3870
3 3868 3872 3871
3 3872 3874 3871
3 3871 3874 3873
3 3874 565 3873
3 1016 1015 3872
3 1015 3875 3872
3 3872 3875 3874
3 3875 3876 3874
3 3874 3876 565
3 3876 562 565
3 221 1015 218
3 3877 3878 221
3 1014 3879 3877
3 221 3878 1015
3 3878 3875 1015
3 3877 3879 3878
3 3879 3880 3878
3 3878 3880 3875
3 3880 3876 3875
3 1014 1013 3879
3 1013 3881 3879
3 3879 3881 3880
3 3881 3882 3880
3 3880 3882 3876
3 3882 562 3876
3 3882 3883 562
3 3881 3884 3882
3 1013 3885 3881
3 3882 3884 3883
3 3884 3886 3883
3 3881 3885 3884
3 3885 3887 3884
3 3884 3887 3886
3 3887 561 3886
3 1013 1012 3885
3 1012 3888 3885
3 3885 3888 3887
3 3888 3889 3887
3 3887 3889 561
3 3889 559 561
3 225 1012 222
3 3890 3891 225
3 1011 3892 3890
3 225 3891 1012
3 3891 3888 1012
3 3890 3892 3891
3 3892 3893 3891
3 3891 3893 3888
3 3893 3889 3888
3 1011 1010 3892
3 1010 3894 3892
3 3892 3894 3893
3 3894 3895 3893
3 3893 3895 3889
3 3895 559 3889
3 147 1010 145
3 3896 3897 147
3 1009 3898 3896
3 147 3897 1010
3 3897 3894 1010
3 3896 3898 3897
3 3898 3899 3897
3 3897 3899 3894
3 3899 3895 3894
3 1009 1008 3898
3 1008 3900 3898
3 3898 3900 3899
3 3900 3901 3899
3 3899 3901 3895
3 3901 559 3895
3 3901 3902 559
3 3900 3903 3901
3 1008 3904 3900
3 3901 3903 3902
3 3903 3905 3902
3 3900 3904 3903
3 3904 3906 3903
3 3903 3906 3905
3 3906 735 3905
3 1008 1007 3904
3 1007 3907 3904
3 3904 3907 3906
3 3907 3908 3906
3 3906 3908 735
3 3908 732 735
3 151 1007 148
3 3909 3910 151
3 1006 3911 3909
3 151 3910 1007
3 3910 3907 1007
3 3909 3911 3910
3 3911 3912 3910
3 3910 3912 3907
3 3912 3908 3907
3 1006 1005 3911
3 1005 3913 3911
3 3911 3913 3912
3 3913 3914 3912
3 3912 3914 3908
3 3914 732 3908
3 3914 3915 732
3 3913 3916 3914
3 1005 3917 3913
3 3914 3916 3915
3 3916 3918 3915
3 3913 3917 3916
3 3917 3919 3916
3 3916 3919 3918
3 3919 731 3918
3 1005 1004 3917
3 1004 3920 3917
3 3917 3920 3919
3 3920 3921 3919
3 3919 3921 731
3 3921 728 731
3 155 1004 152
3 3922 3923 155
3 1003 3924 3922
3 155 3923 1004
3 3923 3920 1004
3 3922 3924 3923
3 3924 3925 3923
3 3923 3925 3920
3 3925 3921 3920
3 1003 1002 3924
3 1002 3926 3924
3 3924 3926 3925
3 3926 3927 3925
3 3925 3927 3921
3 3927 728 3921
3 3927 3928 728
3 3926 3929 3927
3 1002 3930 3926
3 3927 3929 3928
3 3929 3931 3928
3 3926 3930 3929
3 3930 3932 3929
3 3929 3932 3931
3 3932 727 3931
3 1002 1001 3930
3 1001 3933 3930
3 3930 3933 3932
3 3933 3934 3932
3 3932 3934 727
3 3934 724 727
3 3934 3935 724
3 3933 3936 3934
3 1001 3937 3933
3 3934 3936 3935
3 3936 3938 3935
3 3933 3937 3936
3 3937 3939 3936
3 3936 3939 3938
3 3939 723 3938
3 1001 1000 3937
3 1000 3940 3937
3 3937 3940 3939
3 3940 3941 3939
3 3939 3941 723
3 3941 720 723
3 159 1000 156
3 3942 3943 159
3 999 3944 3942
3 159 3943 1000
3 3943 3940 1000
3 3942 3944 3943
3 3944 3945 3943
3 3943 3945 3940
3 3945 3941 3940
3 999 998 3944
3 998 3946 3944
3 3944 3946 3945
3 3946 3947 3945
3 3945 3947 3941
3 3947 720 3941
3 3947 3948 720
3 3946 3949 3947
3 998 3950 3946
3 3947 3949 3948
3 3949 3951 3948
3 3946 3950 3949
3 3950 3952 3949
3 3949 3952 3951
3 3952 719 3951
3 998 997 3950
3 997 3953 3950
3 3950 3953 3952
3 3953 3954 3952
3 3952 3954 719
3 3954 716 719
3 3954 3955 716
3 3953 3956 3954
3 997 3957 3953
3 3954 3956 3955
3 3956 3958 3955
3 3953 3957 3956
3 3957 3959 3956
3 3956 3959 3958
3 3959 715 3958
3 997 996 3957
3 996 3960 3957
3 3957 3960 3959
3 3960 3961 3959
3 3959 3961 715
3 3961 712 715
3 163 996 160
3 3962 3963 163
3 995 3964 3962
3 163 3963 996
3 3963 3960 996
3 3962 3964 3963
3 3964 3965 3963
3 3963 3965 3960
3 3965 3961 3960
3 995 994 3964
3 994 3966 3964
3 3964 3966 3965
3 3966 3967 3965
3 3965 3967 3961
3 3967 712 3961
3 3967 3968 712
3 3966 3969 3967
3 994 3970 3966
3 3967 3969 3968
3 3969 3971 3968
3 3966 3970 3969
3 3970 3972 3969
3 3969 3972 3971
3 3972 711 3971
3 994 993 3970
3 993 3973 3970
3 3970 3973 3972
3 3973 3974 3972
3 3972 3974 711
3 3974 708 711
3 3974 3975 708
3 3973 3976 3974
3 993 3977 3973
3 3974 3976 3975
3 3976 3978 3975
3 3973 3977 3976
3 3977 3979 3976
3 3976 3979 3978
3 3979 707 3978
3 993 992 3977
3 992 3980 3977
3 3977 3980 3979
3 3980 3981 3979
3 3979 3981 707
3 3981 704 707
3 167 992 164
3 3982 3983 167
3 991 3984 3982
3 167 3983 992
3 3983 3980 992
3 3982 3984 3983
3 3984 3985 3983
3 3983 3985 3980
3 3985 3981 3980
3 991 990 3984
3 990 3986 3984
3 3984 3986 3985
3 3986 3987 3985
3 3985 3987 3981
3 3987 704 3981
3 3987 3988 704
3 3986 3989 3987
3 990 3990 3986
3 3987 3989 3988
3 3989 3991 3988
3 3986 3990 3989
3 3990 3992 3989
3 3989 3992 3991
3 3992 703 3991
3 990 989 3990
3 989 3993 3990
3 3990 3993 3992
3 3993 3994 3992
3 3992 3994 703
3 3994 700 703
3 3994 3995 700
3 3993 3996 3994
3 989 3997 3993
3 3994 3996 3995
3 3996 3998 3995
3 3993 3997 3996
3 3997 3999 3996
3 3996 3999 3998
3 3999 699 3998
3 989 988 3997
3 988 4000 3997
3 3997 4000 3999
3 4000 4001 3999
3 3999 4001 699
3 4001 696 699
3 171 988 168
3 4002 4003 171
3 987 4004 4002
3 171 4003 988
3 4003 4000 988
3 4002 4004 4003
3 4004 4005 4003
3 4003 4005 4000
3 4005 4001 4000
3 987 986 4004
3 986 4006 4004
3 4004 4006 4005
3 4006 4007 4005
3 4005 4007 4001
3 4007 696 4001
3 4007 4008 696
3 4006 4009 4007
3 986 4010 4006
3 4007 4009 4008
3 4009 4011 4008
3 4006 4010 4009
3 4010 4012 4009
3 4009 4012 4011
3 4012 695 4011
3 986 985 4010
3 985 4013 4010
3 4010 4013 4012
3 4013 4014 4012
3 4012 4014 695
3 4014 692 695
3 4014 4015 692
3 4013 4016 4014
3 985 4017 4013
3 4014 4016 4015
3 4016 4018 4015
3 4013 4017 4016
3 4017 4019 4016
3 4016 4019 4018
3 4019 691 4018
3 985 984 4017
3 984 4020 4017
3 4017 4020 4019
3 4020 4021 4019
3 4019 4021 691
3 4021 688 691
3 175 984 172
3 4022 4023 175
3 983 4024 4022
3 175 4023 984
3 4023 4020 984
3 4022 4024 4023
3 4024 4025 4023
3 4023 4025 4020
3 4025 4021 4020
3 983 982 4024
3 982 4026 4024
3 4024 4026 4025
3 4026 4027 4025
3 4025 4027 4021
3 4027 688 4021
3 4027 4028 688
3 4026 4029 4027
3 982 4030 4026
3 4027 4029 4028
3 4029 4031 4028
3 4026 4030 4029
3 4030 4032 4029
3 4029 4032 4031
3 4032 687 4031
3 982 981 4030
3 981 4033 4030
3 4030 4033 4032
3 4033 4034 4032
3 4032 4034 687
3 4034 684 687
3 4034 4035 684
3 4033 4036 4034
3 981 4037 4033
3 4034 4036 4035
3 4036 4038 4035
3 4033 4037 4036
3 4037 4039 4036
3 4036 4039 4038
3 4039 683 4038
3 981 980 4037
3 980 4040 4037
3 4037 4040 4039
3 4040 4041 4039
3 4039 4041 683
3 4041 680 683
3 978 980 176
3 4042 4043 978
3 979 4044 4042
3 978 4043 980
3 4043 4040 980
3 4042 4044 4043
3 4044 4045 4043
3 4043 4045 4040
3 4045 4041 4040
3 979 679 4044
3 679 4046 4044
3 4044 4046 4045
3 4046 4047 4045
3 4045 4047 4041
3 4047 680 4041
3 979 4048 676
3 4042 4049 979
3 978 4050 4042
3 979 4049 4048
3 4049 4051 4048
3 4042 4050 4049
3 4050 4052 4049
3 4049 4052 4051
3 4052 675 4051
3 978 977 4050
3 977 4053 4050
3 4050 4053 4052
3 4053 4054 4052
3 4052 4054 675
3 4054 672 675
3 4054 4055 672
3 4053 4056 4054
3 977 4057 4053
3 4054 4056 4055
3 4056 4058 4055
3 4053 4057 4056
3 4057 4059 4056
3 4056 4059 4058
3 4059 671 4058
3 977 976 4057
3 976 4060 4057
3 4057 4060 4059
3 4060 4061 4059
3 4059 4061 671
3 4061 668 671
3 179 976 176
3 4062 4063 179
3 975 4064 4062
3 179 4063 976
3 4063 4060 976
3 4062 4064 4063
3 4064 4065 4063
3 4063 4065 4060
3 4065 4061 4060
3 975 974 4064
3 974 4066 4064
3 4064 4066 4065
3 4066 4067 4065
3 4065 4067 4061
3 4067 668 4061
3 4067 4068 668
3 4066 4069 4067
3 974 4070 4066
3 4067 4069 4068
3 4069 4071 4068
3 4066 4070 4069
3 4070 4072 4069
3 4069 4072 4071
3 4072 667 4071
3 974 973 4070
3 973 4073 4070
3 4070 4073 4072
3 4073 4074 4072
3 4072 4074 667
3 4074 664 667
3 971 973 180
3 4075 4076 971
3 972 4077 4075
3 971 4076 973
3 4076 4073 973
3 4075 4077 4076
3 4077 4078 4076
3 4076 4078 4073
3 4078 4074 4073
3 972 663 4077
3 663 4079 4077
3 4077 4079 4078
3 4079 4080 4078
3 4078 4080 4074
3 4080 664 4074
3 972 4081 660
3 4075 4082 972
3 971 4083 4075
3 972 4082 4081
3 4082 4084 4081
3 4075 4083 4082
3 4083 4085 4082
3 4082 4085 4084
3 4085 659 4084
3 971 970 4083
3 970 4086 4083
3 4083 4086 4085
3 4086 4087 4085
3 4085 4087 659
3 4087 656 659
3 4087 4088 656
3 4086 4089 4087
3 970 4090 4086
3 4087 4089 4088
3 4089 4091 4088
3 4086 4090 4089
3 4090 4092 4089
3 4089 4092 4091
3 4092 655 4091
3 970 969 4090
3 969 4093 4090
3 4090 4093 4092
3 4093 4094 4092
3 4092 4094 655
3 4094 652 655
3 183 969 180
3 4095 4096 183
3 968 4097 4095
3 183 4096 969
3 4096 4093 969
3 4095 4097 4096
3 4097 4098 4096
3 4096 4098 4093
3 4098 4094 4093
3 968 967 4097
3 967 4099 4097
3 4097 4099 4098
3 4099 4100 4098
3 4098 4100 4094
3 4100 652 4094
3 965 967 95
3 4101 4102 965
3 966 4103 4101
3 965 4102 967
3 4102 4099 967
3 4101 4103 4102
3 4103 4104 4102
3 4102 4104 4099
3 4104 4100 4099
3 966 651 4103
3 651 4105 4103
3 4103 4105 4104
3 4105 4106 4104
3 4104 4106 4100
3 4106 652 4100
3 966 4107 648
3 4101 4108 966
3 965 4109 4101
3 966 4108 4107
3 4108 4110 4107
3 4101 4109 4108
3 4109 4111 4108
3 4108 4111 4110
3 4111 647 4110
3 965 964 4109
3 964 4112 4109
3 4109 4112 4111
3 4112 4113 4111
3 4111 4113 647
3 4113 644 647
3 4113 4114 644
3 4112 4115 4113
3 964 4116 4112
3 4113 4115 4114
3 4115 4117 4114
3 4112 4116 4115
3 4116 4118 4115
3 4115 4118 4117
3 4118 643 4117
3 964 963 4116
3 963 4119 4116
3 4116 4119 4118
3 4119 4120 4118
3 4118 4120 643
3 4120 640 643
3 97 963 95
3 4121 4122 97
3 962 4123 4121
3 97 4122 963
3 4122 4119 963
3 4121 4123 4122
3 4123 4124 4122
3 4122 4124 4119
3 4124 4120 4119
3 962 961 4123
3 961 4125 4123
3 4123 4125 4124
3 4125 4126 4124
3 4124 4126 4120
3 4126 640 4120
3 4126 4127 640
3 4125 4128 4126
3 961 4129 4125
3 4126 4128 4127
3 4128 4130 4127
3 4125 4129 4128
3 4129 4131 4128
3 4128 4131 4130
3 4131 639 4130
3 961 960 4129
3 960 4132 4129
3 4129 4132 4131
3 4132 4133 4131
3 4131 4133 639
3 4133 636 639
3 101 960 98
3 4134 4135 101
3 959 4136 4134
3 101 4135 960
3 4135 4132 960
3 4134 4136 4135
3 4136 4137 4135
3 4135 4137 4132
3 4137 4133 4132
3 959 958 4136
3 958 4138 4136
3 4136 4138 4137
3 4138 954 4137
3 4137 954 4133
3 954 636 4133
3 4139 4140 110
3 4141 4142 4139
3 950 4143 4141
3 4139 4142 4140
3 4142 4144 4140
3 4141 4143 4142
3 4143 4145 4142
3 4142 4145 4144
3 4145 109 4144
3 950 957 4143
3 957 4146 4143
3 4143 4146 4145
3 4146 4147 4145
3 4145 4147 109
3 4147 106 109
3 4147 4148 106
3 4146 4149 4147
3 957 4150 4146
3 4147 4149 4148
3 4149 4151 4148
3 4146 4150 4149
3 4150 4152 4149
3 4149 4152 4151
3 4152 105 4151
3 957 956 4150
3 956 4153 4150
3 4150 4153 4152
3 4153 4154 4152
3 4152 4154 105
3 4154 102 105
3 635 956 632
3 4155 4156 635
3 955 4157 4155
3 635 4156 956
3 4156 4153 956
3 4155 4157 4156
3 4157 4158 4156
3 4156 4158 4153
3 4158 4154 4153
3 955 954 4157
3 954 4138 4157
3 4157 4138 4158
3 4138 958 4158
3 4158 958 4154
3 958 102 4154
3 4159 4160 118
3 4161 4162 4159
3 945 4163 4161
3 4159 4162 4160
3 4162 4164 4160
3 4161 4163 4162
3 4163 4165 4162
3 4162 4165 4164
3 4165 117 4164
3 945 953 4163
3 953 4166 4163
3 4163 4166 4165
3 4166 4167 4165
3 4165 4167 117
3 4167 114 117
3 4167 4168 114
3 4166 4169 4167
3 953 4170 4166
3 4167 4169 4168
3 4169 4171 4168
3 4166 4170 4169
3 4170 4172 4169
3 4169 4172 4171
3 4172 113 4171
3 953 952 4170
3 952 4173 4170
3 4170 4173 4172
3 4173 4174 4172
3 4172 4174 113
3 4174 110 113
3 631 952 628
3 4175 4176 631
3 951 4177 4175
3 631 4176 952
3 4176 4173 952
3 4175 4177 4176
3 4177 4178 4176
3 4176 4178 4173
3 4178 4174 4173
3 951 950 4177
3 950 4141 4177
3 4177 4141 4178
3 4141 4139 4178
3 4178 4139 4174
3 4139 110 4174
3 1170 4179 126
3 3222 4180 1170
3 949 4181 3222
3 1170 4180 4179
3 4180 4182 4179
3 3222 4181 4180
3 4181 4183 4180
3 4180 4183 4182
3 4183 125 4182
3 949 948 4181
3 948 4184 4181
3 4181 4184 4183
3 4184 4185 4183
3 4183 4185 125
3 4185 122 125
3 4185 4186 122
3 4184 4187 4185
3 948 4188 4184
3 4185 4187 4186
3 4187 4189 4186
3 4184 4188 4187
3 4188 4190 4187
3 4187 4190 4189
3 4190 121 4189
3 948 947 4188
3 947 4191 4188
3 4188 4191 4190
3 4191 4192 4190
3 4190 4192 121
3 4192 118 121
3 627 947 624
3 4193 4194 627
3 946 4195 4193
3 627 4194 947
3 4194 4191 947
3 4193 4195 4194
3 4195 4196 4194
3 4194 4196 4191
3 4196 4192 4191
3 946 945 4195
3 945 4161 4195
3 4195 4161 4196
3 4161 4159 4196
3 4196 4159 4192
3 4159 118 4192
3 1171 4197 138
3 3215 4198 1171
3 944 4199 3215
3 1171 4198 4197
3 4198 4200 4197
3 3215 4199 4198
3 4199 4201 4198
3 4198 4201 4200
3 4201 137 4200
3 944 943 4199
3 943 4202 4199
3 4199 4202 4201
3 4202 4203 4201
3 4201 4203 137
3 4203 134 137
3 4203 4204 134
3 4202 4205 4203
3 943 4206 4202
3 4203 4205 4204
3 4205 4207 4204
3 4202 4206 4205
3 4206 4208 4205
3 4205 4208 4207
3 4208 133 4207
3 943 942 4206
3 942 4209 4206
3 4206 4209 4208
3 4209 4210 4208
3 4208 4210 133
3 4210 130 133
3 623 942 620
3 4211 4212 623
3 941 4213 4211
3 623 4212 942
3 4212 4209 942
3 4211 4213 4212
3 4213 4214 4212
3 4212 4214 4209
3 4214 4210 4209
3 941 940 4213
3 940 3225 4213
3 4213 3225 4214
3 3225 3227 4214
3 4214 3227 4210
3 3227 130 4210
3 3214 4215 620
3 3218 4216 3214
3 939 4217 3218
3 3214 4216 4215
3 4216 4218 4215
3 3218 4217 4216
3 4217 4219 4216
3 4216 4219 4218
3 4219 619 4218
3 939 938 4217
3 938 4220 4217
3 4217 4220 4219
3 4220 4221 4219
3 4219 4221 619
3 4221 617 619
3 4221 4222 617
3 4220 4223 4221
3 938 4224 4220
3 4221 4223 4222
3 4223 4225 4222
3 4220 4224 4223
3 4224 4226 4223
3 4223 4226 4225
3 4226 797 4225
3 938 937 4224
3 937 4227 4224
3 4224 4227 4226
3 4227 4228 4226
3 4226 4228 797
3 4228 794 797
3 935 937 45
3 4229 4230 935
3 936 4231 4229
3 935 4230 937
3 4230 4227 937
3 4229 4231 4230
3 4231 4232 4230
3 4230 4232 4227
3 4232 4228 4227
3 936 793 4231
3 793 4233 4231
3 4231 4233 4232
3 4233 4234 4232
3 4232 4234 4228
3 4234 794 4228
3 936 4235 790
3 4229 4236 936
3 935 4237 4229
3 936 4236 4235
3 4236 4238 4235
3 4229 4237 4236
3 4237 4239 4236
3 4236 4239 4238
3 4239 789 4238
3 935 934 4237
3 934 4240 4237
3 4237 4240 4239
3 4240 4241 4239
3 4239 4241 789
3 4241 786 789
3 4241 4242 786
3 4240 4243 4241
3 934 4244 4240
3 4241 4243 4242
3 4243 4245 4242
3 4240 4244 4243
3 4244 4246 4243
3 4243 4246 4245
3 4246 785 4245
3 934 933 4244
3 933 4247 4244
3 4244 4247 4246
3 4247 4248 4246
3 4246 4248 785
3 4248 782 785
3 931 933 45
3 4249 4250 931
3 932 4251 4249
3 931 4250 933
3 4250 4247 933
3 4249 4251 4250
3 4251 4252 4250
3 4250 4252 4247
3 4252 4248 4247
3 932 781 4251
3 781 4253 4251
3 4251 4253 4252
3 4253 4254 4252
3 4252 4254 4248
3 4254 782 4248
3 932 4255 778
3 4249 4256 932
3 931 4257 4249
3 932 4256 4255
3 4256 4258 4255
3 4249 4257 4256
3 4257 4259 4256
3 4256 4259 4258
3 4259 777 4258
3 931 930 4257
3 930 4260 4257
3 4257 4260 4259
3 4260 4261 4259
3 4259 4261 777
3 4261 774 777
3 4261 4262 774
3 4260 4263 4261
3 930 4264 4260
3 4261 4263 4262
3 4263 4265 4262
3 4260 4264 4263
3 4264 4266 4263
3 4263 4266 4265
3 4266 773 4265
3 930 929 4264
3 929 4267 4264
3 4264 4267 4266
3 4267 4268 4266
3 4266 4268 773
3 4268 770 773
3 927 929 45
3 4269 4270 927
3 928 4271 4269
3 927 4270 929
3 4270 4267 929
3 4269 4271 4270
3 4271 4272 4270
3 4270 4272 4267
3 4272 4268 4267
3 928 769 4271
3 769 4273 4271
3 4271 4273 4272
3 4273 4274 4272
3 4272 4274 4268
3 4274 770 4268
3 928 4275 766
3 4269 4276 928
3 927 4277 4269
3 928 4276 4275
3 4276 4278 4275
3 4269 4277 4276
3 4277 4279 4276
3 4276 4279 4278
3 4279 765 4278
3 927 926 4277
3 926 4280 4277
3 4277 4280 4279
3 4280 4281 4279
3 4279 4281 765
3 4281 762 765
3 4281 4282 762
3 4280 4283 4281
3 926 4284 4280
3 4281 4283 4282
3 4283 4285 4282
3 4280 4284 4283
3 4284 4286 4283
3 4283 4286 4285
3 4286 761 4285
3 926 925 4284
3 925 4287 4284
3 4284 4287 4286
3 4287 4288 4286
3 4286 4288 761
3 4288 758 761
3 923 925 45
3 4289 4290 923
3 924 4291 4289
3 923 4290 925
3 4290 4287 925
3 4289 4291 4290
3 4291 4292 4290
3 4290 4292 4287
3 4292 4288 4287
3 924 757 4291
3 757 4293 4291
3 4291 4293 4292
3 4293 4294 4292
3 4292 4294 4288
3 4294 758 4288
3 924 4295 754
3 4289 4296 924
3 923 4297 4289
3 924 4296 4295
3 4296 4298 4295
3 4289 4297 4296
3 4297 4299 4296
3 4296 4299 4298
3 4299 753 4298
3 923 922 4297
3 922 4300 4297
3 4297 4300 4299
3 4300 4301 4299
3 4299 4301 753
3 4301 750 753
3 4301 4302 750
3 4300 4303 4301
3 922 4304 4300
3 4301 4303 4302
3 4303 4305 4302
3 4300 4304 4303
3 4304 4306 4303
3 4303 4306 4305
3 4306 749 4305
3 922 921 4304
3 921 4307 4304
3 4304 4307 4306
3 4307 4308 4306
3 4306 4308 749
3 4308 746 749
3 917 921 45
3 4309 4310 917
3 920 4311 4309
3 917 4310 921
3 4310 4307 921
3 4309 4311 4310
3 4311 4312 4310
3 4310 4312 4307
3 4312 4308 4307
3 920 745 4311
3 745 4313 4311
3 4311 4313 4312
3 4313 4314 4312
3 4312 4314 4308
3 4314 746 4308
3 741 4315 739
3 4316 4317 741
3 919 4318 4316
3 741 4317 4315
3 4317 4319 4315
3 4316 4318 4317
3 4318 4320 4317
3 4317 4320 4319
3 4320 855 4319
3 919 918 4318
3 918 4321 4318
3 4318 4321 4320
3 4321 4322 4320
3 4320 4322 855
3 4322 852 855
3 920 918 742
3 4309 4323 920
3 917 4324 4309
3 920 4323 918
3 4323 4321 918
3 4309 4324 4323
3 4324 4325 4323
3 4323 4325 4321
3 4325 4322 4321
3 917 916 4324
3 916 4326 4324
3 4324 4326 4325
3 4326 4327 4325
3 4325 4327 4322
3 4327 852 4322
3 4327 4328 852
3 4326 4329 4327
3 916 4330 4326
3 4327 4329 4328
3 4329 4331 4328
3 4326 4330 4329
3 4330 4332 4329
3 4329 4332 4331
3 4332 851 4331
3 916 915 4330
3 915 4333 4330
3 4330 4333 4332
3 4333 4334 4332
3 4332 4334 851
3 4334 848 851
3 47 915 45
3 4335 4336 47
3 914 4337 4335
3 47 4336 915
3 4336 4333 915
3 4335 4337 4336
3 4337 4338 4336
3 4336 4338 4333
3 4338 4334 4333
3 914 913 4337
3 913 4339 4337
3 4337 4339 4338
3 4339 4340 4338
3 4338 4340 4334
3 4340 848 4334
3 51 913 48
3 4341 4342 51
3 912 4343 4341
3 51 4342 913
3 4342 4339 913
3 4341 4343 4342
3 4343 4344 4342
3 4342 4344 4339
3 4344 4340 4339
3 912 911 4343
3 911 4345 4343
3 4343 4345 4344
3 4345 4346 4344
3 4344 4346 4340
3 4346 848 4340
3 55 911 52
3 4347 4348 55
3 910 4349 4347
3 55 4348 911
3 4348 4345 911
3 4347 4349 4348
3 4349 4350 4348
3 4348 4350 4345
3 4350 4346 4345
3 910 909 4349
3 909 4351 4349
3 4349 4351 4350
3 4351 4352 4350
3 4350 4352 4346
3 4352 848 4346
3 59 909 56
3 4353 4354 59
3 908 4355 4353
3 59 4354 909
3 4354 4351 909
3 4353 4355 4354
3 4355 4356 4354
3 4354 4356 4351
3 4356 4352 4351
3 908 907 4355
3 907 4357 4355
3 4355 4357 4356
3 4357 4358 4356
3 4356 4358 4352
3 4358 848 4352
3 63 907 60
3 4359 4360 63
3 906 4361 4359
3 63 4360 907
3 4360 4357 907
3 4359 4361 4360
3 4361 4362 4360
3 4360 4362 4357
3 4362 4358 4357
3 906 905 4361
3 905 4363 4361
3 4361 4363 4362
3 4363 4364 4362
3 4362 4364 4358
3 4364 848 4358
3 67 905 64
3 4365 4366 67
3 904 4367 4365
3 67 4366 905
3 4366 4363 905
3 4365 4367 4366
3 4367 4368 4366
3 4366 4368 4363
3 4368 4364 4363
3 904 903 4367
3 903 4369 4367
3 4367 4369 4368
3 4369 4370 4368
3 4368 4370 4364
3 4370 848 4364
3 71 903 68
3 4371 4372 71
3 902 4373 4371
3 71 4372 903
3 4372 4369 903
3 4371 4373 4372
3 4373 4374 4372
3 4372 4374 4369
3 4374 4370 4369
3 902 901 4373
3 901 4375 4373
3 4373 4375 4374
3 4375 4376 4374
3 4374 4376 4370
3 4376 848 4370
3 75 901 72
3 4377 4378 75
3 900 4379 4377
3 75 4378 901
3 4378 4375 901
3 4377 4379 4378
3 4379 4380 4378
3 4378 4380 4375
3 4380 4376 4375
3 900 899 4379
3 899 4381 4379
3 4379 4381 4380
3 4381 4382 4380
3 4380 4382 4376
3 4382 848 4376
3 79 899 76
3 4383 4384 79
3 898 4385 4383
3 79 4384 899
3 4384 4381 899
3 4383 4385 4384
3 4385 4386 4384
3 4384 4386 4381
3 4386 4382 4381
3 898 897 4385
3 897 4387 4385
3 4385 4387 4386
3 4387 4388 4386
3 4386 4388 4382
3 4388 848 4382
3 83 897 80
3 4389 4390 83
3 896 4391 4389
3 83 4390 897
3 4390 4387 897
3 4389 4391 4390
3 4391 4392 4390
3 4390 4392 4387
3 4392 4388 4387
3 896 895 4391
3 895 4393 4391
3 4391 4393 4392
3 4393 4394 4392
3 4392 4394 4388
3 4394 848 4388
3 87 895 84
3 4395 4396 87
3 894 4397 4395
3 87 4396 895
3 4396 4393 895
3 4395 4397 4396
3 4397 4398 4396
3 4396 4398 4393
3 4398 4394 4393
3 894 893 4397
3 893 4399 4397
3 4397 4399 4398
3 4399 4400 4398
3 4398 4400 4394
3 4400 848 4394
3 91 893 88
3 4401 4402 91
3 892 4403 4401
3 91 4402 893
3 4402 4399 893
3 4401 4403 4402
3 4403 4404 4402
3 4402 4404 4399
3 4404 4400 4399
3 892 891 4403
3 891 4405 4403
3 4403 4405 4404
3 4405 4406 4404
3 4404 4406 4400
3 4406 848 4400
3 5 891 3
3 4407 4408 5
3 890 4409 4407
3 5 4408 891
3 4408 4405 891
3 4407 4409 4408
3 4409 4410 4408
3 4408 4410 4405
3 4410 4406 4405
3 890 889 4409
3 889 4411 4409
3 4409 4411 4410
3 4411 4412 4410
3 4410 4412 4406
3 4412 848 4406
3 9 889 6
3 4413 4414 9
3 888 4415 4413
3 9 4414 889
3 4414 4411 889
3 4413 4415 4414
3 4415 4416 4414
3 4414 4416 4411
3 4416 4412 4411
3 888 887 4415
3 887 4417 4415
3 4415 4417 4416
3 4417 4418 4416
3 4416 4418 4412
3 4418 848 4412
3 13 887 10
3 4419 4420 13
3 886 4421 4419
3 13 4420 887
3 4420 4417 887
3 4419 4421 4420
3 4421 4422 4420
3 4420 4422 4417
3 4422 4418 4417
3 886 885 4421
3 885 4423 4421
3 4421 4423 4422
3 4423 4424 4422
3 4422 4424 4418
3 4424 848 4418
3 4424 4425 848
3 4423 4426 4424
3 885 4427 4423
3 4424 4426 4425
3 4426 4428 4425
3 4423 4427 4426
3 4427 4429 4426
3 4426 4429 4428
3 4429 847 4428
3 885 884 4427
3 884 4430 4427
3 4427 4430 4429
3 4430 4431 4429
3 4429 4431 847
3 4431 844 847
3 17 884 14
3 4432 4433 17
3 883 4434 4432
3 17 4433 884
3 4433 4430 884
3 4432 4434 4433
3 4434 4435 4433
3 4433 4435 4430
3 4435 4431 4430
3 883 882 4434
3 882 4436 4434
3 4434 4436 4435
3 4436 4437 4435
3 4435 4437 4431
3 4437 844 4431
3 4437 4438 844
3 4436 4439 4437
3 882 4440 4436
3 4437 4439 4438
3 4439 4441 4438
3 4436 4440 4439
3 4440 4442 4439
3 4439 4442 4441
3 4442 843 4441
3 882 881 4440
3 881 4443 4440
3 4440 4443 4442
3 4443 4444 4442
3 4442 4444 843
3 4444 840 843
3 21 881 18
3 4445 4446 21
3 880 4447 4445
3 21 4446 881
3 4446 4443 881
3 4445 4447 4446
3 4447 4448 4446
3 4446 4448 4443
3 4448 4444 4443
3 880 879 4447
3 879 4449 4447
3 4447 4449 4448
3 4449 4450 4448
3 4448 4450 4444
3 4450 840 4444
3 4450 4451 840
3 4449 4452 4450
3 879 4453 4449
3 4450 4452 4451
3 4452 4454 4451
3 4449 4453 4452
3 4453 4455 4452
3 4452 4455 4454
3 4455 839 4454
3 879 878 4453
3 878 4456 4453
3 4453 4456 4455
3 4456 4457 4455
3 4455 4457 839
3 4457 836 839
3 4457 4458 836
3 4456 4459 4457
3 878 4460 4456
3 4457 4459 4458
3 4459 4461 4458
3 4456 4460 4459
3 4460 4462 4459
3 4459 4462 4461
3 4462 835 4461
3 878 877 4460
3 877 4463 4460
3 4460 4463 4462
3 4463 4464 4462
3 4462 4464 835
3 4464 832 835
3 25 877 22
3 4465 4466 25
3 876 4467 4465
3 25 4466 877
3 4466 4463 877
3 4465 4467 4466
3 4467 4468 4466
3 4466 4468 4463
3 4468 4464 4463
3 876 875 4467
3 875 4469 4467
3 4467 4469 4468
3 4469 4470 4468
3 4468 4470 4464
3 4470 832 4464
3 4470 4471 832
3 4469 4472 4470
3 875 4473 4469
3 4470 4472 4471
3 4472 4474 4471
3 4469 4473 4472
3 4473 4475 4472
3 4472 4475 4474
3 4475 831 4474
3 875 874 4473
3 874 4476 4473
3 4473 4476 4475
3 4476 4477 4475
3 4475 4477 831
3 4477 828 831
3 4477 4478 828
3 4476 4479 4477
3 874 4480 4476
3 4477 4479 4478
3 4479 4481 4478
3 4476 4480 4479
3 4480 4482 4479
3 4479 4482 4481
3 4482 827 4481
3 874 873 4480
3 873 4483 4480
3 4480 4483 4482
3 4483 4484 4482
3 4482 4484 827
3 4484 824 827
3 29 873 26
3 4485 4486 29
3 872 4487 4485
3 29 4486 873
3 4486 4483 873
3 4485 4487 4486
3 4487 4488 4486
3 4486 4488 4483
3 4488 4484 4483
3 872 871 4487
3 871 4489 4487
3 4487 4489 4488
3 4489 4490 4488
3 4488 4490 4484
3 4490 824 4484
3 869 871 30
3 4491 4492 869
3 870 4493 4491
3 869 4492 871
3 4492 4489 871
3 4491 4493 4492
3 4493 4494 4492
3 4492 4494 4489
3 4494 4490 4489
3 870 823 4493
3 823 4495 4493
3 4493 4495 4494
3 4495 4496 4494
3 4494 4496 4490
3 4496 824 4490
3 870 4497 820
3 4491 4498 870
3 869 4499 4491
3 870 4498 4497
3 4498 4500 4497
3 4491 4499 4498
3 4499 4501 4498
3 4498 4501 4500
3 4501 819 4500
3 869 868 4499
3 868 4502 4499
3 4499 4502 4501
3 4502 4503 4501
3 4501 4503 819
3 4503 816 819
3 4503 4504 816
3 4502 4505 4503
3 868 4506 4502
3 4503 4505 4504
3 4505 4507 4504
3 4502 4506 4505
3 4506 4508 4505
3 4505 4508 4507
3 4508 815 4507
3 868 867 4506
3 867 4509 4506
3 4506 4509 4508
3 4509 4510 4508
3 4508 4510 815
3 4510 812 815
3 33 867 30
3 4511 4512 33
3 866 4513 4511
3 33 4512 867
3 4512 4509 867
3 4511 4513 4512
3 4513 4514 4512
3 4512 4514 4509
3 4514 4510 4509
3 866 865 4513
3 865 4515 4513
3 4513 4515 4514
3 4515 4516 4514
3 4514 4516 4510
3 4516 812 4510
3 4516 4517 812
3 4515 4518 4516
3 865 4519 4515
3 4516 4518 4517
3 4518 4520 4517
3 4515 4519 4518
3 4519 4521 4518
3 4518 4521 4520
3 4521 811 4520
3 865 864 4519
3 864 4522 4519
3 4519 4522 4521
3 4522 4523 4521
3 4521 4523 811
3 4523 808 811
3 4523 4524 808
3 4522 4525 4523
3 864 4526 4522
3 4523 4525 4524
3 4525 4527 4524
3 4522 4526 4525
3 4526 4528 4525
3 4525 4528 4527
3 4528 807 4527
3 864 863 4526
3 863 4529 4526
3 4526 4529 4528
3 4529 4530 4528
3 4528 4530 807
3 4530 804 807
3 37 863 34
3 4531 4532 37
3 862 4533 4531
3 37 4532 863
3 4532 4529 863
3 4531 4533 4532
3 4533 4534 4532
3 4532 4534 4529
3 4534 4530 4529
3 862 861 4533
3 861 4535 4533
3 4533 4535 4534
3 4535 856 4534
3 4534 856 4530
3 856 804 4530
3 1169 4536 332
3 3231 4537 1169
3 860 4538 3231
3 1169 4537 4536
3 4537 4539 4536
3 3231 4538 4537
3 4538 4540 4537
3 4537 4540 4539
3 4540 331 4539
3 860 859 4538
3 859 4541 4538
3 4538 4541 4540
3 4541 4542 4540
3 4540 4542 331
3 4542 329 331
3 4542 4543 329
3 4541 4544 4542
3 859 4545 4541
3 4542 4544 4543
3 4544 4546 4543
3 4541 4545 4544
3 4545 4547 4544
3 4544 4547 4546
3 4547 41 4546
3 859 858 4545
3 858 4548 4545
3 4545 4548 4547
3 4548 4549 4547
3 4547 4549 41
3 4549 38 41
3 803 858 801
3 4550 4551 803
3 857 4552 4550
3 803 4551 858
3 4551 4548 858
3 4550 4552 4551
3 4552 4553 4551
3 4551 4553 4548
3 4553 4549 4548
3 857 856 4552
3 856 4535 4552
3 4552 4535 4553
3 4535 861 4553
3 4553 861 4549
3 861 38 4549
3 4315 4554 739
3 4319 4555 4315
3 855 4556 4319
3 4315 4555 4554
3 4555 4557 4554
3 4319 4556 4555
3 4556 4558 4555
3 4555 4558 4557
3 4558 738 4557
3 855 854 4556
3 854 4559 4556
3 4556 4559 4558
3 4559 4560 4558
3 4558 4560 738
3 4560 736 738
3 4560 1172 736
3 4559 4561 4560
3 854 4562 4559
3 4560 4561 1172
3 4561 3212 1172
3 4559 4562 4561
3 4562 4563 4561
3 4561 4563 3212
3 4563 3213 3212
3 854 853 4562
3 853 4564 4562
3 4562 4564 4563
3 4564 4565 4563
3 4563 4565 3213
3 4565 1221 3213
3 4328 853 852
3 4331 4566 4328
3 851 4567 4331
3 4328 4566 853
3 4566 4564 853
3 4331 4567 4566
3 4567 4568 4566
3 4566 4568 4564
3 4568 4565 4564
3 851 850 4567
3 850 4569 4567
3 4567 4569 4568
3 4569 4570 4568
3 4568 4570 4565
3 4570 1221 4565
3 4570 1222 1221
3 4569 4571 4570
3 850 4572 4569
3 4570 4571 1222
3 4571 3078 1222
3 4569 4572 4571
3 4572 4573 4571
3 4571 4573 3078
3 4573 3079 3078
3 850 849 4572
3 849 4574 4572
3 4572 4574 4573
3 4574 4575 4573
3 4573 4575 3079
3 4575 2967 3079
3 4425 849 848
3 4428 4576 4425
3 847 4577 4428
3 4425 4576 849
3 4576 4574 849
3 4428 4577 4576
3 4577 4578 4576
3 4576 4578 4574
3 4578 4575 4574
3 847 846 4577
3 846 4579 4577
3 4577 4579 4578
3 4579 4580 4578
3 4578 4580 4575
3 4580 2967 4575
3 4580 2964 2967
3 4579 4581 4580
3 846 4582 4579
3 4580 4581 2964
3 4581 2962 2964
3 4579 4582 4581
3 4582 4583 4581
3 4581 4583 2962
3 4583 2959 2962
3 846 845 4582
3 845 4584 4582
3 4582 4584 4583
3 4584 4585 4583
3 4583 4585 2959
3 4585 2951 2959
3 4438 845 844
3 4441 4586 4438
3 843 4587 4441
3 4438 4586 845
3 4586 4584 845
3 4441 4587 4586
3 4587 4588 4586
3 4586 4588 4584
3 4588 4585 4584
3 843 842 4587
3 842 4589 4587
3 4587 4589 4588
3 4589 4590 4588
3 4588 4590 4585
3 4590 2951 4585
3 4590 2948 2951
3 4589 4591 4590
3 842 4592 4589
3 4590 4591 2948
3 4591 2946 2948
3 4589 4592 4591
3 4592 4593 4591
3 4591 4593 2946
3 4593 2943 2946
3 842 841 4592
3 841 4594 4592
3 4592 4594 4593
3 4594 4595 4593
3 4593 4595 2943
3 4595 2935 2943
3 4451 841 840
3 4454 4596 4451
3 839 4597 4454
3 4451 4596 841
3 4596 4594 841
3 4454 4597 4596
3 4597 4598 4596
3 4596 4598 4594
3 4598 4595 4594
3 839 838 4597
3 838 4599 4597
3 4597 4599 4598
3 4599 4600 4598
3 4598 4600 4595
3 4600 2935 4595
3 4600 2932 2935
3 4599 4601 4600
3 838 4602 4599
3 4600 4601 2932
3 4601 2930 2932
3 4599 4602 4601
3 4602 4603 4601
3 4601 4603 2930
3 4603 2927 2930
3 838 837 4602
3 837 4604 4602
3 4602 4604 4603
3 4604 4605 4603
3 4603 4605 2927
3 4605 2926 2927
3 4458 837 836
3 4461 4606 4458
3 835 4607 4461
3 4458 4606 837
3 4606 4604 837
3 4461 4607 4606
3 4607 4608 4606
3 4606 4608 4604
3 4608 4605 4604
3 835 834 4607
3 834 4609 4607
3 4607 4609 4608
3 4609 4610 4608
3 4608 4610 4605
3 4610 2926 4605
3 4610 2923 2926
3 4609 4611 4610
3 834 4612 4609
3 4610 4611 2923
3 4611 2921 2923
3 4609 4612 4611
3 4612 4613 4611
3 4611 4613 2921
3 4613 2918 2921
3 834 833 4612
3 833 4614 4612
3 4612 4614 4613
3 4614 4615 4613
3 4613 4615 2918
3 4615 2910 2918
3 4471 833 832
3 4474 4616 4471
3 831 4617 4474
3 4471 4616 833
3 4616 4614 833
3 4474 4617 4616
3 4617 4618 4616
3 4616 4618 4614
3 4618 4615 4614
3 831 830 4617
3 830 4619 4617
3 4617 4619 4618
3 4619 4620 4618
3 4618 4620 4615
3 4620 2910 4615
3 4620 2907 2910
3 4619 4621 4620
3 830 4622 4619
3 4620 4621 2907
3 4621 2905 2907
3 4619 4622 4621
3 4622 4623 4621
3 4621 4623 2905
3 4623 2902 2905
3 830 829 4622
3 829 4624 4622
3 4622 4624 4623
3 4624 4625 4623
3 4623 4625 2902
3 4625 2901 2902
3 4478 829 828
3 4481 4626 4478
3 827 4627 4481
3 4478 4626 829
3 4626 4624 829
3 4481 4627 4626
3 4627 4628 4626
3 4626 4628 4624
3 4628 4625 4624
3 827 826 4627
3 826 4629 4627
3 4627 4629 4628
3 4629 4630 4628
3 4628 4630 4625
3 4630 2901 4625
3 4630 2898 2901
3 4629 4631 4630
3 826 4632 4629
3 4630 4631 2898
3 4631 2896 2898
3 4629 4632 4631
3 4632 4633 4631
3 4631 4633 2896
3 4633 2893 2896
3 826 825 4632
3 825 4634 4632
3 4632 4634 4633
3 4634 4635 4633
3 4633 4635 2893
3 4635 2885 2893
3 4496 825 824
3 4495 4636 4496
3 823 4637 4495
3 4496 4636 825
3 4636 4634 825
3 4495 4637 4636
3 4637 4638 4636
3 4636 4638 4634
3 4638 4635 4634
3 823 822 4637
3 822 4639 4637
3 4637 4639 4638
3 4639 4640 4638
3 4638 4640 4635
3 4640 2885 4635
3 4640 2882 2885
3 4639 4641 4640
3 822 4642 4639
3 4640 4641 2882
3 4641 2880 2882
3 4639 4642 4641
3 4642 4643 4641
3 4641 4643 2880
3 4643 2877 2880
3 822 821 4642
3 821 4644 4642
3 4642 4644 4643
3 4644 4645 4643
3 4643 4645 2877
3 4645 2876 2877
3 4497 821 820
3 4500 4646 4497
3 819 4647 4500
3 4497 4646 821
3 4646 4644 821
3 4500 4647 4646
3 4647 4648 4646
3 4646 4648 4644
3 4648 4645 4644
3 819 818 4647
3 818 4649 4647
3 4647 4649 4648
3 4649 4650 4648
3 4648 4650 4645
3 4650 2876 4645
3 4650 2873 2876
3 4649 4651 4650
3 818 4652 4649
3 4650 4651 2873
3 4651 2871 2873
3 4649 4652 4651
3 4652 4653 4651
3 4651 4653 2871
3 4653 2868 2871
3 818 817 4652
3 817 4654 4652
3 4652 4654 4653
3 4654 4655 4653
3 4653 4655 2868
3 4655 1287 2868
3 4504 817 816
3 4507 4656 4504
3 815 4657 4507
3 4504 4656 817
3 4656 4654 817
3 4507 4657 4656
3 4657 4658 4656
3 4656 4658 4654
3 4658 4655 4654
3 815 814 4657
3 814 4659 4657
3 4657 4659 4658
3 4659 4660 4658
3 4658 4660 4655
3 4660 1287 4655
3 4660 1288 1287
3 4659 4661 4660
3 814 4662 4659
3 4660 4661 1288
3 4661 2866 1288
3 4659 4662 4661
3 4662 4663 4661
3 4661 4663 2866
3 4663 2867 2866
3 814 813 4662
3 813 4664 4662
3 4662 4664 4663
3 4664 4665 4663
3 4663 4665 2867
3 4665 2854 2867
3 4517 813 812
3 4520 4666 4517
3 811 4667 4520
3 4517 4666 813
3 4666 4664 813
3 4520 4667 4666
3 4667 4668 4666
3 4666 4668 4664
3 4668 4665 4664
3 811 810 4667
3 810 4669 4667
3 4667 4669 4668
3 4669 4670 4668
3 4668 4670 4665
3 4670 2854 4665
3 4670 2851 2854
3 4669 4671 4670
3 810 4672 4669
3 4670 4671 2851
3 4671 2849 2851
3 4669 4672 4671
3 4672 4673 4671
3 4671 4673 2849
3 4673 2846 2849
3 810 809 4672
3 809 4674 4672
3 4672 4674 4673
3 4674 4675 4673
3 4673 4675 2846
3 4675 2845 2846
3 4524 809 808
3 4527 4676 4524
3 807 4677 4527
3 4524 4676 809
3 4676 4674 809
3 4527 4677 4676
3 4677 4678 4676
3 4676 4678 4674
3 4678 4675 4674
3 807 806 4677
3 806 4679 4677
3 4677 4679 4678
3 4679 4680 4678
3 4678 4680 4675
3 4680 2845 4675
3 4680 2842 2845
3 4679 4681 4680
3 806 4682 4679
3 4680 4681 2842
3 4681 2840 2842
3 4679 4682 4681
3 4682 4683 4681
3 4681 4683 2840
3 4683 2837 2840
3 806 805 4682
3 805 4684 4682
3 4682 4684 4683
3 4684 4685 4683
3 4683 4685 2837
3 4685 2829 2837
3 857 805 804
3 4550 4686 857
3 803 4687 4550
3 857 4686 805
3 4686 4684 805
3 4550 4687 4686
3 4687 4688 4686
3 4686 4688 4684
3 4688 4685 4684
3 803 802 4687
3 802 4689 4687
3 4687 4689 4688
3 4689 4690 4688
3 4688 4690 4685
3 4690 2829 4685
3 4691 802 801
3 4692 4693 4691
3 800 4694 4692
3 4691 4693 802
3 4693 4689 802
3 4692 4694 4693
3 4694 4695 4693
3 4693 4695 4689
3 4695 4690 4689
3 800 799 4694
3 799 2824 4694
3 4694 2824 4695
3 2824 2826 4695
3 4695 2826 4690
3 2826 2829 4690
3 4222 4696 617
3 4225 4697 4222
3 797 4698 4225
3 4222 4697 4696
3 4697 4699 4696
3 4225 4698 4697
3 4698 4700 4697
3 4697 4700 4699
3 4700 616 4699
3 797 796 4698
3 796 4701 4698
3 4698 4701 4700
3 4701 4702 4700
3 4700 4702 616
3 4702 614 616
3 4702 3104 614
3 4701 4703 4702
3 796 4704 4701
3 4702 4703 3104
3 4703 3105 3104
3 4701 4704 4703
3 4704 4705 4703
3 4703 4705 3105
3 4705 1215 3105
3 796 795 4704
3 795 4706 4704
3 4704 4706 4705
3 4706 4707 4705
3 4705 4707 1215
3 4707 1213 1215
3 4234 795 794
3 4233 4708 4234
3 793 4709 4233
3 4234 4708 795
3 4708 4706 795
3 4233 4709 4708
3 4709 4710 4708
3 4708 4710 4706
3 4710 4707 4706
3 793 792 4709
3 792 4711 4709
3 4709 4711 4710
3 4711 4712 4710
3 4710 4712 4707
3 4712 1213 4707
3 4712 3111 1213
3 4711 4713 4712
3 792 4714 4711
3 4712 4713 3111
3 4713 3112 3111
3 4711 4714 4713
3 4714 4715 4713
3 4713 4715 3112
3 4715 1212 3112
3 792 791 4714
3 791 4716 4714
3 4714 4716 4715
3 4716 4717 4715
3 4715 4717 1212
3 4717 1210 1212
3 4235 791 790
3 4238 4718 4235
3 789 4719 4238
3 4235 4718 791
3 4718 4716 791
3 4238 4719 4718
3 4719 4720 4718
3 4718 4720 4716
3 4720 4717 4716
3 789 788 4719
3 788 4721 4719
3 4719 4721 4720
3 4721 4722 4720
3 4720 4722 4717
3 4722 1210 4717
3 4722 3118 1210
3 4721 4723 4722
3 788 4724 4721
3 4722 4723 3118
3 4723 3119 3118
3 4721 4724 4723
3 4724 4725 4723
3 4723 4725 3119
3 4725 1209 3119
3 788 787 4724
3 787 4726 4724
3 4724 4726 4725
3 4726 4727 4725
3 4725 4727 1209
3 4727 1207 1209
3 4242 787 786
3 4245 4728 4242
3 785 4729 4245
3 4242 4728 787
3 4728 4726 787
3 4245 4729 4728
3 4729 4730 4728
3 4728 4730 4726
3 4730 4727 4726
3 785 784 4729
3 784 4731 4729
3 4729 4731 4730
3 4731 4732 4730
3 4730 4732 4727
3 4732 1207 4727
3 4732 3125 1207
3 4731 4733 4732
3 784 4734 4731
3 4732 4733 3125
3 4733 3126 3125
3 4731 4734 4733
3 4734 4735 4733
3 4733 4735 3126
3 4735 1206 3126
3 784 783 4734
3 783 4736 4734
3 4734 4736 4735
3 4736 4737 4735
3 4735 4737 1206
3 4737 1204 1206
3 4254 783 782
3 4253 4738 4254
3 781 4739 4253
3 4254 4738 783
3 4738 4736 783
3 4253 4739 4738
3 4739 4740 4738
3 4738 4740 4736
3 4740 4737 4736
3 781 780 4739
3 780 4741 4739
3 4739 4741 4740
3 4741 4742 4740
3 4740 4742 4737
3 4742 1204 4737
3 4742 3132 1204
3 4741 4743 4742
3 780 4744 4741
3 4742 4743 3132
3 4743 3133 3132
3 4741 4744 4743
3 4744 4745 4743
3 4743 4745 3133
3 4745 1203 3133
3 780 779 4744
3 779 4746 4744
3 4744 4746 4745
3 4746 4747 4745
3 4745 4747 1203
3 4747 1201 1203
3 4255 779 778
3 4258 4748 4255
3 777 4749 4258
3 4255 4748 779
3 4748 4746 779
3 4258 4749 4748
3 4749 4750 4748
3 4748 4750 4746
3 4750 4747 4746
3 777 776 4749
3 776 4751 4749
3 4749 4751 4750
3 4751 4752 4750
3 4750 4752 4747
3 4752 1201 4747
3 4752 3139 1201
3 4751 4753 4752
3 776 4754 4751
3 4752 4753 3139
3 4753 3140 3139
3 4751 4754 4753
3 4754 4755 4753
3 4753 4755 3140
3 4755 1200 3140
3 776 775 4754
3 775 4756 4754
3 4754 4756 4755
3 4756 4757 4755
3 4755 4757 1200
3 4757 1198 1200
3 4262 775 774
3 4265 4758 4262
3 773 4759 4265
3 4262 4758 775
3 4758 4756 775
3 4265 4759 4758
3 4759 4760 4758
3 4758 4760 4756
3 4760 4757 4756
3 773 772 4759
3 772 4761 4759
3 4759 4761 4760
3 4761 4762 4760
3 4760 4762 4757
3 4762 1198 4757
3 4762 3146 1198
3 4761 4763 4762
3 772 4764 4761
3 4762 4763 3146
3 4763 3147 3146
3 4761 4764 4763
3 4764 4765 4763
3 4763 4765 3147
3 4765 1197 3147
3 772 771 4764
3 771 4766 4764
3 4764 4766 4765
3 4766 4767 4765
3 4765 4767 1197
3 4767 1195 1197
3 4274 771 770
3 4273 4768 4274
3 769 4769 4273
3 4274 4768 771
3 4768 4766 771
3 4273 4769 4768
3 4769 4770 4768
3 4768 4770 4766
3 4770 4767 4766
3 769 768 4769
3 768 4771 4769
3 4769 4771 4770
3 4771 4772 4770
3 4770 4772 4767
3 4772 1195 4767
3 4772 3153 1195
3 4771 4773 4772
3 768 4774 4771
3 4772 4773 3153
3 4773 3154 3153
3 4771 4774 4773
3 4774 4775 4773
3 4773 4775 3154
3 4775 1194 3154
3 768 767 4774
3 767 4776 4774
3 4774 4776 4775
3 4776 4777 4775
3 4775 4777 1194
3 4777 1192 1194
3 4275 767 766
3 4278 4778 4275
3 765 4779 4278
3 4275 4778 767
3 4778 4776 767
3 4278 4779 4778
3 4779 4780 4778
3 4778 4780 4776
3 4780 4777 4776
3 765 764 4779
3 764 4781 4779
3 4779 4781 4780
3 4781 4782 4780
3 4780 4782 4777
3 4782 1192 4777
3 4782 3160 1192
3 4781 4783 4782
3 764 4784 4781
3 4782 4783 3160
3 4783 3161 3160
3 4781 4784 4783
3 4784 4785 4783
3 4783 4785 3161
3 4785 1191 3161
3 764 763 4784
3 763 4786 4784
3 4784 4786 4785
3 4786 4787 4785
3 4785 4787 1191
3 4787 1189 1191
3 4282 763 762
3 4285 4788 4282
3 761 4789 4285
3 4282 4788 763
3 4788 4786 763
3 4285 4789 4788
3 4789 4790 4788
3 4788 4790 4786
3 4790 4787 4786
3 761 760 4789
3 760 4791 4789
3 4789 4791 4790
3 4791 4792 4790
3 4790 4792 4787
3 4792 1189 4787
3 4792 3167 1189
3 4791 4793 4792
3 760 4794 4791
3 4792 4793 3167
3 4793 3168 3167
3 4791 4794 4793
3 4794 4795 4793
3 4793 4795 3168
3 4795 1188 3168
3 760 759 4794
3 759 4796 4794
3 4794 4796 4795
3 4796 4797 4795
3 4795 4797 1188
3 4797 1186 1188
3 4294 759 758
3 4293 4798 4294
3 757 4799 4293
3 4294 4798 759
3 4798 4796 759
3 4293 4799 4798
3 4799 4800 4798
3 4798 4800 4796
3 4800 4797 4796
3 757 756 4799
3 756 4801 4799
3 4799 4801 4800
3 4801 4802 4800
3 4800 4802 4797
3 4802 1186 4797
3 4802 3174 1186
3 4801 4803 4802
3 756 4804 4801
3 4802 4803 3174
3 4803 3175 3174
3 4801 4804 4803
3 4804 4805 4803
3 4803 4805 3175
3 4805 1185 3175
3 756 755 4804
3 755 4806 4804
3 4804 4806 4805
3 4806 4807 4805
3 4805 4807 1185
3 4807 1183 1185
3 4295 755 754
3 4298 4808 4295
3 753 4809 4298
3 4295 4808 755
3 4808 4806 755
3 4298 4809 4808
3 4809 4810 4808
3 4808 4810 4806
3 4810 4807 4806
3 753 752 4809
3 752 4811 4809
3 4809 4811 4810
3 4811 4812 4810
3 4810 4812 4807
3 4812 1183 4807
3 4812 3181 1183
3 4811 4813 4812
3 752 4814 4811
3 4812 4813 3181
3 4813 3182 3181
3 4811 4814 4813
3 4814 4815 4813
3 4813 4815 3182
3 4815 1182 3182
3 752 751 4814
3 751 4816 4814
3 4814 4816 4815
3 4816 4817 4815
3 4815 4817 1182
3 4817 1180 1182
3 4302 751 750
3 4305 4818 4302
3 749 4819 4305
3 4302 4818 751
3 4818 4816 751
3 4305 4819 4818
3 4819 4820 4818
3 4818 4820 4816
3 4820 4817 4816
3 749 748 4819
3 748 4821 4819
3 4819 4821 4820
3 4821 4822 4820
3 4820 4822 4817
3 4822 1180 4817
3 4822 3188 1180
3 4821 4823 4822
3 748 4824 4821
3 4822 4823 3188
3 4823 3189 3188
3 4821 4824 4823
3 4824 4825 4823
3 4823 4825 3189
3 4825 1179 3189
3 748 747 4824
3 747 4826 4824
3 4824 4826 4825
3 4826 4827 4825
3 4825 4827 1179
3 4827 1177 1179
3 4314 747 746
3 4313 4828 4314
3 745 4829 4313
3 4314 4828 747
3 4828 4826 747
3 4313 4829 4828
3 4829 4830 4828
3 4828 4830 4826
3 4830 4827 4826
3 745 744 4829
3 744 4831 4829
3 4829 4831 4830
3 4831 4832 4830
3 4830 4832 4827
3 4832 1177 4827
3 4832 3195 1177
3 4831 4833 4832
3 744 4834 4831
3 4832 4833 3195
3 4833 3196 3195
3 4831 4834 4833
3 4834 4835 4833
3 4833 4835 3196
3 4835 1176 3196
3 744 743 4834
3 743 4836 4834
3 4834 4836 4835
3 4836 4837 4835
3 4835 4837 1176
3 4837 1173 1176
3 919 743 742
3 4316 4838 919
3 741 4839 4316
3 919 4838 743
3 4838 4836 743
3 4316 4839 4838
3 4839 4840 4838
3 4838 4840 4836
3 4840 4837 4836
3 741 740 4839
3 740 4841 4839
3 4839 4841 4840
3 4841 4842 4840
3 4840 4842 4837
3 4842 1173 4837
3 4554 740 739
3 4557 4843 4554
3 738 4844 4557
3 4554 4843 740
3 4843 4841 740
3 4557 4844 4843
3 4844 4845 4843
3 4843 4845 4841
3 4845 4842 4841
3 738 737 4844
3 737 3208 4844
3 4844 3208 4845
3 3208 3207 4845
3 4845 3207 4842
3 3207 1173 4842
3 3902 4846 559
3 3905 4847 3902
3 735 4848 3905
3 3902 4847 4846
3 4847 4849 4846
3 3905 4848 4847
3 4848 4850 4847
3 4847 4850 4849
3 4850 558 4849
3 735 734 4848
3 734 4851 4848
3 4848 4851 4850
3 4851 4852 4850
3 4850 4852 558
3 4852 556 558
3 4852 1991 556
3 4851 4853 4852
3 734 4854 4851
3 4852 4853 1991
3 4853 1989 1991
3 4851 4854 4853
3 4854 4855 4853
3 4853 4855 1989
3 4855 1986 1989
3 734 733 4854
3 733 4856 4854
3 4854 4856 4855
3 4856 4857 4855
3 4855 4857 1986
3 4857 1971 1986
3 3915 733 732
3 3918 4858 3915
3 731 4859 3918
3 3915 4858 733
3 4858 4856 733
3 3918 4859 4858
3 4859 4860 4858
3 4858 4860 4856
3 4860 4857 4856
3 731 730 4859
3 730 4861 4859
3 4859 4861 4860
3 4861 4862 4860
3 4860 4862 4857
3 4862 1971 4857
3 4862 1968 1971
3 4861 4863 4862
3 730 4864 4861
3 4862 4863 1968
3 4863 1966 1968
3 4861 4864 4863
3 4864 4865 4863
3 4863 4865 1966
3 4865 1963 1966
3 730 729 4864
3 729 4866 4864
3 4864 4866 4865
3 4866 4867 4865
3 4865 4867 1963
3 4867 1962 1963
3 3928 729 728
3 3931 4868 3928
3 727 4869 3931
3 3928 4868 729
3 4868 4866 729
3 3931 4869 4868
3 4869 4870 4868
3 4868 4870 4866
3 4870 4867 4866
3 727 726 4869
3 726 4871 4869
3 4869 4871 4870
3 4871 4872 4870
3 4870 4872 4867
3 4872 1962 4867
3 4872 1959 1962
3 4871 4873 4872
3 726 4874 4871
3 4872 4873 1959
3 4873 1957 1959
3 4871 4874 4873
3 4874 4875 4873
3 4873 4875 1957
3 4875 1954 1957
3 726 725 4874
3 725 4876 4874
3 4874 4876 4875
3 4876 4877 4875
3 4875 4877 1954
3 4877 1528 1954
3 3935 725 724
3 3938 4878 3935
3 723 4879 3938
3 3935 4878 725
3 4878 4876 725
3 3938 4879 4878
3 4879 4880 4878
3 4878 4880 4876
3 4880 4877 4876
3 723 722 4879
3 722 4881 4879
3 4879 4881 4880
3 4881 4882 4880
3 4880 4882 4877
3 4882 1528 4877
3 4882 1949 1528
3 4881 4883 4882
3 722 4884 4881
3 4882 4883 1949
3 4883 1950 1949
3 4881 4884 4883
3 4884 4885 4883
3 4883 4885 1950
3 4885 1527 1950
3 722 721 4884
3 721 4886 4884
3 4884 4886 4885
3 4886 4887 4885
3 4885 4887 1527
3 4887 1525 1527
3 3948 721 720
3 3951 4888 3948
3 719 4889 3951
3 3948 4888 721
3 4888 4886 721
3 3951 4889 4888
3 4889 4890 4888
3 4888 4890 4886
3 4890 4887 4886
3 719 718 4889
3 718 4891 4889
3 4889 4891 4890
3 4891 4892 4890
3 4890 4892 4887
3 4892 1525 4887
3 4892 1922 1525
3 4891 4893 4892
3 718 4894 4891
3 4892 4893 1922
3 4893 1920 1922
3 4891 4894 4893
3 4894 4895 4893
3 4893 4895 1920
3 4895 1917 1920
3 718 717 4894
3 717 4896 4894
3 4894 4896 4895
3 4896 4897 4895
3 4895 4897 1917
3 4897 1902 1917
3 3955 717 716
3 3958 4898 3955
3 715 4899 3958
3 3955 4898 717
3 4898 4896 717
3 3958 4899 4898
3 4899 4900 4898
3 4898 4900 4896
3 4900 4897 4896
3 715 714 4899
3 714 4901 4899
3 4899 4901 4900
3 4901 4902 4900
3 4900 4902 4897
3 4902 1902 4897
3 4902 1899 1902
3 4901 4903 4902
3 714 4904 4901
3 4902 4903 1899
3 4903 1897 1899
3 4901 4904 4903
3 4904 4905 4903
3 4903 4905 1897
3 4905 1894 1897
3 714 713 4904
3 713 4906 4904
3 4904 4906 4905
3 4906 4907 4905
3 4905 4907 1894
3 4907 1893 1894
3 3968 713 712
3 3971 4908 3968
3 711 4909 3971
3 3968 4908 713
3 4908 4906 713
3 3971 4909 4908
3 4909 4910 4908
3 4908 4910 4906
3 4910 4907 4906
3 711 710 4909
3 710 4911 4909
3 4909 4911 4910
3 4911 4912 4910
3 4910 4912 4907
3 4912 1893 4907
3 4912 1890 1893
3 4911 4913 4912
3 710 4914 4911
3 4912 4913 1890
3 4913 1888 1890
3 4911 4914 4913
3 4914 4915 4913
3 4913 4915 1888
3 4915 1885 1888
3 710 709 4914
3 709 4916 4914
3 4914 4916 4915
3 4916 4917 4915
3 4915 4917 1885
3 4917 1546 1885
3 3975 709 708
3 3978 4918 3975
3 707 4919 3978
3 3975 4918 709
3 4918 4916 709
3 3978 4919 4918
3 4919 4920 4918
3 4918 4920 4916
3 4920 4917 4916
3 707 706 4919
3 706 4921 4919
3 4919 4921 4920
3 4921 4922 4920
3 4920 4922 4917
3 4922 1546 4917
3 4922 1547 1546
3 4921 4923 4922
3 706 4924 4921
3 4922 4923 1547
3 4923 1883 1547
3 4921 4924 4923
3 4924 4925 4923
3 4923 4925 1883
3 4925 1884 1883
3 706 705 4924
3 705 4926 4924
3 4924 4926 4925
3 4926 4927 4925
3 4925 4927 1884
3 4927 1878 1884
3 3988 705 704
3 3991 4928 3988
3 703 4929 3991
3 3988 4928 705
3 4928 4926 705
3 3991 4929 4928
3 4929 4930 4928
3 4928 4930 4926
3 4930 4927 4926
3 703 702 4929
3 702 4931 4929
3 4929 4931 4930
3 4931 4932 4930
3 4930 4932 4927
3 4932 1878 4927
3 4932 1875 1878
3 4931 4933 4932
3 702 4934 4931
3 4932 4933 1875
3 4933 1873 1875
3 4931 4934 4933
3 4934 4935 4933
3 4933 4935 1873
3 4935 1870 1873
3 702 701 4934
3 701 4936 4934
3 4934 4936 4935
3 4936 4937 4935
3 4935 4937 1870
3 4937 1869 1870
3 3995 701 700
3 3998 4938 3995
3 699 4939 3998
3 3995 4938 701
3 4938 4936 701
3 3998 4939 4938
3 4939 4940 4938
3 4938 4940 4936
3 4940 4937 4936
3 699 698 4939
3 698 4941 4939
3 4939 4941 4940
3 4941 4942 4940
3 4940 4942 4937
3 4942 1869 4937
3 4942 1866 1869
3 4941 4943 4942
3 698 4944 4941
3 4942 4943 1866
3 4943 1864 1866
3 4941 4944 4943
3 4944 4945 4943
3 4943 4945 1864
3 4945 1861 1864
3 698 697 4944
3 697 4946 4944
3 4944 4946 4945
3 4946 4947 4945
3 4945 4947 1861
3 4947 1552 1861
3 4008 697 696
3 4011 4948 4008
3 695 4949 4011
3 4008 4948 697
3 4948 4946 697
3 4011 4949 4948
3 4949 4950 4948
3 4948 4950 4946
3 4950 4947 4946
3 695 694 4949
3 694 4951 4949
3 4949 4951 4950
3 4951 4952 4950
3 4950 4952 4947
3 4952 1552 4947
3 4952 1553 1552
3 4951 4953 4952
3 694 4954 4951
3 4952 4953 1553
3 4953 1859 1553
3 4951 4954 4953
3 4954 4955 4953
3 4953 4955 1859
3 4955 1860 1859
3 694 693 4954
3 693 4956 4954
3 4954 4956 4955
3 4956 4957 4955
3 4955 4957 1860
3 4957 1854 1860
3 4015 693 692
3 4018 4958 4015
3 691 4959 4018
3 4015 4958 693
3 4958 4956 693
3 4018 4959 4958
3 4959 4960 4958
3 4958 4960 4956
3 4960 4957 4956
3 691 690 4959
3 690 4961 4959
3 4959 4961 4960
3 4961 4962 4960
3 4960 4962 4957
3 4962 1854 4957
3 4962 1851 1854
3 4961 4963 4962
3 690 4964 4961
3 4962 4963 1851
3 4963 1849 1851
3 4961 4964 4963
3 4964 4965 4963
3 4963 4965 1849
3 4965 1846 1849
3 690 689 4964
3 689 4966 4964
3 4964 4966 4965
3 4966 4967 4965
3 4965 4967 1846
3 4967 1838 1846
3 4028 689 688
3 4031 4968 4028
3 687 4969 4031
3 4028 4968 689
3 4968 4966 689
3 4031 4969 4968
3 4969 4970 4968
3 4968 4970 4966
3 4970 4967 4966
3 687 686 4969
3 686 4971 4969
3 4969 4971 4970
3 4971 4972 4970
3 4970 4972 4967
3 4972 1838 4967
3 4972 1835 1838
3 4971 4973 4972
3 686 4974 4971
3 4972 4973 1835
3 4973 1833 1835
3 4971 4974 4973
3 4974 4975 4973
3 4973 4975 1833
3 4975 1830 1833
3 686 685 4974
3 685 4976 4974
3 4974 4976 4975
3 4976 4977 4975
3 4975 4977 1830
3 4977 1829 1830
3 4035 685 684
3 4038 4978 4035
3 683 4979 4038
3 4035 4978 685
3 4978 4976 685
3 4038 4979 4978
3 4979 4980 4978
3 4978 4980 4976
3 4980 4977 4976
3 683 682 4979
3 682 4981 4979
3 4979 4981 4980
3 4981 4982 4980
3 4980 4982 4977
3 4982 1829 4977
3 4982 1826 1829
3 4981 4983 4982
3 682 4984 4981
3 4982 4983 1826
3 4983 1824 1826
3 4981 4984 4983
3 4984 4985 4983
3 4983 4985 1824
3 4985 1821 1824
3 682 681 4984
3 681 4986 4984
3 4984 4986 4985
3 4986 4987 4985
3 4985 4987 1821
3 4987 1562 1821
3 4047 681 680
3 4046 4988 4047
3 679 4989 4046
3 4047 4988 681
3 4988 4986 681
3 4046 4989 4988
3 4989 4990 4988
3 4988 4990 4986
3 4990 4987 4986
3 679 678 4989
3 678 4991 4989
3 4989 4991 4990
3 4991 4992 4990
3 4990 4992 4987
3 4992 1562 4987
3 4992 1563 1562
3 4991 4993 4992
3 678 4994 4991
3 4992 4993 1563
3 4993 1819 1563
3 4991 4994 4993
3 4994 4995 4993
3 4993 4995 1819
3 4995 1820 1819
3 678 677 4994
3 677 4996 4994
3 4994 4996 4995
3 4996 4997 4995
3 4995 4997 1820
3 4997 1814 1820
3 4048 677 676
3 4051 4998 4048
3 675 4999 4051
3 4048 4998 677
3 4998 4996 677
3 4051 4999 4998
3 4999 5000 4998
3 4998 5000 4996
3 5000 4997 4996
3 675 674 4999
3 674 5001 4999
3 4999 5001 5000
3 5001 5002 5000
3 5000 5002 4997
3 5002 1814 4997
3 5002 1811 1814
3 5001 5003 5002
3 674 5004 5001
3 5002 5003 1811
3 5003 1809 1811
3 5001 5004 5003
3 5004 5005 5003
3 5003 5005 1809
3 5005 1806 1809
3 674 673 5004
3 673 5006 5004
3 5004 5006 5005
3 5006 5007 5005
3 5005 5007 1806
3 5007 1805 1806
3 4055 673 672
3 4058 5008 4055
3 671 5009 4058
3 4055 5008 673
3 5008 5006 673
3 4058 5009 5008
3 5009 5010 5008
3 5008 5010 5006
3 5010 5007 5006
3 671 670 5009
3 670 5011 5009
3 5009 5011 5010
3 5011 5012 5010
3 5010 5012 5007
3 5012 1805 5007
3 5012 1802 1805
3 5011 5013 5012
3 670 5014 5011
3 5012 5013 1802
3 5013 1800 1802
3 5011 5014 5013
3 5014 5015 5013
3 5013 5015 1800
3 5015 1797 1800
3 670 669 5014
3 669 5016 5014
3 5014 5016 5015
3 5016 5017 5015
3 5015 5017 1797
3 5017 1568 1797
3 4068 669 668
3 4071 5018 4068
3 667 5019 4071
3 4068 5018 669
3 5018 5016 669
3 4071 5019 5018
3 5019 5020 5018
3 5018 5020 5016
3 5020 5017 5016
3 667 666 5019
3 666 5021 5019
3 5019 5021 5020
3 5021 5022 5020
3 5020 5022 5017
3 5022 1568 5017
3 5022 1569 1568
3 5021 5023 5022
3 666 5024 5021
3 5022 5023 1569
3 5023 1795 1569
3 5021 5024 5023
3 5024 5025 5023
3 5023 5025 1795
3 5025 1796 1795
3 666 665 5024
3 665 5026 5024
3 5024 5026 5025
3 5026 5027 5025
3 5025 5027 1796
3 5027 1790 1796
3 4080 665 664
3 4079 5028 4080
3 663 5029 4079
3 4080 5028 665
3 5028 5026 665
3 4079 5029 5028
3 5029 5030 5028
3 5028 5030 5026
3 5030 5027 5026
3 663 662 5029
3 662 5031 5029
3 5029 5031 5030
3 5031 5032 5030
3 5030 5032 5027
3 5032 1790 5027
3 5032 1787 1790
3 5031 5033 5032
3 662 5034 5031
3 5032 5033 1787
3 5033 1785 1787
3 5031 5034 5033
3 5034 5035 5033
3 5033 5035 1785
3 5035 1782 1785
3 662 661 5034
3 661 5036 5034
3 5034 5036 5035
3 5036 5037 5035
3 5035 5037 1782
3 5037 1781 1782
3 4081 661 660
3 4084 5038 4081
3 659 5039 4084
3 4081 5038 661
3 5038 5036 661
3 4084 5039 5038
3 5039 5040 5038
3 5038 5040 5036
3 5040 5037 5036
3 659 658 5039
3 658 5041 5039
3 5039 5041 5040
3 5041 5042 5040
3 5040 5042 5037
3 5042 1781 5037
3 5042 1778 1781
3 5041 5043 5042
3 658 5044 5041
3 5042 5043 1778
3 5043 1776 1778
3 5041 5044 5043
3 5044 5045 5043
3 5043 5045 1776
3 5045 1773 1776
3 658 657 5044
3 657 5046 5044
3 5044 5046 5045
3 5046 5047 5045
3 5045 5047 1773
3 5047 1574 1773
3 4088 657 656
3 4091 5048 4088
3 655 5049 4091
3 4088 5048 657
3 5048 5046 657
3 4091 5049 5048
3 5049 5050 5048
3 5048 5050 5046
3 5050 5047 5046
3 655 654 5049
3 654 5051 5049
3 5049 5051 5050
3 5051 5052 5050
3 5050 5052 5047
3 5052 1574 5047
3 5052 1575 1574
3 5051 5053 5052
3 654 5054 5051
3 5052 5053 1575
3 5053 1771 1575
3 5051 5054 5053
3 5054 5055 5053
3 5053 5055 1771
3 5055 1772 1771
3 654 653 5054
3 653 5056 5054
3 5054 5056 5055
3 5056 5057 5055
3 5055 5057 1772
3 5057 1759 1772
3 4106 653 652
3 4105 5058 4106
3 651 5059 4105
3 4106 5058 653
3 5058 5056 653
3 4105 5059 5058
3 5059 5060 5058
3 5058 5060 5056
3 5060 5057 5056
3 651 650 5059
3 650 5061 5059
3 5059 5061 5060
3 5061 5062 5060
3 5060 5062 5057
3 5062 1759 5057
3 5062 1756 1759
3 5061 5063 5062
3 650 5064 5061
3 5062 5063 1756
3 5063 1754 1756
3 5061 5064 5063
3 5064 5065 5063
3 5063 5065 1754
3 5065 1751 1754
3 650 649 5064
3 649 5066 5064
3 5064 5066 5065
3 5066 5067 5065
3 5065 5067 1751
3 5067 1750 1751
3 4107 649 648
3 4110 5068 4107
3 647 5069 4110
3 4107 5068 649
3 5068 5066 649
3 4110 5069 5068
3 5069 5070 5068
3 5068 5070 5066
3 5070 5067 5066
3 647 646 5069
3 646 5071 5069
3 5069 5071 5070
3 5071 5072 5070
3 5070 5072 5067
3 5072 1750 5067
3 5072 1747 1750
3 5071 5073 5072
3 646 5074 5071
3 5072 5073 1747
3 5073 1745 1747
3 5071 5074 5073
3 5074 5075 5073
3 5073 5075 1745
3 5075 1742 1745
3 646 645 5074
3 645 5076 5074
3 5074 5076 5075
3 5076 5077 5075
3 5075 5077 1742
3 5077 1582 1742
3 4114 645 644
3 4117 5078 4114
3 643 5079 4117
3 4114 5078 645
3 5078 5076 645
3 4117 5079 5078
3 5079 5080 5078
3 5078 5080 5076
3 5080 5077 5076
3 643 642 5079
3 642 5081 5079
3 5079 5081 5080
3 5081 5082 5080
3 5080 5082 5077
3 5082 1582 5077
3 5082 1583 1582
3 5081 5083 5082
3 642 5084 5081
3 5082 5083 1583
3 5083 1740 1583
3 5081 5084 5083
3 5084 5085 5083
3 5083 5085 1740
3 5085 1741 1740
3 642 641 5084
3 641 5086 5084
3 5084 5086 5085
3 5086 5087 5085
3 5085 5087 1741
3 5087 1728 1741
3 4127 641 640
3 4130 5088 4127
3 639 5089 4130
3 4127 5088 641
3 5088 5086 641
3 4130 5089 5088
3 5089 5090 5088
3 5088 5090 5086
3 5090 5087 5086
3 639 638 5089
3 638 5091 5089
3 5089 5091 5090
3 5091 5092 5090
3 5090 5092 5087
3 5092 1728 5087
3 5092 1725 1728
3 5091 5093 5092
3 638 5094 5091
3 5092 5093 1725
3 5093 1723 1725
3 5091 5094 5093
3 5094 5095 5093
3 5093 5095 1723
3 5095 1720 1723
3 638 637 5094
3 637 5096 5094
3 5094 5096 5095
3 5096 5097 5095
3 5095 5097 1720
3 5097 1712 1720
3 955 637 636
3 4155 5098 955
3 635 5099 4155
3 955 5098 637
3 5098 5096 637
3 4155 5099 5098
3 5099 5100 5098
3 5098 5100 5096
3 5100 5097 5096
3 635 634 5099
3 634 5101 5099
3 5099 5101 5100
3 5101 5102 5100
3 5100 5102 5097
3 5102 1712 5097
3 5102 1709 1712
3 5101 5103 5102
3 634 5104 5101
3 5102 5103 1709
3 5103 1707 1709
3 5101 5104 5103
3 5104 5105 5103
3 5103 5105 1707
3 5105 1704 1707
3 634 633 5104
3 633 5106 5104
3 5104 5106 5105
3 5106 5107 5105
3 5105 5107 1704
3 5107 1689 1704
3 951 633 632
3 4175 5108 951
3 631 5109 4175
3 951 5108 633
3 5108 5106 633
3 4175 5109 5108
3 5109 5110 5108
3 5108 5110 5106
3 5110 5107 5106
3 631 630 5109
3 630 5111 5109
3 5109 5111 5110
3 5111 5112 5110
3 5110 5112 5107
3 5112 1689 5107
3 5112 1686 1689
3 5111 5113 5112
3 630 5114 5111
3 5112 5113 1686
3 5113 1684 1686
3 5111 5114 5113
3 5114 5115 5113
3 5113 5115 1684
3 5115 1681 1684
3 630 629 5114
3 629 5116 5114
3 5114 5116 5115
3 5116 5117 5115
3 5115 5117 1681
3 5117 1666 1681
3 946 629 628
3 4193 5118 946
3 627 5119 4193
3 946 5118 629
3 5118 5116 629
3 4193 5119 5118
3 5119 5120 5118
3 5118 5120 5116
3 5120 5117 5116
3 627 626 5119
3 626 5121 5119
3 5119 5121 5120
3 5121 5122 5120
3 5120 5122 5117
3 5122 1666 5117
3 5122 1663 1666
3 5121 5123 5122
3 626 5124 5121
3 5122 5123 1663
3 5123 1661 1663
3 5121 5124 5123
3 5124 5125 5123
3 5123 5125 1661
3 5125 1658 1661
3 626 625 5124
3 625 5126 5124
3 5124 5126 5125
3 5126 5127 5125
3 5125 5127 1658
3 5127 1636 1658
3 941 625 624
3 4211 5128 941
3 623 5129 4211
3 941 5128 625
3 5128 5126 625
3 4211 5129 5128
3 5129 5130 5128
3 5128 5130 5126
3 5130 5127 5126
3 623 622 5129
3 622 5131 5129
3 5129 5131 5130
3 5131 5132 5130
3 5130 5132 5127
3 5132 1636 5127
3 5132 1633 1636
3 5131 5133 5132
3 622 5134 5131
3 5132 5133 1633
3 5133 1631 1633
3 5131 5134 5133
3 5134 5135 5133
3 5133 5135 1631
3 5135 1628 1631
3 622 621 5134
3 621 5136 5134
3 5134 5136 5135
3 5136 5137 5135
3 5135 5137 1628
3 5137 1217 1628
3 4215 621 620
3 4218 5138 4215
3 619 5139 4218
3 4215 5138 621
3 5138 5136 621
3 4218 5139 5138
3 5139 5140 5138
3 5138 5140 5136
3 5140 5137 5136
3 619 618 5139
3 618 5141 5139
3 5139 5141 5140
3 5141 5142 5140
3 5140 5142 5137
3 5142 1217 5137
3 4696 618 617
3 4699 5143 4696
3 616 5144 4699
3 4696 5143 618
3 5143 5141 618
3 4699 5144 5143
3 5144 5145 5143
3 5143 5145 5141
3 5145 5142 5141
3 616 615 5144
3 615 3098 5144
3 5144 3098 5145
3 3098 3097 5145
3 5145 3097 5142
3 3097 1217 5142
3 3661 5146 493
3 3665 5147 3661
3 613 5148 3665
3 3661 5147 5146
3 5147 5149 5146
3 3665 5148 5147
3 5148 5150 5147
3 5147 5150 5149
3 5150 492 5149
3 613 612 5148
3 612 5151 5148
3 5148 5151 5150
3 5151 5152 5150
3 5150 5152 492
3 5152 490 492
3 5152 2268 490
3 5151 5153 5152
3 612 5154 5151
3 5152 5153 2268
3 5153 2269 2268
3 5151 5154 5153
3 5154 5155 5153
3 5153 5155 2269
3 5155 1436 2269
3 612 611 5154
3 611 5156 5154
3 5154 5156 5155
3 5156 5157 5155
3 5155 5157 1436
3 5157 1434 1436
3 3674 611 610
3 3677 5158 3674
3 609 5159 3677
3 3674 5158 611
3 5158 5156 611
3 3677 5159 5158
3 5159 5160 5158
3 5158 5160 5156
3 5160 5157 5156
3 609 608 5159
3 608 5161 5159
3 5159 5161 5160
3 5161 5162 5160
3 5160 5162 5157
3 5162 1434 5157
3 5162 1437 1434
3 5161 5163 5162
3 608 5164 5161
3 5162 5163 1437
3 5163 2266 1437
3 5161 5164 5163
3 5164 5165 5163
3 5163 5165 2266
3 5165 2267 2266
3 608 607 5164
3 607 5166 5164
3 5164 5166 5165
3 5166 5167 5165
3 5165 5167 2267
3 5167 2219 2267
3 3771 607 606
3 3774 5168 3771
3 605 5169 3774
3 3771 5168 607
3 5168 5166 607
3 3774 5169 5168
3 5169 5170 5168
3 5168 5170 5166
3 5170 5167 5166
3 605 604 5169
3 604 5171 5169
3 5169 5171 5170
3 5171 5172 5170
3 5170 5172 5167
3 5172 2219 5167
3 5172 2216 2219
3 5171 5173 5172
3 604 5174 5171
3 5172 5173 2216
3 5173 2214 2216
3 5171 5174 5173
3 5174 5175 5173
3 5173 5175 2214
3 5175 2211 2214
3 604 603 5174
3 603 5176 5174
3 5174 5176 5175
3 5176 5177 5175
3 5175 5177 2211
3 5177 2182 2211
3 3784 603 602
3 3787 5178 3784
3 601 5179 3787
3 3784 5178 603
3 5178 5176 603
3 3787 5179 5178
3 5179 5180 5178
3 5178 5180 5176
3 5180 5177 5176
3 601 600 5179
3 600 5181 5179
3 5179 5181 5180
3 5181 5182 5180
3 5180 5182 5177
3 5182 2182 5177
3 5182 2179 2182
3 5181 5183 5182
3 600 5184 5181
3 5182 5183 2179
3 5183 2177 2179
3 5181 5184 5183
3 5184 5185 5183
3 5183 5185 2177
3 5185 2174 2177
3 600 599 5184
3 599 5186 5184
3 5184 5186 5185
3 5186 5187 5185
3 5185 5187 2174
3 5187 2159 2174
3 3797 599 598
3 3800 5188 3797
3 597 5189 3800
3 3797 5188 599
3 5188 5186 599
3 3800 5189 5188
3 5189 5190 5188
3 5188 5190 5186
3 5190 5187 5186
3 597 596 5189
3 596 5191 5189
3 5189 5191 5190
3 5191 5192 5190
3 5190 5192 5187
3 5192 2159 5187
3 5192 2156 2159
3 5191 5193 5192
3 596 5194 5191
3 5192 5193 2156
3 5193 2154 2156
3 5191 5194 5193
3 5194 5195 5193
3 5193 5195 2154
3 5195 2151 2154
3 596 595 5194
3 595 5196 5194
3 5194 5196 5195
3 5196 5197 5195
3 5195 5197 2151
3 5197 2150 2151
3 3804 595 594
3 3807 5198 3804
3 593 5199 3807
3 3804 5198 595
3 5198 5196 595
3 3807 5199 5198
3 5199 5200 5198
3 5198 5200 5196
3 5200 5197 5196
3 593 592 5199
3 592 5201 5199
3 5199 5201 5200
3 5201 5202 5200
3 5200 5202 5197
3 5202 2150 5197
3 5202 2147 2150
3 5201 5203 5202
3 592 5204 5201
3 5202 5203 2147
3 5203 2145 2147
3 5201 5204 5203
3 5204 5205 5203
3 5203 5205 2145
3 5205 2142 2145
3 592 591 5204
3 591 5206 5204
3 5204 5206 5205
3 5206 5207 5205
3 5205 5207 2142
3 5207 2134 2142
3 3817 591 590
3 3820 5208 3817
3 589 5209 3820
3 3817 5208 591
3 5208 5206 591
3 3820 5209 5208
3 5209 5210 5208
3 5208 5210 5206
3 5210 5207 5206
3 589 588 5209
3 588 5211 5209
3 5209 5211 5210
3 5211 5212 5210
3 5210 5212 5207
3 5212 2134 5207
3 5212 2131 2134
3 5211 5213 5212
3 588 5214 5211
3 5212 5213 2131
3 5213 2129 2131
3 5211 5214 5213
3 5214 5215 5213
3 5213 5215 2129
3 5215 2126 2129
3 588 587 5214
3 587 5216 5214
3 5214 5216 5215
3 5216 5217 5215
3 5215 5217 2126
3 5217 2118 2126
3 3824 587 586
3 3827 5218 3824
3 585 5219 3827
3 3824 5218 587
3 5218 5216 587
3 3827 5219 5218
3 5219 5220 5218
3 5218 5220 5216
3 5220 5217 5216
3 585 584 5219
3 584 5221 5219
3 5219 5221 5220
3 5221 5222 5220
3 5220 5222 5217
3 5222 2118 5217
3 5222 2115 2118
3 5221 5223 5222
3 584 5224 5221
3 5222 5223 2115
3 5223 2113 2115
3 5221 5224 5223
3 5224 5225 5223
3 5223 5225 2113
3 5225 2110 2113
3 584 583 5224
3 583 5226 5224
3 5224 5226 5225
3 5226 5227 5225
3 5225 5227 2110
3 5227 2095 2110
3 3842 583 582
3 3841 5228 3842
3 581 5229 3841
3 3842 5228 583
3 5228 5226 583
3 3841 5229 5228
3 5229 5230 5228
3 5228 5230 5226
3 5230 5227 5226
3 581 580 5229
3 580 5231 5229
3 5229 5231 5230
3 5231 5232 5230
3 5230 5232 5227
3 5232 2095 5227
3 5232 2092 2095
3 5231 5233 5232
3 580 5234 5231
3 5232 5233 2092
3 5233 2090 2092
3 5231 5234 5233
3 5234 5235 5233
3 5233 5235 2090
3 5235 2087 2090
3 580 579 5234
3 579 5236 5234
3 5234 5236 5235
3 5236 5237 5235
3 5235 5237 2087
3 5237 2072 2087
3 3843 579 578
3 3846 5238 3843
3 577 5239 3846
3 3843 5238 579
3 5238 5236 579
3 3846 5239 5238
3 5239 5240 5238
3 5238 5240 5236
3 5240 5237 5236
3 577 576 5239
3 576 5241 5239
3 5239 5241 5240
3 5241 5242 5240
3 5240 5242 5237
3 5242 2072 5237
3 5242 2069 2072
3 5241 5243 5242
3 576 5244 5241
3 5242 5243 2069
3 5243 2067 2069
3 5241 5244 5243
3 5244 5245 5243
3 5243 5245 2067
3 5245 2064 2067
3 576 575 5244
3 575 5246 5244
3 5244 5246 5245
3 5246 5247 5245
3 5245 5247 2064
3 5247 2063 2064
3 3850 575 574
3 3853 5248 3850
3 573 5249 3853
3 3850 5248 575
3 5248 5246 575
3 3853 5249 5248
3 5249 5250 5248
3 5248 5250 5246
3 5250 5247 5246
3 573 572 5249
3 572 5251 5249
3 5249 5251 5250
3 5251 5252 5250
3 5250 5252 5247
3 5252 2063 5247
3 5252 2060 2063
3 5251 5253 5252
3 572 5254 5251
3 5252 5253 2060
3 5253 2058 2060
3 5251 5254 5253
3 5254 5255 5253
3 5253 5255 2058
3 5255 2055 2058
3 572 571 5254
3 571 5256 5254
3 5254 5256 5255
3 5256 5257 5255
3 5255 5257 2055
3 5257 2047 2055
3 3863 571 570
3 3866 5258 3863
3 569 5259 3866
3 3863 5258 571
3 5258 5256 571
3 3866 5259 5258
3 5259 5260 5258
3 5258 5260 5256
3 5260 5257 5256
3 569 568 5259
3 568 5261 5259
3 5259 5261 5260
3 5261 5262 5260
3 5260 5262 5257
3 5262 2047 5257
3 5262 2044 2047
3 5261 5263 5262
3 568 5264 5261
3 5262 5263 2044
3 5263 2042 2044
3 5261 5264 5263
3 5264 5265 5263
3 5263 5265 2042
3 5265 2039 2042
3 568 567 5264
3 567 5266 5264
3 5264 5266 5265
3 5266 5267 5265
3 5265 5267 2039
3 5267 2031 2039
3 3870 567 566
3 3873 5268 3870
3 565 5269 3873
3 3870 5268 567
3 5268 5266 567
3 3873 5269 5268
3 5269 5270 5268
3 5268 5270 5266
3 5270 5267 5266
3 565 564 5269
3 564 5271 5269
3 5269 5271 5270
3 5271 5272 5270
3 5270 5272 5267
3 5272 2031 5267
3 5272 2028 2031
3 5271 5273 5272
3 564 5274 5271
3 5272 5273 2028
3 5273 2026 2028
3 5271 5274 5273
3 5274 5275 5273
3 5273 5275 2026
3 5275 2023 2026
3 564 563 5274
3 563 5276 5274
3 5274 5276 5275
3 5276 5277 5275
3 5275 5277 2023
3 5277 2008 2023
3 3883 563 562
3 3886 5278 3883
3 561 5279 3886
3 3883 5278 563
3 5278 5276 563
3 3886 5279 5278
3 5279 5280 5278
3 5278 5280 5276
3 5280 5277 5276
3 561 560 5279
3 560 5281 5279
3 5279 5281 5280
3 5281 5282 5280
3 5280 5282 5277
3 5282 2008 5277
3 4846 560 559
3 4849 5283 4846
3 558 5284 4849
3 4846 5283 560
3 5283 5281 560
3 4849 5284 5283
3 5284 5285 5283
3 5283 5285 5281
3 5285 5282 5281
3 558 557 5284
3 557 2003 5284
3 5284 2003 5285
3 2003 2005 5285
3 5285 2005 5282
3 2005 2008 5282
3 3436 5286 371
3 3440 5287 3436
3 555 5288 3440
3 3436 5287 5286
3 5287 5289 5286
3 3440 5288 5287
3 5288 5290 5287
3 5287 5290 5289
3 5290 370 5289
3 555 554 5288
3 554 5291 5288
3 5288 5291 5290
3 5291 5292 5290
3 5290 5292 370
3 5292 368 370
3 5292 2399 368
3 5291 5293 5292
3 554 5294 5291
3 5292 5293 2399
3 5293 2397 2399
3 5291 5294 5293
3 5294 5295 5293
3 5293 5295 2397
3 5295 2394 2397
3 554 553 5294
3 553 5296 5294
3 5294 5296 5295
3 5296 5297 5295
3 5295 5297 2394
3 5297 1404 2394
3 3443 553 552
3 3442 5298 3443
3 551 5299 3442
3 3443 5298 553
3 5298 5296 553
3 3442 5299 5298
3 5299 5300 5298
3 5298 5300 5296
3 5300 5297 5296
3 551 550 5299
3 550 5301 5299
3 5299 5301 5300
3 5301 5302 5300
3 5300 5302 5297
3 5302 1404 5297
3 5302 1405 1404
3 5301 5303 5302
3 550 5304 5301
3 5302 5303 1405
3 5303 2392 1405
3 5301 5304 5303
3 5304 5305 5303
3 5303 5305 2392
3 5305 2393 2392
3 550 549 5304
3 549 5306 5304
3 5304 5306 5305
3 5306 5307 5305
3 5305 5307 2393
3 5307 2387 2393
3 3444 549 548
3 3447 5308 3444
3 547 5309 3447
3 3444 5308 549
3 5308 5306 549
3 3447 5309 5308
3 5309 5310 5308
3 5308 5310 5306
3 5310 5307 5306
3 547 546 5309
3 546 5311 5309
3 5309 5311 5310
3 5311 5312 5310
3 5310 5312 5307
3 5312 2387 5307
3 5312 2384 2387
3 5311 5313 5312
3 546 5314 5311
3 5312 5313 2384
3 5313 2382 2384
3 5311 5314 5313
3 5314 5315 5313
3 5313 5315 2382
3 5315 2379 2382
3 546 545 5314
3 545 5316 5314
3 5314 5316 5315
3 5316 5317 5315
3 5315 5317 2379
3 5317 2378 2379
3 3451 545 544
3 3454 5318 3451
3 543 5319 3454
3 3451 5318 545
3 5318 5316 545
3 3454 5319 5318
3 5319 5320 5318
3 5318 5320 5316
3 5320 5317 5316
3 543 542 5319
3 542 5321 5319
3 5319 5321 5320
3 5321 5322 5320
3 5320 5322 5317
3 5322 2378 5317
3 5322 2375 2378
3 5321 5323 5322
3 542 5324 5321
3 5322 5323 2375
3 5323 2373 2375
3 5321 5324 5323
3 5324 5325 5323
3 5323 5325 2373
3 5325 2370 2373
3 542 541 5324
3 541 5326 5324
3 5324 5326 5325
3 5326 5327 5325
3 5325 5327 2370
3 5327 1410 2370
3 3469 541 540
3 3468 5328 3469
3 539 5329 3468
3 3469 5328 541
3 5328 5326 541
3 3468 5329 5328
3 5329 5330 5328
3 5328 5330 5326
3 5330 5327 5326
3 539 538 5329
3 538 5331 5329
3 5329 5331 5330
3 5331 5332 5330
3 5330 5332 5327
3 5332 1410 5327
3 5332 1411 1410
3 5331 5333 5332
3 538 5334 5331
3 5332 5333 1411
3 5333 2368 1411
3 5331 5334 5333
3 5334 5335 5333
3 5333 5335 2368
3 5335 2369 2368
3 538 537 5334
3 537 5336 5334
3 5334 5336 5335
3 5336 5337 5335
3 5335 5337 2369
3 5337 2363 2369
3 3470 537 536
3 3473 5338 3470
3 535 5339 3473
3 3470 5338 537
3 5338 5336 537
3 3473 5339 5338
3 5339 5340 5338
3 5338 5340 5336
3 5340 5337 5336
3 535 534 5339
3 534 5341 5339
3 5339 5341 5340
3 5341 5342 5340
3 5340 5342 5337
3 5342 2363 5337
3 5342 2360 2363
3 5341 5343 5342
3 534 5344 5341
3 5342 5343 2360
3 5343 2358 2360
3 5341 5344 5343
3 5344 5345 5343
3 5343 5345 2358
3 5345 2355 2358
3 534 533 5344
3 533 5346 5344
3 5344 5346 5345
3 5346 5347 5345
3 5345 5347 2355
3 5347 2354 2355
3 3477 533 532
3 3480 5348 3477
3 531 5349 3480
3 3477 5348 533
3 5348 5346 533
3 3480 5349 5348
3 5349 5350 5348
3 5348 5350 5346
3 5350 5347 5346
3 531 530 5349
3 530 5351 5349
3 5349 5351 5350
3 5351 5352 5350
3 5350 5352 5347
3 5352 2354 5347
3 5352 2351 2354
3 5351 5353 5352
3 530 5354 5351
3 5352 5353 2351
3 5353 2349 2351
3 5351 5354 5353
3 5354 5355 5353
3 5353 5355 2349
3 5355 2346 2349
3 530 529 5354
3 529 5356 5354
3 5354 5356 5355
3 5356 5357 5355
3 5355 5357 2346
3 5357 1416 2346
3 3490 529 528
3 3493 5358 3490
3 527 5359 3493
3 3490 5358 529
3 5358 5356 529
3 3493 5359 5358
3 5359 5360 5358
3 5358 5360 5356
3 5360 5357 5356
3 527 526 5359
3 526 5361 5359
3 5359 5361 5360
3 5361 5362 5360
3 5360 5362 5357
3 5362 1416 5357
3 5362 1417 1416
3 5361 5363 5362
3 526 5364 5361
3 5362 5363 1417
3 5363 2344 1417
3 5361 5364 5363
3 5364 5365 5363
3 5363 5365 2344
3 5365 2345 2344
3 526 525 5364
3 525 5366 5364
3 5364 5366 5365
3 5366 5367 5365
3 5365 5367 2345
3 5367 2339 2345
3 3497 525 524
3 3500 5368 3497
3 523 5369 3500
3 3497 5368 525
3 5368 5366 525
3 3500 5369 5368
3 5369 5370 5368
3 5368 5370 5366
3 5370 5367 5366
3 523 522 5369
3 522 5371 5369
3 5369 5371 5370
3 5371 5372 5370
3 5370 5372 5367
3 5372 2339 5367
3 5372 2336 2339
3 5371 5373 5372
3 522 5374 5371
3 5372 5373 2336
3 5373 2334 2336
3 5371 5374 5373
3 5374 5375 5373
3 5373 5375 2334
3 5375 2331 2334
3 522 521 5374
3 521 5376 5374
3 5374 5376 5375
3 5376 5377 5375
3 5375 5377 2331
3 5377 2330 2331
3 3510 521 520
3 3513 5378 3510
3 519 5379 3513
3 3510 5378 521
3 5378 5376 521
3 3513 5379 5378
3 5379 5380 5378
3 5378 5380 5376
3 5380 5377 5376
3 519 518 5379
3 518 5381 5379
3 5379 5381 5380
3 5381 5382 5380
3 5380 5382 5377
3 5382 2330 5377
3 5382 2327 2330
3 5381 5383 5382
3 518 5384 5381
3 5382 5383 2327
3 5383 2325 2327
3 5381 5384 5383
3 5384 5385 5383
3 5383 5385 2325
3 5385 2322 2325
3 518 517 5384
3 517 5386 5384
3 5384 5386 5385
3 5386 5387 5385
3 5385 5387 2322
3 5387 1422 2322
3 3529 517 516
3 3528 5388 3529
3 515 5389 3528
3 3529 5388 517
3 5388 5386 517
3 3528 5389 5388
3 5389 5390 5388
3 5388 5390 5386
3 5390 5387 5386
3 515 514 5389
3 514 5391 5389
3 5389 5391 5390
3 5391 5392 5390
3 5390 5392 5387
3 5392 1422 5387
3 5392 1423 1422
3 5391 5393 5392
3 514 5394 5391
3 5392 5393 1423
3 5393 2320 1423
3 5391 5394 5393
3 5394 5395 5393
3 5393 5395 2320
3 5395 2321 2320
3 514 513 5394
3 513 5396 5394
3 5394 5396 5395
3 5396 5397 5395
3 5395 5397 2321
3 5397 2315 2321
3 3640 513 512
3 3639 5398 3640
3 511 5399 3639
3 3640 5398 513
3 5398 5396 513
3 3639 5399 5398
3 5399 5400 5398
3 5398 5400 5396
3 5400 5397 5396
3 511 510 5399
3 510 5401 5399
3 5399 5401 5400
3 5401 5402 5400
3 5400 5402 5397
3 5402 2315 5397
3 5402 2312 2315
3 5401 5403 5402
3 510 5404 5401
3 5402 5403 2312
3 5403 2310 2312
3 5401 5404 5403
3 5404 5405 5403
3 5403 5405 2310
3 5405 2307 2310
3 510 509 5404
3 509 5406 5404
3 5404 5406 5405
3 5406 5407 5405
3 5405 5407 2307
3 5407 2306 2307
3 3641 509 508
3 3644 5408 3641
3 507 5409 3644
3 3641 5408 509
3 5408 5406 509
3 3644 5409 5408
3 5409 5410 5408
3 5408 5410 5406
3 5410 5407 5406
3 507 506 5409
3 506 5411 5409
3 5409 5411 5410
3 5411 5412 5410
3 5410 5412 5407
3 5412 2306 5407
3 5412 2303 2306
3 5411 5413 5412
3 506 5414 5411
3 5412 5413 2303
3 5413 2301 2303
3 5411 5414 5413
3 5414 5415 5413
3 5413 5415 2301
3 5415 2298 2301
3 506 505 5414
3 505 5416 5414
3 5414 5416 5415
3 5416 5417 5415
3 5415 5417 2298
3 5417 1428 2298
3 3648 505 504
3 3651 5418 3648
3 503 5419 3651
3 3648 5418 505
3 5418 5416 505
3 3651 5419 5418
3 5419 5420 5418
3 5418 5420 5416
3 5420 5417 5416
3 503 502 5419
3 502 5421 5419
3 5419 5421 5420
3 5421 5422 5420
3 5420 5422 5417
3 5422 1428 5417
3 5422 1429 1428
3 5421 5423 5422
3 502 5424 5421
3 5422 5423 1429
3 5423 2296 1429
3 5421 5424 5423
3 5424 5425 5423
3 5423 5425 2296
3 5425 2297 2296
3 502 501 5424
3 501 5426 5424
3 5424 5426 5425
3 5426 5427 5425
3 5425 5427 2297
3 5427 2291 2297
3 3660 501 500
3 3659 5428 3660
3 499 5429 3659
3 3660 5428 501
3 5428 5426 501
3 3659 5429 5428
3 5429 5430 5428
3 5428 5430 5426
3 5430 5427 5426
3 499 498 5429
3 498 5431 5429
3 5429 5431 5430
3 5431 5432 5430
3 5430 5432 5427
3 5432 2291 5427
3 5432 2288 2291
3 5431 5433 5432
3 498 5434 5431
3 5432 5433 2288
3 5433 2286 2288
3 5431 5434 5433
3 5434 5435 5433
3 5433 5435 2286
3 5435 2283 2286
3 498 497 5434
3 497 5436 5434
3 5434 5436 5435
3 5436 5437 5435
3 5435 5437 2283
3 5437 2277 2283
3 1071 497 496
3 3662 5438 1071
3 495 5439 3662
3 1071 5438 497
3 5438 5436 497
3 3662 5439 5438
3 5439 5440 5438
3 5438 5440 5436
3 5440 5437 5436
3 495 494 5439
3 494 5441 5439
3 5439 5441 5440
3 5441 5442 5440
3 5440 5442 5437
3 5442 2277 5437
3 5146 494 493
3 5149 5443 5146
3 492 5444 5149
3 5146 5443 494
3 5443 5441 494
3 5149 5444 5443
3 5444 5445 5443
3 5443 5445 5441
3 5445 5442 5441
3 492 491 5444
3 491 2272 5444
3 5444 2272 5445
3 2272 2274 5445
3 5445 2274 5442
3 2274 2277 5442
3 3230 4691 801
3 3234 5446 3230
3 489 5447 3234
3 3230 5446 4691
3 5446 4692 4691
3 3234 5447 5446
3 5447 5448 5446
3 5446 5448 4692
3 5448 800 4692
3 489 488 5447
3 488 5449 5447
3 5447 5449 5448
3 5449 5450 5448
3 5448 5450 800
3 5450 798 800
3 5450 2805 798
3 5449 5451 5450
3 488 5452 5449
3 5450 5451 2805
3 5451 2803 2805
3 5449 5452 5451
3 5452 5453 5451
3 5451 5453 2803
3 5453 2800 2803
3 488 487 5452
3 487 5454 5452
3 5452 5454 5453
3 5454 5455 5453
3 5453 5455 2800
3 5455 2792 2800
3 3244 487 486
3 3247 5456 3244
3 485 5457 3247
3 3244 5456 487
3 5456 5454 487
3 3247 5457 5456
3 5457 5458 5456
3 5456 5458 5454
3 5458 5455 5454
3 485 484 5457
3 484 5459 5457
3 5457 5459 5458
3 5459 5460 5458
3 5458 5460 5455
3 5460 2792 5455
3 5460 2789 2792
3 5459 5461 5460
3 484 5462 5459
3 5460 5461 2789
3 5461 2787 2789
3 5459 5462 5461
3 5462 5463 5461
3 5461 5463 2787
3 5463 2784 2787
3 484 483 5462
3 483 5464 5462
3 5462 5464 5463
3 5464 5465 5463
3 5463 5465 2784
3 5465 2776 2784
3 3257 483 482
3 3260 5466 3257
3 481 5467 3260
3 3257 5466 483
3 5466 5464 483
3 3260 5467 5466
3 5467 5468 5466
3 5466 5468 5464
3 5468 5465 5464
3 481 480 5467
3 480 5469 5467
3 5467 5469 5468
3 5469 5470 5468
3 5468 5470 5465
3 5470 2776 5465
3 5470 2773 2776
3 5469 5471 5470
3 480 5472 5469
3 5470 5471 2773
3 5471 2771 2773
3 5469 5472 5471
3 5472 5473 5471
3 5471 5473 2771
3 5473 2768 2771
3 480 479 5472
3 479 5474 5472
3 5472 5474 5473
3 5474 5475 5473
3 5473 5475 2768
3 5475 2767 2768
3 3264 479 478
3 3267 5476 3264
3 477 5477 3267
3 3264 5476 479
3 5476 5474 479
3 3267 5477 5476
3 5477 5478 5476
3 5476 5478 5474
3 5478 5475 5474
3 477 476 5477
3 476 5479 5477
3 5477 5479 5478
3 5479 5480 5478
3 5478 5480 5475
3 5480 2767 5475
3 5480 2764 2767
3 5479 5481 5480
3 476 5482 5479
3 5480 5481 2764
3 5481 2762 2764
3 5479 5482 5481
3 5482 5483 5481
3 5481 5483 2762
3 5483 2759 2762
3 476 475 5482
3 475 5484 5482
3 5482 5484 5483
3 5484 5485 5483
3 5483 5485 2759
3 5485 2751 2759
3 3277 475 474
3 3280 5486 3277
3 473 5487 3280
3 3277 5486 475
3 5486 5484 475
3 3280 5487 5486
3 5487 5488 5486
3 5486 5488 5484
3 5488 5485 5484
3 473 472 5487
3 472 5489 5487
3 5487 5489 5488
3 5489 5490 5488
3 5488 5490 5485
3 5490 2751 5485
3 5490 2748 2751
3 5489 5491 5490
3 472 5492 5489
3 5490 5491 2748
3 5491 2746 2748
3 5489 5492 5491
3 5492 5493 5491
3 5491 5493 2746
3 5493 2743 2746
3 472 471 5492
3 471 5494 5492
3 5492 5494 5493
3 5494 5495 5493
3 5493 5495 2743
3 5495 2742 2743
3 3284 471 470
3 3287 5496 3284
3 469 5497 3287
3 3284 5496 471
3 5496 5494 471
3 3287 5497 5496
3 5497 5498 5496
3 5496 5498 5494
3 5498 5495 5494
3 469 468 5497
3 468 5499 5497
3 5497 5499 5498
3 5499 5500 5498
3 5498 5500 5495
3 5500 2742 5495
3 5500 2739 2742
3 5499 5501 5500
3 468 5502 5499
3 5500 5501 2739
3 5501 2737 2739
3 5499 5502 5501
3 5502 5503 5501
3 5501 5503 2737
3 5503 2734 2737
3 468 467 5502
3 467 5504 5502
3 5502 5504 5503
3 5504 5505 5503
3 5503 5505 2734
3 5505 2726 2734
3 3297 467 466
3 3300 5506 3297
3 465 5507 3300
3 3297 5506 467
3 5506 5504 467
3 3300 5507 5506
3 5507 5508 5506
3 5506 5508 5504
3 5508 5505 5504
3 465 464 5507
3 464 5509 5507
3 5507 5509 5508
3 5509 5510 5508
3 5508 5510 5505
3 5510 2726 5505
3 5510 2723 2726
3 5509 5511 5510
3 464 5512 5509
3 5510 5511 2723
3 5511 2721 2723
3 5509 5512 5511
3 5512 5513 5511
3 5511 5513 2721
3 5513 2718 2721
3 464 463 5512
3 463 5514 5512
3 5512 5514 5513
3 5514 5515 5513
3 5513 5515 2718
3 5515 2717 2718
3 3304 463 462
3 3307 5516 3304
3 461 5517 3307
3 3304 5516 463
3 5516 5514 463
3 3307 5517 5516
3 5517 5518 5516
3 5516 5518 5514
3 5518 5515 5514
3 461 460 5517
3 460 5519 5517
3 5517 5519 5518
3 5519 5520 5518
3 5518 5520 5515
3 5520 2717 5515
3 5520 2714 2717
3 5519 5521 5520
3 460 5522 5519
3 5520 5521 2714
3 5521 2712 2714
3 5519 5522 5521
3 5522 5523 5521
3 5521 5523 2712
3 5523 2709 2712
3 460 459 5522
3 459 5524 5522
3 5522 5524 5523
3 5524 5525 5523
3 5523 5525 2709
3 5525 2701 2709
3 3317 459 458
3 3320 5526 3317
3 457 5527 3320
3 3317 5526 459
3 5526 5524 459
3 3320 5527 5526
3 5527 5528 5526
3 5526 5528 5524
3 5528 5525 5524
3 457 456 5527
3 456 5529 5527
3 5527 5529 5528
3 5529 5530 5528
3 5528 5530 5525
3 5530 2701 5525
3 5530 2698 2701
3 5529 5531 5530
3 456 5532 5529
3 5530 5531 2698
3 5531 2696 2698
3 5529 5532 5531
3 5532 5533 5531
3 5531 5533 2696
3 5533 2693 2696
3 456 455 5532
3 455 5534 5532
3 5532 5534 5533
3 5534 5535 5533
3 5533 5535 2693
3 5535 2692 2693
3 3324 455 454
3 3327 5536 3324
3 453 5537 3327
3 3324 5536 455
3 5536 5534 455
3 3327 5537 5536
3 5537 5538 5536
3 5536 5538 5534
3 5538 5535 5534
3 453 452 5537
3 452 5539 5537
3 5537 5539 5538
3 5539 5540 5538
3 5538 5540 5535
3 5540 2692 5535
3 5540 2689 2692
3 5539 5541 5540
3 452 5542 5539
3 5540 5541 2689
3 5541 2687 2689
3 5539 5542 5541
3 5542 5543 5541
3 5541 5543 2687
3 5543 2684 2687
3 452 451 5542
3 451 5544 5542
3 5542 5544 5543
3 5544 5545 5543
3 5543 5545 2684
3 5545 2676 2684
3 3337 451 450
3 3340 5546 3337
3 449 5547 3340
3 3337 5546 451
3 5546 5544 451
3 3340 5547 5546
3 5547 5548 5546
3 5546 5548 5544
3 5548 5545 5544
3 449 448 5547
3 448 5549 5547
3 5547 5549 5548
3 5549 5550 5548
3 5548 5550 5545
3 5550 2676 5545
3 5550 2673 2676
3 5549 5551 5550
3 448 5552 5549
3 5550 5551 2673
3 5551 2671 2673
3 5549 5552 5551
3 5552 5553 5551
3 5551 5553 2671
3 5553 2668 2671
3 448 447 5552
3 447 5554 5552
3 5552 5554 5553
3 5554 5555 5553
3 5553 5555 2668
3 5555 2667 2668
3 3344 447 446
3 3347 5556 3344
3 445 5557 3347
3 3344 5556 447
3 5556 5554 447
3 3347 5557 5556
3 5557 5558 5556
3 5556 5558 5554
3 5558 5555 5554
3 445 444 5557
3 444 5559 5557
3 5557 5559 5558
3 5559 5560 5558
3 5558 5560 5555
3 5560 2667 5555
3 5560 2664 2667
3 5559 5561 5560
3 444 5562 5559
3 5560 5561 2664
3 5561 2662 2664
3 5559 5562 5561
3 5562 5563 5561
3 5561 5563 2662
3 5563 2659 2662
3 444 443 5562
3 443 5564 5562
3 5562 5564 5563
3 5564 5565 5563
3 5563 5565 2659
3 5565 2651 2659
3 3357 443 442
3 3360 5566 3357
3 441 5567 3360
3 3357 5566 443
3 5566 5564 443
3 3360 5567 5566
3 5567 5568 5566
3 5566 5568 5564
3 5568 5565 5564
3 441 440 5567
3 440 5569 5567
3 5567 5569 5568
3 5569 5570 5568
3 5568 5570 5565
3 5570 2651 5565
3 5570 2648 2651
3 5569 5571 5570
3 440 5572 5569
3 5570 5571 2648
3 5571 2646 2648
3 5569 5572 5571
3 5572 5573 5571
3 5571 5573 2646
3 5573 2643 2646
3 440 439 5572
3 439 5574 5572
3 5572 5574 5573
3 5574 5575 5573
3 5573 5575 2643
3 5575 2642 2643
3 3364 439 438
3 3367 5576 3364
3 437 5577 3367
3 3364 5576 439
3 5576 5574 439
3 3367 5577 5576
3 5577 5578 5576
3 5576 5578 5574
3 5578 5575 5574
3 437 436 5577
3 436 5579 5577
3 5577 5579 5578
3 5579 5580 5578
3 5578 5580 5575
3 5580 2642 5575
3 5580 2639 2642
3 5579 5581 5580
3 436 5582 5579
3 5580 5581 2639
3 5581 2637 2639
3 5579 5582 5581
3 5582 5583 5581
3 5581 5583 2637
3 5583 2634 2637
3 436 435 5582
3 435 5584 5582
3 5582 5584 5583
3 5584 5585 5583
3 5583 5585 2634
3 5585 1339 2634
3 3376 435 434
3 3375 5586 3376
3 433 5587 3375
3 3376 5586 435
3 5586 5584 435
3 3375 5587 5586
3 5587 5588 5586
3 5586 5588 5584
3 5588 5585 5584
3 433 432 5587
3 432 5589 5587
3 5587 5589 5588
3 5589 5590 5588
3 5588 5590 5585
3 5590 1339 5585
3 5590 1340 1339
3 5589 5591 5590
3 432 5592 5589
3 5590 5591 1340
3 5591 2632 1340
3 5589 5592 5591
3 5592 5593 5591
3 5591 5593 2632
3 5593 2633 2632
3 432 431 5592
3 431 5594 5592
3 5592 5594 5593
3 5594 5595 5593
3 5593 5595 2633
3 5595 2627 2633
3 3377 431 430
3 3380 5596 3377
3 429 5597 3380
3 3377 5596 431
3 5596 5594 431
3 3380 5597 5596
3 5597 5598 5596
3 5596 5598 5594
3 5598 5595 5594
3 429 428 5597
3 428 5599 5597
3 5597 5599 5598
3 5599 5600 5598
3 5598 5600 5595
3 5600 2627 5595
3 5600 2624 2627
3 5599 5601 5600
3 428 5602 5599
3 5600 5601 2624
3 5601 2622 2624
3 5599 5602 5601
3 5602 5603 5601
3 5601 5603 2622
3 5603 2619 2622
3 428 427 5602
3 427 5604 5602
3 5602 5604 5603
3 5604 5605 5603
3 5603 5605 2619
3 5605 2618 2619
3 3384 427 426
3 3387 5606 3384
3 425 5607 3387
3 3384 5606 427
3 5606 5604 427
3 3387 5607 5606
3 5607 5608 5606
3 5606 5608 5604
3 5608 5605 5604
3 425 424 5607
3 424 5609 5607
3 5607 5609 5608
3 5609 5610 5608
3 5608 5610 5605
3 5610 2618 5605
3 5610 2615 2618
3 5609 5611 5610
3 424 5612 5609
3 5610 5611 2615
3 5611 2613 2615
3 5609 5612 5611
3 5612 5613 5611
3 5611 5613 2613
3 5613 2610 2613
3 424 423 5612
3 423 5614 5612
3 5612 5614 5613
3 5614 5615 5613
3 5613 5615 2610
3 5615 2602 2610
3 3397 423 422
3 3400 5616 3397
3 421 5617 3400
3 3397 5616 423
3 5616 5614 423
3 3400 5617 5616
3 5617 5618 5616
3 5616 5618 5614
3 5618 5615 5614
3 421 420 5617
3 420 5619 5617
3 5617 5619 5618
3 5619 5620 5618
3 5618 5620 5615
3 5620 2602 5615
3 5620 2599 2602
3 5619 5621 5620
3 420 5622 5619
3 5620 5621 2599
3 5621 2597 2599
3 5619 5622 5621
3 5622 5623 5621
3 5621 5623 2597
3 5623 2594 2597
3 420 419 5622
3 419 5624 5622
3 5622 5624 5623
3 5624 5625 5623
3 5623 5625 2594
3 5625 2593 2594
3 3409 419 418
3 3408 5626 3409
3 417 5627 3408
3 3409 5626 419
3 5626 5624 419
3 3408 5627 5626
3 5627 5628 5626
3 5626 5628 5624
3 5628 5625 5624
3 417 416 5627
3 416 5629 5627
3 5627 5629 5628
3 5629 5630 5628
3 5628 5630 5625
3 5630 2593 5625
3 5630 2590 2593
3 5629 5631 5630
3 416 5632 5629
3 5630 5631 2590
3 5631 2588 2590
3 5629 5632 5631
3 5632 5633 5631
3 5631 5633 2588
3 5633 2585 2588
3 416 415 5632
3 415 5634 5632
3 5632 5634 5633
3 5634 5635 5633
3 5633 5635 2585
3 5635 1350 2585
3 3410 415 414
3 3413 5636 3410
3 413 5637 3413
3 3410 5636 415
3 5636 5634 415
3 3413 5637 5636
3 5637 5638 5636
3 5636 5638 5634
3 5638 5635 5634
3 413 412 5637
3 412 5639 5637
3 5637 5639 5638
3 5639 5640 5638
3 5638 5640 5635
3 5640 1350 5635
3 5640 1351 1350
3 5639 5641 5640
3 412 5642 5639
3 5640 5641 1351
3 5641 2583 1351
3 5639 5642 5641
3 5642 5643 5641
3 5641 5643 2583
3 5643 2584 2583
3 412 411 5642
3 411 5644 5642
3 5642 5644 5643
3 5644 5645 5643
3 5643 5645 2584
3 5645 2578 2584
3 3417 411 410
3 3420 5646 3417
3 409 5647 3420
3 3417 5646 411
3 5646 5644 411
3 3420 5647 5646
3 5647 5648 5646
3 5646 5648 5644
3 5648 5645 5644
3 409 408 5647
3 408 5649 5647
3 5647 5649 5648
3 5649 5650 5648
3 5648 5650 5645
3 5650 2578 5645
3 5650 2575 2578
3 5649 5651 5650
3 408 5652 5649
3 5650 5651 2575
3 5651 2573 2575
3 5649 5652 5651
3 5652 5653 5651
3 5651 5653 2573
3 5653 2570 2573
3 408 407 5652
3 407 5654 5652
3 5652 5654 5653
3 5654 5655 5653
3 5653 5655 2570
3 5655 2562 2570
3 3435 407 406
3 3434 5656 3435
3 405 5657 3434
3 3435 5656 407
3 5656 5654 407
3 3434 5657 5656
3 5657 5658 5656
3 5656 5658 5654
3 5658 5655 5654
3 405 404 5657
3 404 5659 5657
3 5657 5659 5658
3 5659 5660 5658
3 5658 5660 5655
3 5660 2562 5655
3 5660 2559 2562
3 5659 5661 5660
3 404 5662 5659
3 5660 5661 2559
3 5661 2557 2559
3 5659 5662 5661
3 5662 5663 5661
3 5661 5663 2557
3 5663 2554 2557
3 404 403 5662
3 403 5664 5662
3 5662 5664 5663
3 5664 5665 5663
3 5663 5665 2554
3 5665 2553 2554
3 3530 403 402
3 3533 5666 3530
3 401 5667 3533
3 3530 5666 403
3 5666 5664 403
3 3533 5667 5666
3 5667 5668 5666
3 5666 5668 5664
3 5668 5665 5664
3 401 400 5667
3 400 5669 5667
3 5667 5669 5668
3 5669 5670 5668
3 5668 5670 5665
3 5670 2553 5665
3 5670 2550 2553
3 5669 5671 5670
3 400 5672 5669
3 5670 5671 2550
3 5671 2548 2550
3 5669 5672 5671
3 5672 5673 5671
3 5671 5673 2548
3 5673 2545 2548
3 400 399 5672
3 399 5674 5672
3 5672 5674 5673
3 5674 5675 5673
3 5673 5675 2545
3 5675 1359 2545
3 3537 399 398
3 3540 5676 3537
3 397 5677 3540
3 3537 5676 399
3 5676 5674 399
3 3540 5677 5676
3 5677 5678 5676
3 5676 5678 5674
3 5678 5675 5674
3 397 396 5677
3 396 5679 5677
3 5677 5679 5678
3 5679 5680 5678
3 5678 5680 5675
3 5680 1359 5675
3 5680 1360 1359
3 5679 5681 5680
3 396 5682 5679
3 5680 5681 1360
3 5681 2543 1360
3 5679 5682 5681
3 5682 5683 5681
3 5681 5683 2543
3 5683 2544 2543
3 396 395 5682
3 395 5684 5682
3 5682 5684 5683
3 5684 5685 5683
3 5683 5685 2544
3 5685 2531 2544
3 3550 395 394
3 3553 5686 3550
3 393 5687 3553
3 3550 5686 395
3 5686 5684 395
3 3553 5687 5686
3 5687 5688 5686
3 5686 5688 5684
3 5688 5685 5684
3 393 392 5687
3 392 5689 5687
3 5687 5689 5688
3 5689 5690 5688
3 5688 5690 5685
3 5690 2531 5685
3 5690 2528 2531
3 5689 5691 5690
3 392 5692 5689
3 5690 5691 2528
3 5691 2526 2528
3 5689 5692 5691
3 5692 5693 5691
3 5691 5693 2526
3 5693 2523 2526
3 392 391 5692
3 391 5694 5692
3 5692 5694 5693
3 5694 5695 5693
3 5693 5695 2523
3 5695 2515 2523
3 3617 391 390
3 3620 5696 3617
3 389 5697 3620
3 3617 5696 391
3 5696 5694 391
3 3620 5697 5696
3 5697 5698 5696
3 5696 5698 5694
3 5698 5695 5694
3 389 388 5697
3 388 5699 5697
3 5697 5699 5698
3 5699 5700 5698
3 5698 5700 5695
3 5700 2515 5695
3 5700 2512 2515
3 5699 5701 5700
3 388 5702 5699
3 5700 5701 2512
3 5701 2510 2512
3 5699 5702 5701
3 5702 5703 5701
3 5701 5703 2510
3 5703 2507 2510
3 388 387 5702
3 387 5704 5702
3 5702 5704 5703
3 5704 5705 5703
3 5703 5705 2507
3 5705 2492 2507
3 1109 387 386
3 3517 5706 1109
3 385 5707 3517
3 1109 5706 387
3 5706 5704 387
3 3517 5707 5706
3 5707 5708 5706
3 5706 5708 5704
3 5708 5705 5704
3 385 384 5707
3 384 5709 5707
3 5707 5709 5708
3 5709 5710 5708
3 5708 5710 5705
3 5710 2492 5705
3 5710 2489 2492
3 5709 5711 5710
3 384 5712 5709
3 5710 5711 2489
3 5711 2487 2489
3 5709 5712 5711
3 5712 5713 5711
3 5711 5713 2487
3 5713 2484 2487
3 384 383 5712
3 383 5714 5712
3 5712 5714 5713
3 5714 5715 5713
3 5713 5715 2484
3 5715 2469 2484
3 1112 383 382
3 3504 5716 1112
3 381 5717 3504
3 1112 5716 383
3 5716 5714 383
3 3504 5717 5716
3 5717 5718 5716
3 5716 5718 5714
3 5718 5715 5714
3 381 380 5717
3 380 5719 5717
3 5717 5719 5718
3 5719 5720 5718
3 5718 5720 5715
3 5720 2469 5715
3 5720 2466 2469
3 5719 5721 5720
3 380 5722 5719
3 5720 5721 2466
3 5721 2464 2466
3 5719 5722 5721
3 5722 5723 5721
3 5721 5723 2464
3 5723 2461 2464
3 380 379 5722
3 379 5724 5722
3 5722 5724 5723
3 5724 5725 5723
3 5723 5725 2461
3 5725 2439 2461
3 1116 379 378
3 3484 5726 1116
3 377 5727 3484
3 1116 5726 379
3 5726 5724 379
3 3484 5727 5726
3 5727 5728 5726
3 5726 5728 5724
3 5728 5725 5724
3 377 376 5727
3 376 5729 5727
3 5727 5729 5728
3 5729 5730 5728
3 5728 5730 5725
3 5730 2439 5725
3 5730 2436 2439
3 5729 5731 5730
3 376 5732 5729
3 5730 5731 2436
3 5731 2434 2436
3 5729 5732 5731
3 5732 5733 5731
3 5731 5733 2434
3 5733 2431 2434
3 376 375 5732
3 375 5734 5732
3 5732 5734 5733
3 5734 5735 5733
3 5733 5735 2431
3 5735 2409 2431
3 1122 375 374
3 3458 5736 1122
3 373 5737 3458
3 1122 5736 375
3 5736 5734 375
3 3458 5737 5736
3 5737 5738 5736
3 5736 5738 5734
3 5738 5735 5734
3 373 372 5737
3 372 5739 5737
3 5737 5739 5738
3 5739 5740 5738
3 5738 5740 5735
3 5740 2409 5735
3 5286 372 371
3 5289 5741 5286
3 370 5742 5289
3 5286 5741 372
3 5741 5739 372
3 5289 5742 5741
3 5742 5743 5741
3 5741 5743 5739
3 5743 5740 5739
3 370 369 5742
3 369 2404 5742
3 5742 2404 5743
3 2404 2406 5743
3 5743 2406 5740
3 2406 2409 5740
3 1129 5744 279
3 3424 5745 1129
3 367 5746 3424
3 1129 5745 5744
3 5745 5747 5744
3 3424 5746 5745
3 5746 5748 5745
3 5745 5748 5747
3 5748 278 5747
3 367 366 5746
3 366 5749 5746
3 5746 5749 5748
3 5749 5750 5748
3 5748 5750 278
3 5750 276 278
3 5750 2563 276
3 5749 5751 5750
3 366 5752 5749
3 5750 5751 2563
3 5751 2564 2563
3 5749 5752 5751
3 5752 5753 5751
3 5751 5753 2564
3 5753 1355 2564
3 366 365 5752
3 365 5754 5752
3 5752 5754 5753
3 5754 5755 5753
3 5753 5755 1355
3 5755 1346 1355
3 1136 365 364
3 3391 5756 1136
3 363 5757 3391
3 1136 5756 365
3 5756 5754 365
3 3391 5757 5756
3 5757 5758 5756
3 5756 5758 5754
3 5758 5755 5754
3 363 362 5757
3 362 5759 5757
3 5757 5759 5758
3 5759 5760 5758
3 5758 5760 5755
3 5760 1346 5755
3 5760 2603 1346
3 5759 5761 5760
3 362 5762 5759
3 5760 5761 2603
3 5761 2604 2603
3 5759 5762 5761
3 5762 5763 5761
3 5761 5763 2604
3 5763 1345 2604
3 362 361 5762
3 361 5764 5762
3 5762 5764 5763
3 5764 5765 5763
3 5763 5765 1345
3 5765 1335 1345
3 1144 361 360
3 3351 5766 1144
3 359 5767 3351
3 1144 5766 361
3 5766 5764 361
3 3351 5767 5766
3 5767 5768 5766
3 5766 5768 5764
3 5768 5765 5764
3 359 358 5767
3 358 5769 5767
3 5767 5769 5768
3 5769 5770 5768
3 5768 5770 5765
3 5770 1335 5765
3 5770 2652 1335
3 5769 5771 5770
3 358 5772 5769
3 5770 5771 2652
3 5771 2653 2652
3 5769 5772 5771
3 5772 5773 5771
3 5771 5773 2653
3 5773 1334 2653
3 358 357 5772
3 357 5774 5772
3 5772 5774 5773
3 5774 5775 5773
3 5773 5775 1334
3 5775 1330 1334
3 1148 357 356
3 3331 5776 1148
3 355 5777 3331
3 1148 5776 357
3 5776 5774 357
3 3331 5777 5776
3 5777 5778 5776
3 5776 5778 5774
3 5778 5775 5774
3 355 354 5777
3 354 5779 5777
3 5777 5779 5778
3 5779 5780 5778
3 5778 5780 5775
3 5780 1330 5775
3 5780 2677 1330
3 5779 5781 5780
3 354 5782 5779
3 5780 5781 2677
3 5781 2678 2677
3 5779 5782 5781
3 5782 5783 5781
3 5781 5783 2678
3 5783 1329 2678
3 354 353 5782
3 353 5784 5782
3 5782 5784 5783
3 5784 5785 5783
3 5783 5785 1329
3 5785 1325 1329
3 1152 353 352
3 3311 5786 1152
3 351 5787 3311
3 1152 5786 353
3 5786 5784 353
3 3311 5787 5786
3 5787 5788 5786
3 5786 5788 5784
3 5788 5785 5784
3 351 350 5787
3 350 5789 5787
3 5787 5789 5788
3 5789 5790 5788
3 5788 5790 5785
3 5790 1325 5785
3 5790 2702 1325
3 5789 5791 5790
3 350 5792 5789
3 5790 5791 2702
3 5791 2703 2702
3 5789 5792 5791
3 5792 5793 5791
3 5791 5793 2703
3 5793 1324 2703
3 350 349 5792
3 349 5794 5792
3 5792 5794 5793
3 5794 5795 5793
3 5793 5795 1324
3 5795 1320 1324
3 1156 349 348
3 3291 5796 1156
3 347 5797 3291
3 1156 5796 349
3 5796 5794 349
3 3291 5797 5796
3 5797 5798 5796
3 5796 5798 5794
3 5798 5795 5794
3 347 346 5797
3 346 5799 5797
3 5797 5799 5798
3 5799 5800 5798
3 5798 5800 5795
3 5800 1320 5795
3 5800 2727 1320
3 5799 5801 5800
3 346 5802 5799
3 5800 5801 2727
3 5801 2728 2727
3 5799 5802 5801
3 5802 5803 5801
3 5801 5803 2728
3 5803 1319 2728
3 346 345 5802
3 345 5804 5802
3 5802 5804 5803
3 5804 5805 5803
3 5803 5805 1319
3 5805 1315 1319
3 1160 345 344
3 3271 5806 1160
3 343 5807 3271
3 1160 5806 345
3 5806 5804 345
3 3271 5807 5806
3 5807 5808 5806
3 5806 5808 5804
3 5808 5805 5804
3 343 342 5807
3 342 5809 5807
3 5807 5809 5808
3 5809 5810 5808
3 5808 5810 5805
3 5810 1315 5805
3 5810 2752 1315
3 5809 5811 5810
3 342 5812 5809
3 5810 5811 2752
3 5811 2753 2752
3 5809 5812 5811
3 5812 5813 5811
3 5811 5813 2753
3 5813 1314 2753
3 342 341 5812
3 341 5814 5812
3 5812 5814 5813
3 5814 5815 5813
3 5813 5815 1314
3 5815 1310 1314
3 1164 341 340
3 3251 5816 1164
3 339 5817 3251
3 1164 5816 341
3 5816 5814 341
3 3251 5817 5816
3 5817 5818 5816
3 5816 5818 5814
3 5818 5815 5814
3 339 338 5817
3 338 5819 5817
3 5817 5819 5818
3 5819 5820 5818
3 5818 5820 5815
3 5820 1310 5815
3 5820 2777 1310
3 5819 5821 5820
3 338 5822 5819
3 5820 5821 2777
3 5821 2778 2777
3 5819 5822 5821
3 5822 5823 5821
3 5821 5823 2778
3 5823 1309 2778
3 338 337 5822
3 337 5824 5822
3 5822 5824 5823
3 5824 5825 5823
3 5823 5825 1309
3 5825 1306 1309
3 1167 337 336
3 3238 5826 1167
3 335 5827 3238
3 1167 5826 337
3 5826 5824 337
3 3238 5827 5826
3 5827 5828 5826
3 5826 5828 5824
3 5828 5825 5824
3 335 334 5827
3 334 5829 5827
3 5827 5829 5828
3 5829 5830 5828
3 5828 5830 5825
3 5830 1306 5825
3 5830 2793 1306
3 5829 5831 5830
3 334 5832 5829
3 5830 5831 2793
3 5831 2794 2793
3 5829 5832 5831
3 5832 5833 5831
3 5831 5833 2794
3 5833 1305 2794
3 334 333 5832
3 333 5834 5832
3 5832 5834 5833
3 5834 5835 5833
3 5833 5835 1305
3 5835 1302 1305
3 4536 333 332
3 4539 5836 4536
3 331 5837 4539
3 4536 5836 333
3 5836 5834 333
3 4539 5837 5836
3 5837 5838 5836
3 5836 5838 5834
3 5838 5835 5834
3 331 330 5837
3 330 5839 5837
3 5837 5839 5838
3 5839 5840 5838
3 5838 5840 5835
3 5840 1302 5835
3 5841 330 329
3 5842 5843 5841
3 328 5844 5842
3 5841 5843 330
3 5843 5839 330
3 5842 5844 5843
3 5844 5845 5843
3 5843 5845 5839
3 5845 5840 5839
3 328 327 5844
3 327 2809 5844
3 5844 2809 5845
3 2809 2808 5845
3 5845 2808 5840
3 2808 1302 5840
3 1079 5846 229
3 3624 5847 1079
3 325 5848 3624
3 1079 5847 5846
3 5847 5849 5846
3 3624 5848 5847
3 5848 5850 5847
3 5847 5850 5849
3 5850 228 5849
3 325 324 5848
3 324 5851 5848
3 5848 5851 5850
3 5851 5852 5850
3 5850 5852 228
3 5852 226 228
3 5852 2410 226
3 5851 5853 5852
3 324 5854 5851
3 5852 5853 2410
3 5853 2411 2410
3 5851 5854 5853
3 5854 5855 5853
3 5853 5855 2411
3 5855 1400 2411
3 324 323 5854
3 323 5856 5854
3 5854 5856 5855
3 5856 5857 5855
3 5855 5857 1400
3 5857 1398 1400
3 1082 323 322
3 3611 5858 1082
3 321 5859 3611
3 1082 5858 323
3 5858 5856 323
3 3611 5859 5858
3 5859 5860 5858
3 5858 5860 5856
3 5860 5857 5856
3 321 320 5859
3 320 5861 5859
3 5859 5861 5860
3 5861 5862 5860
3 5860 5862 5857
3 5862 1398 5857
3 5862 2417 1398
3 5861 5863 5862
3 320 5864 5861
3 5862 5863 2417
3 5863 2418 2417
3 5861 5864 5863
3 5864 5865 5863
3 5863 5865 2418
3 5865 1397 2418
3 320 319 5864
3 319 5866 5864
3 5864 5866 5865
3 5866 5867 5865
3 5865 5867 1397
3 5867 1395 1397
3 1084 319 318
3 3605 5868 1084
3 317 5869 3605
3 1084 5868 319
3 5868 5866 319
3 3605 5869 5868
3 5869 5870 5868
3 5868 5870 5866
3 5870 5867 5866
3 317 316 5869
3 316 5871 5869
3 5869 5871 5870
3 5871 5872 5870
3 5870 5872 5867
3 5872 1395 5867
3 5872 2424 1395
3 5871 5873 5872
3 316 5874 5871
3 5872 5873 2424
3 5873 2425 2424
3 5871 5874 5873
3 5874 5875 5873
3 5873 5875 2425
3 5875 1394 2425
3 316 315 5874
3 315 5876 5874
3 5874 5876 5875
3 5876 5877 5875
3 5875 5877 1394
3 5877 1391 1394
3 1086 315 314
3 3599 5878 1086
3 313 5879 3599
3 1086 5878 315
3 5878 5876 315
3 3599 5879 5878
3 5879 5880 5878
3 5878 5880 5876
3 5880 5877 5876
3 313 312 5879
3 312 5881 5879
3 5879 5881 5880
3 5881 5882 5880
3 5880 5882 5877
3 5882 1391 5877
3 5882 2440 1391
3 5881 5883 5882
3 312 5884 5881
3 5882 5883 2440
3 5883 2441 2440
3 5881 5884 5883
3 5884 5885 5883
3 5883 5885 2441
3 5885 1390 2441
3 312 311 5884
3 311 5886 5884
3 5884 5886 5885
3 5886 5887 5885
3 5885 5887 1390
3 5887 1388 1390
3 1088 311 310
3 3593 5888 1088
3 309 5889 3593
3 1088 5888 311
3 5888 5886 311
3 3593 5889 5888
3 5889 5890 5888
3 5888 5890 5886
3 5890 5887 5886
3 309 308 5889
3 308 5891 5889
3 5889 5891 5890
3 5891 5892 5890
3 5890 5892 5887
3 5892 1388 5887
3 5892 2447 1388
3 5891 5893 5892
3 308 5894 5891
3 5892 5893 2447
3 5893 2448 2447
3 5891 5894 5893
3 5894 5895 5893
3 5893 5895 2448
3 5895 1387 2448
3 308 307 5894
3 307 5896 5894
3 5894 5896 5895
3 5896 5897 5895
3 5895 5897 1387
3 5897 1385 1387
3 1090 307 306
3 3587 5898 1090
3 305 5899 3587
3 1090 5898 307
3 5898 5896 307
3 3587 5899 5898
3 5899 5900 5898
3 5898 5900 5896
3 5900 5897 5896
3 305 304 5899
3 304 5901 5899
3 5899 5901 5900
3 5901 5902 5900
3 5900 5902 5897
3 5902 1385 5897
3 5902 2454 1385
3 5901 5903 5902
3 304 5904 5901
3 5902 5903 2454
3 5903 2455 2454
3 5901 5904 5903
3 5904 5905 5903
3 5903 5905 2455
3 5905 1384 2455
3 304 303 5904
3 303 5906 5904
3 5904 5906 5905
3 5906 5907 5905
3 5905 5907 1384
3 5907 1381 1384
3 1092 303 302
3 3581 5908 1092
3 301 5909 3581
3 1092 5908 303
3 5908 5906 303
3 3581 5909 5908
3 5909 5910 5908
3 5908 5910 5906
3 5910 5907 5906
3 301 300 5909
3 300 5911 5909
3 5909 5911 5910
3 5911 5912 5910
3 5910 5912 5907
3 5912 1381 5907
3 5912 2470 1381
3 5911 5913 5912
3 300 5914 5911
3 5912 5913 2470
3 5913 2471 2470
3 5911 5914 5913
3 5914 5915 5913
3 5913 5915 2471
3 5915 1380 2471
3 300 299 5914
3 299 5916 5914
3 5914 5916 5915
3 5916 5917 5915
3 5915 5917 1380
3 5917 1378 1380
3 1094 299 298
3 3575 5918 1094
3 297 5919 3575
3 1094 5918 299
3 5918 5916 299
3 3575 5919 5918
3 5919 5920 5918
3 5918 5920 5916
3 5920 5917 5916
3 297 296 5919
3 296 5921 5919
3 5919 5921 5920
3 5921 5922 5920
3 5920 5922 5917
3 5922 1378 5917
3 5922 2477 1378
3 5921 5923 5922
3 296 5924 5921
3 5922 5923 2477
3 5923 2478 2477
3 5921 5924 5923
3 5924 5925 5923
3 5923 5925 2478
3 5925 1377 2478
3 296 295 5924
3 295 5926 5924
3 5924 5926 5925
3 5926 5927 5925
3 5925 5927 1377
3 5927 1374 1377
3 1096 295 294
3 3569 5928 1096
3 293 5929 3569
3 1096 5928 295
3 5928 5926 295
3 3569 5929 5928
3 5929 5930 5928
3 5928 5930 5926
3 5930 5927 5926
3 293 292 5929
3 292 5931 5929
3 5929 5931 5930
3 5931 5932 5930
3 5930 5932 5927
3 5932 1374 5927
3 5932 2493 1374
3 5931 5933 5932
3 292 5934 5931
3 5932 5933 2493
3 5933 2494 2493
3 5931 5934 5933
3 5934 5935 5933
3 5933 5935 2494
3 5935 1373 2494
3 292 291 5934
3 291 5936 5934
3 5934 5936 5935
3 5936 5937 5935
3 5935 5937 1373
3 5937 1371 1373
3 1098 291 290
3 3563 5938 1098
3 289 5939 3563
3 1098 5938 291
3 5938 5936 291
3 3563 5939 5938
3 5939 5940 5938
3 5938 5940 5936
3 5940 5937 5936
3 289 288 5939
3 288 5941 5939
3 5939 5941 5940
3 5941 5942 5940
3 5940 5942 5937
3 5942 1371 5937
3 5942 2500 1371
3 5941 5943 5942
3 288 5944 5941
3 5942 5943 2500
3 5943 2501 2500
3 5941 5944 5943
3 5944 5945 5943
3 5943 5945 2501
3 5945 1370 2501
3 288 287 5944
3 287 5946 5944
3 5944 5946 5945
3 5946 5947 5945
3 5945 5947 1370
3 5947 1367 1370
3 1100 287 286
3 3557 5948 1100
3 285 5949 3557
3 1100 5948 287
3 5948 5946 287
3 3557 5949 5948
3 5949 5950 5948
3 5948 5950 5946
3 5950 5947 5946
3 285 284 5949
3 284 5951 5949
3 5949 5951 5950
3 5951 5952 5950
3 5950 5952 5947
3 5952 1367 5947
3 5952 2516 1367
3 5951 5953 5952
3 284 5954 5951
3 5952 5953 2516
3 5953 2517 2516
3 5951 5954 5953
3 5954 5955 5953
3 5953 5955 2517
3 5955 1366 2517
3 284 283 5954
3 283 5956 5954
3 5954 5956 5955
3 5956 5957 5955
3 5955 5957 1366
3 5957 1363 1366
3 1103 283 282
3 3544 5958 1103
3 281 5959 3544
3 1103 5958 283
3 5958 5956 283
3 3544 5959 5958
3 5959 5960 5958
3 5958 5960 5956
3 5960 5957 5956
3 281 280 5959
3 280 5961 5959
3 5959 5961 5960
3 5961 5962 5960
3 5960 5962 5957
3 5962 1363 5957
3 5744 280 279
3 5747 5963 5744
3 278 5964 5747
3 5744 5963 280
3 5963 5961 280
3 5747 5964 5963
3 5964 5965 5963
3 5963 5965 5961
3 5965 5962 5961
3 278 277 5964
3 277 2533 5964
3 5964 2533 5965
3 2533 2532 5965
3 5965 2532 5962
3 2532 1363 5962
3 1044 5966 187
3 3747 5967 1044
3 275 5968 3747
3 1044 5967 5966
3 5967 5969 5966
3 3747 5968 5967
3 5968 5970 5967
3 5967 5970 5969
3 5970 186 5969
3 275 274 5968
3 274 5971 5968
3 5968 5971 5970
3 5971 5972 5970
3 5970 5972 186
3 5972 184 186
3 5972 2160 184
3 5971 5973 5972
3 274 5974 5971
3 5972 5973 2160
3 5973 2161 2160
3 5971 5974 5973
3 5974 5975 5973
3 5973 5975 2161
3 5975 1474 2161
3 274 273 5974
3 273 5976 5974
3 5974 5976 5975
3 5976 5977 5975
3 5975 5977 1474
3 5977 1472 1474
3 1046 273 272
3 3741 5978 1046
3 271 5979 3741
3 1046 5978 273
3 5978 5976 273
3 3741 5979 5978
3 5979 5980 5978
3 5978 5980 5976
3 5980 5977 5976
3 271 270 5979
3 270 5981 5979
3 5979 5981 5980
3 5981 5982 5980
3 5980 5982 5977
3 5982 1472 5977
3 5982 2167 1472
3 5981 5983 5982
3 270 5984 5981
3 5982 5983 2167
3 5983 2168 2167
3 5981 5984 5983
3 5984 5985 5983
3 5983 5985 2168
3 5985 1471 2168
3 270 269 5984
3 269 5986 5984
3 5984 5986 5985
3 5986 5987 5985
3 5985 5987 1471
3 5987 1468 1471
3 1048 269 268
3 3735 5988 1048
3 267 5989 3735
3 1048 5988 269
3 5988 5986 269
3 3735 5989 5988
3 5989 5990 5988
3 5988 5990 5986
3 5990 5987 5986
3 267 266 5989
3 266 5991 5989
3 5989 5991 5990
3 5991 5992 5990
3 5990 5992 5987
3 5992 1468 5987
3 5992 2183 1468
3 5991 5993 5992
3 266 5994 5991
3 5992 5993 2183
3 5993 2184 2183
3 5991 5994 5993
3 5994 5995 5993
3 5993 5995 2184
3 5995 1467 2184
3 266 265 5994
3 265 5996 5994
3 5994 5996 5995
3 5996 5997 5995
3 5995 5997 1467
3 5997 1465 1467
3 1050 265 264
3 3729 5998 1050
3 263 5999 3729
3 1050 5998 265
3 5998 5996 265
3 3729 5999 5998
3 5999 6000 5998
3 5998 6000 5996
3 6000 5997 5996
3 263 262 5999
3 262 6001 5999
3 5999 6001 6000
3 6001 6002 6000
3 6000 6002 5997
3 6002 1465 5997
3 6002 2190 1465
3 6001 6003 6002
3 262 6004 6001
3 6002 6003 2190
3 6003 2191 2190
3 6001 6004 6003
3 6004 6005 6003
3 6003 6005 2191
3 6005 1464 2191
3 262 261 6004
3 261 6006 6004
3 6004 6006 6005
3 6006 6007 6005
3 6005 6007 1464
3 6007 1462 1464
3 1052 261 260
3 3723 6008 1052
3 259 6009 3723
3 1052 6008 261
3 6008 6006 261
3 3723 6009 6008
3 6009 6010 6008
3 6008 6010 6006
3 6010 6007 6006
3 259 258 6009
3 258 6011 6009
3 6009 6011 6010
3 6011 6012 6010
3 6010 6012 6007
3 6012 1462 6007
3 6012 2197 1462
3 6011 6013 6012
3 258 6014 6011
3 6012 6013 2197
3 6013 2198 2197
3 6011 6014 6013
3 6014 6015 6013
3 6013 6015 2198
3 6015 1461 2198
3 258 257 6014
3 257 6016 6014
3 6014 6016 6015
3 6016 6017 6015
3 6015 6017 1461
3 6017 1459 1461
3 1054 257 256
3 3717 6018 1054
3 255 6019 3717
3 1054 6018 257
3 6018 6016 257
3 3717 6019 6018
3 6019 6020 6018
3 6018 6020 6016
3 6020 6017 6016
3 255 254 6019
3 254 6021 6019
3 6019 6021 6020
3 6021 6022 6020
3 6020 6022 6017
3 6022 1459 6017
3 6022 2204 1459
3 6021 6023 6022
3 254 6024 6021
3 6022 6023 2204
3 6023 2205 2204
3 6021 6024 6023
3 6024 6025 6023
3 6023 6025 2205
3 6025 1458 2205
3 254 253 6024
3 253 6026 6024
3 6024 6026 6025
3 6026 6027 6025
3 6025 6027 1458
3 6027 1455 1458
3 1056 253 252
3 3711 6028 1056
3 251 6029 3711
3 1056 6028 253
3 6028 6026 253
3 3711 6029 6028
3 6029 6030 6028
3 6028 6030 6026
3 6030 6027 6026
3 251 250 6029
3 250 6031 6029
3 6029 6031 6030
3 6031 6032 6030
3 6030 6032 6027
3 6032 1455 6027
3 6032 2220 1455
3 6031 6033 6032
3 250 6034 6031
3 6032 6033 2220
3 6033 2221 2220
3 6031 6034 6033
3 6034 6035 6033
3 6033 6035 2221
3 6035 1454 2221
3 250 249 6034
3 249 6036 6034
3 6034 6036 6035
3 6036 6037 6035
3 6035 6037 1454
3 6037 1452 1454
3 1058 249 248
3 3705 6038 1058
3 247 6039 3705
3 1058 6038 249
3 6038 6036 249
3 3705 6039 6038
3 6039 6040 6038
3 6038 6040 6036
3 6040 6037 6036
3 247 246 6039
3 246 6041 6039
3 6039 6041 6040
3 6041 6042 6040
3 6040 6042 6037
3 6042 1452 6037
3 6042 2227 1452
3 6041 6043 6042
3 246 6044 6041
3 6042 6043 2227
3 6043 2228 2227
3 6041 6044 6043
3 6044 6045 6043
3 6043 6045 2228
3 6045 1451 2228
3 246 245 6044
3 245 6046 6044
3 6044 6046 6045
3 6046 6047 6045
3 6045 6047 1451
3 6047 1449 1451
3 1060 245 244
3 3699 6048 1060
3 243 6049 3699
3 1060 6048 245
3 6048 6046 245
3 3699 6049 6048
3 6049 6050 6048
3 6048 6050 6046
3 6050 6047 6046
3 243 242 6049
3 242 6051 6049
3 6049 6051 6050
3 6051 6052 6050
3 6050 6052 6047
3 6052 1449 6047
3 6052 2234 1449
3 6051 6053 6052
3 242 6054 6051
3 6052 6053 2234
3 6053 2235 2234
3 6051 6054 6053
3 6054 6055 6053
3 6053 6055 2235
3 6055 1448 2235
3 242 241 6054
3 241 6056 6054
3 6054 6056 6055
3 6056 6057 6055
3 6055 6057 1448
3 6057 1446 1448
3 1062 241 240
3 3693 6058 1062
3 239 6059 3693
3 1062 6058 241
3 6058 6056 241
3 3693 6059 6058
3 6059 6060 6058
3 6058 6060 6056
3 6060 6057 6056
3 239 238 6059
3 238 6061 6059
3 6059 6061 6060
3 6061 6062 6060
3 6060 6062 6057
3 6062 1446 6057
3 6062 2241 1446
3 6061 6063 6062
3 238 6064 6061
3 6062 6063 2241
3 6063 2242 2241
3 6061 6064 6063
3 6064 6065 6063
3 6063 6065 2242
3 6065 1445 2242
3 238 237 6064
3 237 6066 6064
3 6064 6066 6065
3 6066 6067 6065
3 6065 6067 1445
3 6067 1443 1445
3 1064 237 236
3 3687 6068 1064
3 235 6069 3687
3 1064 6068 237
3 6068 6066 237
3 3687 6069 6068
3 6069 6070 6068
3 6068 6070 6066
3 6070 6067 6066
3 235 234 6069
3 234 6071 6069
3 6069 6071 6070
3 6071 6072 6070
3 6070 6072 6067
3 6072 1443 6067
3 6072 2248 1443
3 6071 6073 6072
3 234 6074 6071
3 6072 6073 2248
3 6073 2249 2248
3 6071 6074 6073
3 6074 6075 6073
3 6073 6075 2249
3 6075 1442 2249
3 234 233 6074
3 233 6076 6074
3 6074 6076 6075
3 6076 6077 6075
3 6075 6077 1442
3 6077 1440 1442
3 1066 233 232
3 3681 6078 1066
3 231 6079 3681
3 1066 6078 233
3 6078 6076 233
3 3681 6079 6078
3 6079 6080 6078
3 6078 6080 6076
3 6080 6077 6076
3 231 230 6079
3 230 6081 6079
3 6079 6081 6080
3 6081 6082 6080
3 6080 6082 6077
3 6082 1440 6077
3 5846 230 229
3 5849 6083 5846
3 228 6084 5849
3 5846 6083 230
3 6083 6081 230
3 5849 6084 6083
3 6084 6085 6083
3 6083 6085 6081
3 6085 6082 6081
3 228 227 6084
3 227 2256 6084
3 6084 2256 6085
3 2256 2255 6085
3 6085 2255 6082
3 2255 1440 6082
3 1011 6086 145
3 3890 6087 1011
3 225 6088 3890
3 1011 6087 6086
3 6087 6089 6086
3 3890 6088 6087
3 6088 6090 6087
3 6087 6090 6089
3 6090 144 6089
3 225 224 6088
3 224 6091 6088
3 6088 6091 6090
3 6091 6092 6090
3 6090 6092 144
3 6092 142 144
3 6092 2009 142
3 6091 6093 6092
3 224 6094 6091
3 6092 6093 2009
3 6093 2010 2009
3 6091 6094 6093
3 6094 6095 6093
3 6093 6095 2010
3 6095 1511 2010
3 224 223 6094
3 223 6096 6094
3 6094 6096 6095
3 6096 6097 6095
3 6095 6097 1511
3 6097 1509 1511
3 1014 223 222
3 3877 6098 1014
3 221 6099 3877
3 1014 6098 223
3 6098 6096 223
3 3877 6099 6098
3 6099 6100 6098
3 6098 6100 6096
3 6100 6097 6096
3 221 220 6099
3 220 6101 6099
3 6099 6101 6100
3 6101 6102 6100
3 6100 6102 6097
3 6102 1509 6097
3 6102 2016 1509
3 6101 6103 6102
3 220 6104 6101
3 6102 6103 2016
3 6103 2017 2016
3 6101 6104 6103
3 6104 6105 6103
3 6103 6105 2017
3 6105 1508 2017
3 220 219 6104
3 219 6106 6104
3 6104 6106 6105
3 6106 6107 6105
3 6105 6107 1508
3 6107 1505 1508
3 1018 219 218
3 3857 6108 1018
3 217 6109 3857
3 1018 6108 219
3 6108 6106 219
3 3857 6109 6108
3 6109 6110 6108
3 6108 6110 6106
3 6110 6107 6106
3 217 216 6109
3 216 6111 6109
3 6109 6111 6110
3 6111 6112 6110
3 6110 6112 6107
3 6112 1505 6107
3 6112 2032 1505
3 6111 6113 6112
3 216 6114 6111
3 6112 6113 2032
3 6113 2033 2032
3 6111 6114 6113
3 6114 6115 6113
3 6113 6115 2033
3 6115 1504 2033
3 216 215 6114
3 215 6116 6114
3 6114 6116 6115
3 6116 6117 6115
3 6115 6117 1504
3 6117 1501 1504
3 1024 215 214
3 3831 6118 1024
3 213 6119 3831
3 1024 6118 215
3 6118 6116 215
3 3831 6119 6118
3 6119 6120 6118
3 6118 6120 6116
3 6120 6117 6116
3 213 212 6119
3 212 6121 6119
3 6119 6121 6120
3 6121 6122 6120
3 6120 6122 6117
3 6122 1501 6117
3 6122 2048 1501
3 6121 6123 6122
3 212 6124 6121
3 6122 6123 2048
3 6123 2049 2048
3 6121 6124 6123
3 6124 6125 6123
3 6123 6125 2049
3 6125 1500 2049
3 212 211 6124
3 211 6126 6124
3 6124 6126 6125
3 6126 6127 6125
3 6125 6127 1500
3 6127 1496 1500
3 1028 211 210
3 3811 6128 1028
3 209 6129 3811
3 1028 6128 211
3 6128 6126 211
3 3811 6129 6128
3 6129 6130 6128
3 6128 6130 6126
3 6130 6127 6126
3 209 208 6129
3 208 6131 6129
3 6129 6131 6130
3 6131 6132 6130
3 6130 6132 6127
3 6132 1496 6127
3 6132 2073 1496
3 6131 6133 6132
3 208 6134 6131
3 6132 6133 2073
3 6133 2074 2073
3 6131 6134 6133
3 6134 6135 6133
3 6133 6135 2074
3 6135 1495 2074
3 208 207 6134
3 207 6136 6134
3 6134 6136 6135
3 6136 6137 6135
3 6135 6137 1495
3 6137 1493 1495
3 1032 207 206
3 3791 6138 1032
3 205 6139 3791
3 1032 6138 207
3 6138 6136 207
3 3791 6139 6138
3 6139 6140 6138
3 6138 6140 6136
3 6140 6137 6136
3 205 204 6139
3 204 6141 6139
3 6139 6141 6140
3 6141 6142 6140
3 6140 6142 6137
3 6142 1493 6137
3 6142 2080 1493
3 6141 6143 6142
3 204 6144 6141
3 6142 6143 2080
3 6143 2081 2080
3 6141 6144 6143
3 6144 6145 6143
3 6143 6145 2081
3 6145 1492 2081
3 204 203 6144
3 203 6146 6144
3 6144 6146 6145
3 6146 6147 6145
3 6145 6147 1492
3 6147 1489 1492
3 1035 203 202
3 3778 6148 1035
3 201 6149 3778
3 1035 6148 203
3 6148 6146 203
3 3778 6149 6148
3 6149 6150 6148
3 6148 6150 6146
3 6150 6147 6146
3 201 200 6149
3 200 6151 6149
3 6149 6151 6150
3 6151 6152 6150
3 6150 6152 6147
3 6152 1489 6147
3 6152 2096 1489
3 6151 6153 6152
3 200 6154 6151
3 6152 6153 2096
3 6153 2097 2096
3 6151 6154 6153
3 6154 6155 6153
3 6153 6155 2097
3 6155 1488 2097
3 200 199 6154
3 199 6156 6154
3 6154 6156 6155
3 6156 6157 6155
3 6155 6157 1488
3 6157 1486 1488
3 1038 199 198
3 3765 6158 1038
3 197 6159 3765
3 1038 6158 199
3 6158 6156 199
3 3765 6159 6158
3 6159 6160 6158
3 6158 6160 6156
3 6160 6157 6156
3 197 196 6159
3 196 6161 6159
3 6159 6161 6160
3 6161 6162 6160
3 6160 6162 6157
3 6162 1486 6157
3 6162 2103 1486
3 6161 6163 6162
3 196 6164 6161
3 6162 6163 2103
3 6163 2104 2103
3 6161 6164 6163
3 6164 6165 6163
3 6163 6165 2104
3 6165 1485 2104
3 196 195 6164
3 195 6166 6164
3 6164 6166 6165
3 6166 6167 6165
3 6165 6167 1485
3 6167 1482 1485
3 1040 195 194
3 3759 6168 1040
3 193 6169 3759
3 1040 6168 195
3 6168 6166 195
3 3759 6169 6168
3 6169 6170 6168
3 6168 6170 6166
3 6170 6167 6166
3 193 192 6169
3 192 6171 6169
3 6169 6171 6170
3 6171 6172 6170
3 6170 6172 6167
3 6172 1482 6167
3 6172 2119 1482
3 6171 6173 6172
3 192 6174 6171
3 6172 6173 2119
3 6173 2120 2119
3 6171 6174 6173
3 6174 6175 6173
3 6173 6175 2120
3 6175 1481 2120
3 192 191 6174
3 191 6176 6174
3 6174 6176 6175
3 6176 6177 6175
3 6175 6177 1481
3 6177 1478 1481
3 1042 191 190
3 3753 6178 1042
3 189 6179 3753
3 1042 6178 191
3 6178 6176 191
3 3753 6179 6178
3 6179 6180 6178
3 6178 6180 6176
3 6180 6177 6176
3 189 188 6179
3 188 6181 6179
3 6179 6181 6180
3 6181 6182 6180
3 6180 6182 6177
3 6182 1478 6177
3 5966 188 187
3 5969 6183 5966
3 186 6184 5969
3 5966 6183 188
3 6183 6181 188
3 5969 6184 6183
3 6184 6185 6183
3 6183 6185 6181
3 6185 6182 6181
3 186 185 6184
3 185 2136 6184
3 6184 2136 6185
3 2136 2135 6185
3 6185 2135 6182
3 2135 1478 6182
3 968 6186 95
3 4095 6187 968
3 183 6188 4095
3 968 6187 6186
3 6187 6189 6186
3 4095 6188 6187
3 6188 6190 6187
3 6187 6190 6189
3 6190 94 6189
3 183 182 6188
3 182 6191 6188
3 6188 6191 6190
3 6191 6192 6190
3 6190 6192 94
3 6192 92 94
3 6192 1760 92
3 6191 6193 6192
3 182 6194 6191
3 6192 6193 1760
3 6193 1761 1760
3 6191 6194 6193
3 6194 6195 6193
3 6193 6195 1761
3 6195 1578 1761
3 182 181 6194
3 181 6196 6194
3 6194 6196 6195
3 6196 6197 6195
3 6195 6197 1578
3 6197 1558 1578
3 975 181 180
3 4062 6198 975
3 179 6199 4062
3 975 6198 181
3 6198 6196 181
3 4062 6199 6198
3 6199 6200 6198
3 6198 6200 6196
3 6200 6197 6196
3 179 178 6199
3 178 6201 6199
3 6199 6201 6200
3 6201 6202 6200
3 6200 6202 6197
3 6202 1558 6197
3 6202 1839 1558
3 6201 6203 6202
3 178 6204 6201
3 6202 6203 1839
3 6203 1840 1839
3 6201 6204 6203
3 6204 6205 6203
3 6203 6205 1840
3 6205 1557 1840
3 178 177 6204
3 177 6206 6204
3 6204 6206 6205
3 6206 6207 6205
3 6205 6207 1557
3 6207 1542 1557
3 983 177 176
3 4022 6208 983
3 175 6209 4022
3 983 6208 177
3 6208 6206 177
3 4022 6209 6208
3 6209 6210 6208
3 6208 6210 6206
3 6210 6207 6206
3 175 174 6209
3 174 6211 6209
3 6209 6211 6210
3 6211 6212 6210
3 6210 6212 6207
3 6212 1542 6207
3 6212 1903 1542
3 6211 6213 6212
3 174 6214 6211
3 6212 6213 1903
3 6213 1904 1903
3 6211 6214 6213
3 6214 6215 6213
3 6213 6215 1904
3 6215 1541 1904
3 174 173 6214
3 173 6216 6214
3 6214 6216 6215
3 6216 6217 6215
3 6215 6217 1541
3 6217 1539 1541
3 987 173 172
3 4002 6218 987
3 171 6219 4002
3 987 6218 173
3 6218 6216 173
3 4002 6219 6218
3 6219 6220 6218
3 6218 6220 6216
3 6220 6217 6216
3 171 170 6219
3 170 6221 6219
3 6219 6221 6220
3 6221 6222 6220
3 6220 6222 6217
3 6222 1539 6217
3 6222 1910 1539
3 6221 6223 6222
3 170 6224 6221
3 6222 6223 1910
3 6223 1911 1910
3 6221 6224 6223
3 6224 6225 6223
3 6223 6225 1911
3 6225 1538 1911
3 170 169 6224
3 169 6226 6224
3 6224 6226 6225
3 6226 6227 6225
3 6225 6227 1538
3 6227 1535 1538
3 991 169 168
3 3982 6228 991
3 167 6229 3982
3 991 6228 169
3 6228 6226 169
3 3982 6229 6228
3 6229 6230 6228
3 6228 6230 6226
3 6230 6227 6226
3 167 166 6229
3 166 6231 6229
3 6229 6231 6230
3 6231 6232 6230
3 6230 6232 6227
3 6232 1535 6227
3 6232 1925 1535
3 6231 6233 6232
3 166 6234 6231
3 6232 6233 1925
3 6233 1926 1925
3 6231 6234 6233
3 6234 6235 6233
3 6233 6235 1926
3 6235 1534 1926
3 166 165 6234
3 165 6236 6234
3 6234 6236 6235
3 6236 6237 6235
3 6235 6237 1534
3 6237 1532 1534
3 995 165 164
3 3962 6238 995
3 163 6239 3962
3 995 6238 165
3 6238 6236 165
3 3962 6239 6238
3 6239 6240 6238
3 6238 6240 6236
3 6240 6237 6236
3 163 162 6239
3 162 6241 6239
3 6239 6241 6240
3 6241 6242 6240
3 6240 6242 6237
3 6242 1532 6237
3 6242 1946 1532
3 6241 6243 6242
3 162 6244 6241
3 6242 6243 1946
3 6243 1944 1946
3 6241 6244 6243
3 6244 6245 6243
3 6243 6245 1944
3 6245 1941 1944
3 162 161 6244
3 161 6246 6244
3 6244 6246 6245
3 6246 6247 6245
3 6245 6247 1941
3 6247 1940 1941
3 999 161 160
3 3942 6248 999
3 159 6249 3942
3 999 6248 161
3 6248 6246 161
3 3942 6249 6248
3 6249 6250 6248
3 6248 6250 6246
3 6250 6247 6246
3 159 158 6249
3 158 6251 6249
3 6249 6251 6250
3 6251 6252 6250
3 6250 6252 6247
3 6252 1940 6247
3 6252 1937 1940
3 6251 6253 6252
3 158 6254 6251
3 6252 6253 1937
3 6253 1935 1937
3 6251 6254 6253
3 6254 6255 6253
3 6253 6255 1935
3 6255 1931 1935
3 158 157 6254
3 157 6256 6254
3 6254 6256 6255
3 6256 6257 6255
3 6255 6257 1931
3 6257 1521 1931
3 1003 157 156
3 3922 6258 1003
3 155 6259 3922
3 1003 6258 157
3 6258 6256 157
3 3922 6259 6258
3 6259 6260 6258
3 6258 6260 6256
3 6260 6257 6256
3 155 154 6259
3 154 6261 6259
3 6259 6261 6260
3 6261 6262 6260
3 6260 6262 6257
3 6262 1521 6257
3 6262 1972 1521
3 6261 6263 6262
3 154 6264 6261
3 6262 6263 1972
3 6263 1973 1972
3 6261 6264 6263
3 6264 6265 6263
3 6263 6265 1973
3 6265 1520 1973
3 154 153 6264
3 153 6266 6264
3 6264 6266 6265
3 6266 6267 6265
3 6265 6267 1520
3 6267 1518 1520
3 1006 153 152
3 3909 6268 1006
3 151 6269 3909
3 1006 6268 153
3 6268 6266 153
3 3909 6269 6268
3 6269 6270 6268
3 6268 6270 6266
3 6270 6267 6266
3 151 150 6269
3 150 6271 6269
3 6269 6271 6270
3 6271 6272 6270
3 6270 6272 6267
3 6272 1518 6267
3 6272 1979 1518
3 6271 6273 6272
3 150 6274 6271
3 6272 6273 1979
3 6273 1980 1979
3 6271 6274 6273
3 6274 6275 6273
3 6273 6275 1980
3 6275 1517 1980
3 150 149 6274
3 149 6276 6274
3 6274 6276 6275
3 6276 6277 6275
3 6275 6277 1517
3 6277 1514 1517
3 1009 149 148
3 3896 6278 1009
3 147 6279 3896
3 1009 6278 149
3 6278 6276 149
3 3896 6279 6278
3 6279 6280 6278
3 6278 6280 6276
3 6280 6277 6276
3 147 146 6279
3 146 6281 6279
3 6279 6281 6280
3 6281 6282 6280
3 6280 6282 6277
3 6282 1514 6277
3 6086 146 145
3 6089 6283 6086
3 144 6284 6089
3 6086 6283 146
3 6283 6281 146
3 6089 6284 6283
3 6284 6285 6283
3 6283 6285 6281
3 6285 6282 6281
3 144 143 6284
3 143 1995 6284
3 6284 1995 6285
3 1995 1994 6285
3 6285 1994 6282
3 1994 1514 6282
3 3221 6286 45
3 3220 6287 3221
3 141 6288 3220
3 3221 6287 6286
3 6287 6289 6286
3 3220 6288 6287
3 6288 6290 6287
3 6287 6290 6289
3 6290 44 6289
3 141 140 6288
3 140 6291 6288
3 6288 6291 6290
3 6291 6292 6290
3 6290 6292 44
3 6292 42 44
3 6292 3094 42
3 6291 6293 6292
3 140 6294 6291
3 6292 6293 3094
3 6293 3092 3094
3 6291 6294 6293
3 6294 6295 6293
3 6293 6295 3092
3 6295 3089 3092
3 140 139 6294
3 139 6296 6294
3 6294 6296 6295
3 6296 6297 6295
3 6295 6297 3089
3 6297 3088 3089
3 4197 139 138
3 4200 6298 4197
3 137 6299 4200
3 4197 6298 139
3 6298 6296 139
3 4200 6299 6298
3 6299 6300 6298
3 6298 6300 6296
3 6300 6297 6296
3 137 136 6299
3 136 6301 6299
3 6299 6301 6300
3 6301 6302 6300
3 6300 6302 6297
3 6302 3088 6297
3 6302 3085 3088
3 6301 6303 6302
3 136 6304 6301
3 6302 6303 3085
3 6303 3083 3085
3 6301 6304 6303
3 6304 6305 6303
3 6303 6305 3083
3 6305 3080 3083
3 136 135 6304
3 135 6306 6304
3 6304 6306 6305
3 6306 6307 6305
3 6305 6307 3080
3 6307 1620 3080
3 4204 135 134
3 4207 6308 4204
3 133 6309 4207
3 4204 6308 135
3 6308 6306 135
3 4207 6309 6308
3 6309 6310 6308
3 6308 6310 6306
3 6310 6307 6306
3 133 132 6309
3 132 6311 6309
3 6309 6311 6310
3 6311 6312 6310
3 6310 6312 6307
3 6312 1620 6307
3 6312 1618 1620
3 6311 6313 6312
3 132 6314 6311
3 6312 6313 1618
3 6313 1621 1618
3 6311 6314 6313
3 6314 6315 6313
3 6313 6315 1621
3 6315 1617 1621
3 132 131 6314
3 131 6316 6314
3 6314 6316 6315
3 6316 6317 6315
3 6315 6317 1617
3 6317 1614 1617
3 3229 131 130
3 3228 6318 3229
3 129 6319 3228
3 3229 6318 131
3 6318 6316 131
3 3228 6319 6318
3 6319 6320 6318
3 6318 6320 6316
3 6320 6317 6316
3 129 128 6319
3 128 6321 6319
3 6319 6321 6320
3 6321 6322 6320
3 6320 6322 6317
3 6322 1614 6317
3 6322 1637 1614
3 6321 6323 6322
3 128 6324 6321
3 6322 6323 1637
3 6323 1638 1637
3 6321 6324 6323
3 6324 6325 6323
3 6323 6325 1638
3 6325 1613 1638
3 128 127 6324
3 127 6326 6324
3 6324 6326 6325
3 6326 6327 6325
3 6325 6327 1613
3 6327 1611 1613
3 4179 127 126
3 4182 6328 4179
3 125 6329 4182
3 4179 6328 127
3 6328 6326 127
3 4182 6329 6328
3 6329 6330 6328
3 6328 6330 6326
3 6330 6327 6326
3 125 124 6329
3 124 6331 6329
3 6329 6331 6330
3 6331 6332 6330
3 6330 6332 6327
3 6332 1611 6327
3 6332 1644 1611
3 6331 6333 6332
3 124 6334 6331
3 6332 6333 1644
3 6333 1645 1644
3 6331 6334 6333
3 6334 6335 6333
3 6333 6335 1645
3 6335 1610 1645
3 124 123 6334
3 123 6336 6334
3 6334 6336 6335
3 6336 6337 6335
3 6335 6337 1610
3 6337 1608 1610
3 4186 123 122
3 4189 6338 4186
3 121 6339 4189
3 4186 6338 123
3 6338 6336 123
3 4189 6339 6338
3 6339 6340 6338
3 6338 6340 6336
3 6340 6337 6336
3 121 120 6339
3 120 6341 6339
3 6339 6341 6340
3 6341 6342 6340
3 6340 6342 6337
3 6342 1608 6337
3 6342 1651 1608
3 6341 6343 6342
3 120 6344 6341
3 6342 6343 1651
3 6343 1652 1651
3 6341 6344 6343
3 6344 6345 6343
3 6343 6345 1652
3 6345 1607 1652
3 120 119 6344
3 119 6346 6344
3 6344 6346 6345
3 6346 6347 6345
3 6345 6347 1607
3 6347 1604 1607
3 4160 119 118
3 4164 6348 4160
3 117 6349 4164
3 4160 6348 119
3 6348 6346 119
3 4164 6349 6348
3 6349 6350 6348
3 6348 6350 6346
3 6350 6347 6346
3 117 116 6349
3 116 6351 6349
3 6349 6351 6350
3 6351 6352 6350
3 6350 6352 6347
3 6352 1604 6347
3 6352 1667 1604
3 6351 6353 6352
3 116 6354 6351
3 6352 6353 1667
3 6353 1668 1667
3 6351 6354 6353
3 6354 6355 6353
3 6353 6355 1668
3 6355 1603 1668
3 116 115 6354
3 115 6356 6354
3 6354 6356 6355
3 6356 6357 6355
3 6355 6357 1603
3 6357 1601 1603
3 4168 115 114
3 4171 6358 4168
3 113 6359 4171
3 4168 6358 115
3 6358 6356 115
3 4171 6359 6358
3 6359 6360 6358
3 6358 6360 6356
3 6360 6357 6356
3 113 112 6359
3 112 6361 6359
3 6359 6361 6360
3 6361 6362 6360
3 6360 6362 6357
3 6362 1601 6357
3 6362 1674 1601
3 6361 6363 6362
3 112 6364 6361
3 6362 6363 1674
3 6363 1675 1674
3 6361 6364 6363
3 6364 6365 6363
3 6363 6365 1675
3 6365 1600 1675
3 112 111 6364
3 111 6366 6364
3 6364 6366 6365
3 6366 6367 6365
3 6365 6367 1600
3 6367 1597 1600
3 4140 111 110
3 4144 6368 4140
3 109 6369 4144
3 4140 6368 111
3 6368 6366 111
3 4144 6369 6368
3 6369 6370 6368
3 6368 6370 6366
3 6370 6367 6366
3 109 108 6369
3 108 6371 6369
3 6369 6371 6370
3 6371 6372 6370
3 6370 6372 6367
3 6372 1597 6367
3 6372 1690 1597
3 6371 6373 6372
3 108 6374 6371
3 6372 6373 1690
3 6373 1691 1690
3 6371 6374 6373
3 6374 6375 6373
3 6373 6375 1691
3 6375 1596 1691
3 108 107 6374
3 107 6376 6374
3 6374 6376 6375
3 6376 6377 6375
3 6375 6377 1596
3 6377 1594 1596
3 4148 107 106
3 4151 6378 4148
3 105 6379 4151
3 4148 6378 107
3 6378 6376 107
3 4151 6379 6378
3 6379 6380 6378
3 6378 6380 6376
3 6380 6377 6376
3 105 104 6379
3 104 6381 6379
3 6379 6381 6380
3 6381 6382 6380
3 6380 6382 6377
3 6382 1594 6377
3 6382 1697 1594
3 6381 6383 6382
3 104 6384 6381
3 6382 6383 1697
3 6383 1698 1697
3 6381 6384 6383
3 6384 6385 6383
3 6383 6385 1698
3 6385 1593 1698
3 104 103 6384
3 103 6386 6384
3 6384 6386 6385
3 6386 6387 6385
3 6385 6387 1593
3 6387 1590 1593
3 959 103 102
3 4134 6388 959
3 101 6389 4134
3 959 6388 103
3 6388 6386 103
3 4134 6389 6388
3 6389 6390 6388
3 6388 6390 6386
3 6390 6387 6386
3 101 100 6389
3 100 6391 6389
3 6389 6391 6390
3 6391 6392 6390
3 6390 6392 6387
3 6392 1590 6387
3 6392 1713 1590
3 6391 6393 6392
3 100 6394 6391
3 6392 6393 1713
3 6393 1714 1713
3 6391 6394 6393
3 6394 6395 6393
3 6393 6395 1714
3 6395 1589 1714
3 100 99 6394
3 99 6396 6394
3 6394 6396 6395
3 6396 6397 6395
3 6395 6397 1589
3 6397 1586 1589
3 962 99 98
3 4121 6398 962
3 97 6399 4121
3 962 6398 99
3 6398 6396 99
3 4121 6399 6398
3 6399 6400 6398
3 6398 6400 6396
3 6400 6397 6396
3 97 96 6399
3 96 6401 6399
3 6399 6401 6400
3 6401 6402 6400
3 6400 6402 6397
3 6402 1586 6397
3 6186 96 95
3 6189 6403 6186
3 94 6404 6189
3 6186 6403 96
3 6403 6401 96
3 6189 6404 6403
3 6404 6405 6403
3 6403 6405 6401
3 6405 6402 6401
3 94 93 6404
3 93 1730 6404
3 6404 1730 6405
3 1730 1729 6405
3 6405 1729 6402
3 1729 1586 6402
3 892 6406 3
3 4401 6407 892
3 91 6408 4401
3 892 6407 6406
3 6407 6409 6406
3 4401 6408 6407
3 6408 6410 6407
3 6407 6410 6409
3 6410 2 6409
3 91 90 6408
3 90 6411 6408
3 6408 6411 6410
3 6411 6412 6410
3 6410 6412 2
3 6412 0 2
3 6412 2989 0
3 6411 6413 6412
3 90 6414 6411
3 6412 6413 2989
3 6413 2990 2989
3 6411 6414 6413
3 6414 6415 6413
3 6413 6415 2990
3 6415 1257 2990
3 90 89 6414
3 89 6416 6414
3 6414 6416 6415
3 6416 6417 6415
3 6415 6417 1257
3 6417 1255 1257
3 894 89 88
3 4395 6418 894
3 87 6419 4395
3 894 6418 89
3 6418 6416 89
3 4395 6419 6418
3 6419 6420 6418
3 6418 6420 6416
3 6420 6417 6416
3 87 86 6419
3 86 6421 6419
3 6419 6421 6420
3 6421 6422 6420
3 6420 6422 6417
3 6422 1255 6417
3 6422 2996 1255
3 6421 6423 6422
3 86 6424 6421
3 6422 6423 2996
3 6423 2997 2996
3 6421 6424 6423
3 6424 6425 6423
3 6423 6425 2997
3 6425 1254 2997
3 86 85 6424
3 85 6426 6424
3 6424 6426 6425
3 6426 6427 6425
3 6425 6427 1254
3 6427 1252 1254
3 896 85 84
3 4389 6428 896
3 83 6429 4389
3 896 6428 85
3 6428 6426 85
3 4389 6429 6428
3 6429 6430 6428
3 6428 6430 6426
3 6430 6427 6426
3 83 82 6429
3 82 6431 6429
3 6429 6431 6430
3 6431 6432 6430
3 6430 6432 6427
3 6432 1252 6427
3 6432 3003 1252
3 6431 6433 6432
3 82 6434 6431
3 6432 6433 3003
3 6433 3004 3003
3 6431 6434 6433
3 6434 6435 6433
3 6433 6435 3004
3 6435 1251 3004
3 82 81 6434
3 81 6436 6434
3 6434 6436 6435
3 6436 6437 6435
3 6435 6437 1251
3 6437 1249 1251
3 898 81 80
3 4383 6438 898
3 79 6439 4383
3 898 6438 81
3 6438 6436 81
3 4383 6439 6438
3 6439 6440 6438
3 6438 6440 6436
3 6440 6437 6436
3 79 78 6439
3 78 6441 6439
3 6439 6441 6440
3 6441 6442 6440
3 6440 6442 6437
3 6442 1249 6437
3 6442 3010 1249
3 6441 6443 6442
3 78 6444 6441
3 6442 6443 3010
3 6443 3011 3010
3 6441 6444 6443
3 6444 6445 6443
3 6443 6445 3011
3 6445 1248 3011
3 78 77 6444
3 77 6446 6444
3 6444 6446 6445
3 6446 6447 6445
3 6445 6447 1248
3 6447 1246 1248
3 900 77 76
3 4377 6448 900
3 75 6449 4377
3 900 6448 77
3 6448 6446 77
3 4377 6449 6448
3 6449 6450 6448
3 6448 6450 6446
3 6450 6447 6446
3 75 74 6449
3 74 6451 6449
3 6449 6451 6450
3 6451 6452 6450
3 6450 6452 6447
3 6452 1246 6447
3 6452 3017 1246
3 6451 6453 6452
3 74 6454 6451
3 6452 6453 3017
3 6453 3018 3017
3 6451 6454 6453
3 6454 6455 6453
3 6453 6455 3018
3 6455 1245 3018
3 74 73 6454
3 73 6456 6454
3 6454 6456 6455
3 6456 6457 6455
3 6455 6457 1245
3 6457 1243 1245
3 902 73 72
3 4371 6458 902
3 71 6459 4371
3 902 6458 73
3 6458 6456 73
3 4371 6459 6458
3 6459 6460 6458
3 6458 6460 6456
3 6460 6457 6456
3 71 70 6459
3 70 6461 6459
3 6459 6461 6460
3 6461 6462 6460
3 6460 6462 6457
3 6462 1243 6457
3 6462 3024 1243
3 6461 6463 6462
3 70 6464 6461
3 6462 6463 3024
3 6463 3025 3024
3 6461 6464 6463
3 6464 6465 6463
3 6463 6465 3025
3 6465 1242 3025
3 70 69 6464
3 69 6466 6464
3 6464 6466 6465
3 6466 6467 6465
3 6465 6467 1242
3 6467 1240 1242
3 904 69 68
3 4365 6468 904
3 67 6469 4365
3 904 6468 69
3 6468 6466 69
3 4365 6469 6468
3 6469 6470 6468
3 6468 6470 6466
3 6470 6467 6466
3 67 66 6469
3 66 6471 6469
3 6469 6471 6470
3 6471 6472 6470
3 6470 6472 6467
3 6472 1240 6467
3 6472 3031 1240
3 6471 6473 6472
3 66 6474 6471
3 6472 6473 3031
3 6473 3032 3031
3 6471 6474 6473
3 6474 6475 6473
3 6473 6475 3032
3 6475 1239 3032
3 66 65 6474
3 65 6476 6474
3 6474 6476 6475
3 6476 6477 6475
3 6475 6477 1239
3 6477 1237 1239
3 906 65 64
3 4359 6478 906
3 63 6479 4359
3 906 6478 65
3 6478 6476 65
3 4359 6479 6478
3 6479 6480 6478
3 6478 6480 6476
3 6480 6477 6476
3 63 62 6479
3 62 6481 6479
3 6479 6481 6480
3 6481 6482 6480
3 6480 6482 6477
3 6482 1237 6477
3 6482 3038 1237
3 6481 6483 6482
3 62 6484 6481
3 6482 6483 3038
3 6483 3039 3038
3 6481 6484 6483
3 6484 6485 6483
3 6483 6485 3039
3 6485 1236 3039
3 62 61 6484
3 61 6486 6484
3 6484 6486 6485
3 6486 6487 6485
3 6485 6487 1236
3 6487 1234 1236
3 908 61 60
3 4353 6488 908
3 59 6489 4353
3 908 6488 61
3 6488 6486 61
3 4353 6489 6488
3 6489 6490 6488
3 6488 6490 6486
3 6490 6487 6486
3 59 58 6489
3 58 6491 6489
3 6489 6491 6490
3 6491 6492 6490
3 6490 6492 6487
3 6492 1234 6487
3 6492 3045 1234
3 6491 6493 6492
3 58 6494 6491
3 6492 6493 3045
3 6493 3046 3045
3 6491 6494 6493
3 6494 6495 6493
3 6493 6495 3046
3 6495 1233 3046
3 58 57 6494
3 57 6496 6494
3 6494 6496 6495
3 6496 6497 6495
3 6495 6497 1233
3 6497 1231 1233
3 910 57 56
3 4347 6498 910
3 55 6499 4347
3 910 6498 57
3 6498 6496 57
3 4347 6499 6498
3 6499 6500 6498
3 6498 6500 6496
3 6500 6497 6496
3 55 54 6499
3 54 6501 6499
3 6499 6501 6500
3 6501 6502 6500
3 6500 6502 6497
3 6502 1231 6497
3 6502 3052 1231
3 6501 6503 6502
3 54 6504 6501
3 6502 6503 3052
3 6503 3053 3052
3 6501 6504 6503
3 6504 6505 6503
3 6503 6505 3053
3 6505 1230 3053
3 54 53 6504
3 53 6506 6504
3 6504 6506 6505
3 6506 6507 6505
3 6505 6507 1230
3 6507 1228 1230
3 912 53 52
3 4341 6508 912
3 51 6509 4341
3 912 6508 53
3 6508 6506 53
3 4341 6509 6508
3 6509 6510 6508
3 6508 6510 6506
3 6510 6507 6506
3 51 50 6509
3 50 6511 6509
3 6509 6511 6510
3 6511 6512 6510
3 6510 6512 6507
3 6512 1228 6507
3 6512 3059 1228
3 6511 6513 6512
3 50 6514 6511
3 6512 6513 3059
3 6513 3060 3059
3 6511 6514 6513
3 6514 6515 6513
3 6513 6515 3060
3 6515 1227 3060
3 50 49 6514
3 49 6516 6514
3 6514 6516 6515
3 6516 6517 6515
3 6515 6517 1227
3 6517 1225 1227
3 914 49 48
3 4335 6518 914
3 47 6519 4335
3 914 6518 49
3 6518 6516 49
3 4335 6519 6518
3 6519 6520 6518
3 6518 6520 6516
3 6520 6517 6516
3 47 46 6519
3 46 6521 6519
3 6519 6521 6520
3 6521 6522 6520
3 6520 6522 6517
3 6522 1225 6517
3 6286 46 45
3 6289 6523 6286
3 44 6524 6289
3 6286 6523 46
3 6523 6521 46
3 6289 6524 6523
3 6524 6525 6523
3 6523 6525 6521
3 6525 6522 6521
3 44 43 6524
3 43 3067 6524
3 6524 3067 6525
3 3067 3066 6525
3 6525 3066 6522
3 3066 1225 6522
3 4543 5841 329
3 4546 6526 4543
3 41 6527 4546
3 4543 6526 5841
3 6526 5842 5841
3 4546 6527 6526
3 6527 6528 6526
3 6526 6528 5842
3 6528 328 5842
3 41 40 6527
3 40 6529 6527
3 6527 6529 6528
3 6529 6530 6528
3 6528 6530 328
3 6530 326 328
3 6530 2815 326
3 6529 6531 6530
3 40 6532 6529
3 6530 6531 2815
3 6531 2816 2815
3 6529 6532 6531
3 6532 6533 6531
3 6531 6533 2816
3 6533 1300 2816
3 40 39 6532
3 39 6534 6532
3 6532 6534 6533
3 6534 6535 6533
3 6533 6535 1300
3 6535 1297 1300
3 862 39 38
3 4531 6536 862
3 37 6537 4531
3 862 6536 39
3 6536 6534 39
3 4531 6537 6536
3 6537 6538 6536
3 6536 6538 6534
3 6538 6535 6534
3 37 36 6537
3 36 6539 6537
3 6537 6539 6538
3 6539 6540 6538
3 6538 6540 6535
3 6540 1297 6535
3 6540 2830 1297
3 6539 6541 6540
3 36 6542 6539
3 6540 6541 2830
3 6541 2831 2830
3 6539 6542 6541
3 6542 6543 6541
3 6541 6543 2831
3 6543 1296 2831
3 36 35 6542
3 35 6544 6542
3 6542 6544 6543
3 6544 6545 6543
3 6543 6545 1296
3 6545 1292 1296
3 866 35 34
3 4511 6546 866
3 33 6547 4511
3 866 6546 35
3 6546 6544 35
3 4511 6547 6546
3 6547 6548 6546
3 6546 6548 6544
3 6548 6545 6544
3 33 32 6547
3 32 6549 6547
3 6547 6549 6548
3 6549 6550 6548
3 6548 6550 6545
3 6550 1292 6545
3 6550 2855 1292
3 6549 6551 6550
3 32 6552 6549
3 6550 6551 2855
3 6551 2856 2855
3 6549 6552 6551
3 6552 6553 6551
3 6551 6553 2856
3 6553 1291 2856
3 32 31 6552
3 31 6554 6552
3 6552 6554 6553
3 6554 6555 6553
3 6553 6555 1291
3 6555 1283 1291
3 872 31 30
3 4485 6556 872
3 29 6557 4485
3 872 6556 31
3 6556 6554 31
3 4485 6557 6556
3 6557 6558 6556
3 6556 6558 6554
3 6558 6555 6554
3 29 28 6557
3 28 6559 6557
3 6557 6559 6558
3 6559 6560 6558
3 6558 6560 6555
3 6560 1283 6555
3 6560 2886 1283
3 6559 6561 6560
3 28 6562 6559
3 6560 6561 2886
3 6561 2887 2886
3 6559 6562 6561
3 6562 6563 6561
3 6561 6563 2887
3 6563 1282 2887
3 28 27 6562
3 27 6564 6562
3 6562 6564 6563
3 6564 6565 6563
3 6563 6565 1282
3 6565 1278 1282
3 876 27 26
3 4465 6566 876
3 25 6567 4465
3 876 6566 27
3 6566 6564 27
3 4465 6567 6566
3 6567 6568 6566
3 6566 6568 6564
3 6568 6565 6564
3 25 24 6567
3 24 6569 6567
3 6567 6569 6568
3 6569 6570 6568
3 6568 6570 6565
3 6570 1278 6565
3 6570 2911 1278
3 6569 6571 6570
3 24 6572 6569
3 6570 6571 2911
3 6571 2912 2911
3 6569 6572 6571
3 6572 6573 6571
3 6571 6573 2912
3 6573 1277 2912
3 24 23 6572
3 23 6574 6572
3 6572 6574 6573
3 6574 6575 6573
3 6573 6575 1277
3 6575 1273 1277
3 880 23 22
3 4445 6576 880
3 21 6577 4445
3 880 6576 23
3 6576 6574 23
3 4445 6577 6576
3 6577 6578 6576
3 6576 6578 6574
3 6578 6575 6574
3 21 20 6577
3 20 6579 6577
3 6577 6579 6578
3 6579 6580 6578
3 6578 6580 6575
3 6580 1273 6575
3 6580 2936 1273
3 6579 6581 6580
3 20 6582 6579
3 6580 6581 2936
3 6581 2937 2936
3 6579 6582 6581
3 6582 6583 6581
3 6581 6583 2937
3 6583 1272 2937
3 20 19 6582
3 19 6584 6582
3 6582 6584 6583
3 6584 6585 6583
3 6583 6585 1272
3 6585 1269 1272
3 883 19 18
3 4432 6586 883
3 17 6587 4432
3 883 6586 19
3 6586 6584 19
3 4432 6587 6586
3 6587 6588 6586
3 6586 6588 6584
3 6588 6585 6584
3 17 16 6587
3 16 6589 6587
3 6587 6589 6588
3 6589 6590 6588
3 6588 6590 6585
3 6590 1269 6585
3 6590 2952 1269
3 6589 6591 6590
3 16 6592 6589
3 6590 6591 2952
3 6591 2953 2952
3 6589 6592 6591
3 6592 6593 6591
3 6591 6593 2953
3 6593 1268 2953
3 16 15 6592
3 15 6594 6592
3 6592 6594 6593
3 6594 6595 6593
3 6593 6595 1268
3 6595 1265 1268
3 886 15 14
3 4419 6596 886
3 13 6597 4419
3 886 6596 15
3 6596 6594 15
3 4419 6597 6596
3 6597 6598 6596
3 6596 6598 6594
3 6598 6595 6594
3 13 12 6597
3 12 6599 6597
3 6597 6599 6598
3 6599 6600 6598
3 6598 6600 6595
3 6600 1265 6595
3 6600 2968 1265
3 6599 6601 6600
3 12 6602 6599
3 6600 6601 2968
3 6601 2969 2968
3 6599 6602 6601
3 6602 6603 6601
3 6601 6603 2969
3 6603 1264 2969
3 12 11 6602
3 11 6604 6602
3 6602 6604 6603
3 6604 6605 6603
3 6603 6605 1264
3 6605 1262 1264
3 888 11 10
3 4413 6606 888
3 9 6607 4413
3 888 6606 11
3 6606 6604 11
3 4413 6607 6606
3 6607 6608 6606
3 6606 6608 6604
3 6608 6605 6604
3 9 8 6607
3 8 6609 6607
3 6607 6609 6608
3 6609 6610 6608
3 6608 6610 6605
3 6610 1262 6605
3 6610 2975 1262
3 6609 6611 6610
3 8 6612 6609
3 6610 6611 2975
3 6611 2976 2975
3 6609 6612 6611
3 6612 6613 6611
3 6611 6613 2976
3 6613 1261 2976
3 8 7 6612
3 7 6614 6612
3 6612 6614 6613
3 6614 6615 6613
3 6613 6615 1261
3 6615 1259 1261
3 890 7 6
3 4407 6616 890
3 5 6617 4407
3 890 6616 7
3 6616 6614 7
3 4407 6617 6616
3 6617 6618 6616
3 6616 6618 6614
3 6618 6615 6614
3 5 4 6617
3 4 6619 6617
3 6617 6619 6618
3 6619 6620 6618
3 6618 6620 6615
3 6620 1259 6615
3 6406 4 3
3 6409 6621 6406
3 2 6622 6409
3 6406 6621 4
3 6621 6619 4
3 6409 6622 6621
3 6622 6623 6621
3 6621 6623 6619
3 6623 6620 6619
3 2 1 6622
3 1 2983 6622
3 6622 2983 6623
3 2983 2982 6623
3 6623 2982 6620
3 2982 1259 6620
