ply
format ascii 1.0
comment Created by Blender 3.3.1 - www.blender.org
element vertex 1696
property float x
property float y
property float z
property float nx
property float ny
property float nz
property uchar red
property uchar green
property uchar blue
property uchar alpha
element face 3388
property list uchar uint vertex_indices
end_header
0.000000 80.000000 0.000000 -0.301511 -0.301511 -0.904534 0 0 255 255
0.000000 72.727272 0.000000 -0.707107 0.000000 -0.707107 0 0 255 255
0.000000 80.000000 1.818182 -0.707107 -0.707107 0.000000 0 0 255 255
0.000000 80.000000 20.000000 -0.301511 -0.301511 0.904534 0 0 255 255
0.000000 72.727272 18.181818 -1.000000 0.000000 0.000000 0 0 255 255
0.000000 72.727272 20.000000 -0.707107 0.000000 0.707107 0 0 255 255
-35.000000 80.000000 0.000000 -0.577350 -0.577350 -0.577350 0 0 255 255
-31.818182 80.000000 0.000000 0.000000 -0.707107 -0.707107 0 0 255 255
-35.000000 80.000000 1.818182 -0.707107 -0.707107 0.000000 0 0 255 255
-35.000000 80.000000 20.000000 -0.577350 -0.577350 0.577350 0 0 255 255
-31.818182 80.000000 18.181818 0.000000 -1.000000 0.000000 0 0 255 255
-31.818182 80.000000 20.000000 0.000000 -0.707107 0.707107 0 0 255 255
-35.000000 100.000000 0.000000 -0.577350 0.577350 -0.577350 0 0 255 255
-35.000000 98.181824 0.000000 -0.707107 0.000000 -0.707107 0 0 255 255
-35.000000 100.000000 1.818182 -0.707107 0.707107 0.000000 0 0 255 255
-35.000000 100.000000 20.000000 -0.577350 0.577350 0.577350 0 0 255 255
-35.000000 98.181824 18.181818 -1.000000 0.000000 0.000000 0 0 255 255
-35.000000 98.181824 20.000000 -0.707107 0.000000 0.707107 0 0 255 255
55.000000 100.000000 0.000000 0.577350 0.577350 -0.577350 0 0 255 255
46.818184 100.000000 0.000000 0.000000 0.707107 -0.707107 0 0 255 255
55.000000 100.000000 1.818182 0.707107 0.707107 0.000000 0 0 255 255
55.000000 100.000000 20.000000 0.577350 0.577350 0.577350 0 0 255 255
46.818184 100.000000 18.181818 0.000000 1.000000 0.000000 0 0 255 255
46.818184 100.000000 20.000000 0.000000 0.707107 0.707107 0 0 255 255
55.000000 80.000000 0.000000 0.577350 -0.577350 -0.577350 0 0 255 255
55.000000 81.818176 0.000000 0.707107 0.000000 -0.707107 0 0 255 255
55.000000 80.000000 1.818182 0.707107 -0.707107 0.000000 0 0 255 255
55.000000 80.000000 20.000000 0.577350 -0.577350 0.577350 0 0 255 255
55.000000 81.818176 18.181818 1.000000 0.000000 0.000000 0 0 255 255
55.000000 81.818176 20.000000 0.707107 0.000000 0.707107 0 0 255 255
20.000000 80.000000 0.000000 0.301511 -0.301511 -0.904534 0 0 255 255
23.181818 80.000000 0.000000 0.000000 -0.707107 -0.707107 0 0 255 255
20.000000 80.000000 1.818182 0.707107 -0.707107 0.000000 0 0 255 255
20.000000 80.000000 20.000000 0.301511 -0.301511 0.904534 0 0 255 255
23.181818 80.000000 18.181818 0.000000 -1.000000 0.000000 0 0 255 255
23.181818 80.000000 20.000000 0.000000 -0.707107 0.707107 0 0 255 255
20.000000 0.000000 0.000000 0.577350 -0.577350 -0.577350 0 0 255 255
20.000000 7.272727 0.000000 0.707107 0.000000 -0.707107 0 0 255 255
20.000000 0.000000 1.818182 0.707107 -0.707107 0.000000 0 0 255 255
20.000000 0.000000 20.000000 0.577350 -0.577350 0.577350 0 0 255 255
20.000000 7.272727 18.181818 1.000000 0.000000 0.000000 0 0 255 255
20.000000 7.272727 20.000000 0.707107 0.000000 0.707107 0 0 255 255
0.000000 0.000000 0.000000 -0.577350 -0.577350 -0.577350 0 0 255 255
1.818182 0.000000 0.000000 0.000000 -0.707107 -0.707107 0 0 255 255
0.000000 0.000000 1.818182 -0.707107 -0.707107 0.000000 0 0 255 255
0.000000 0.000000 20.000000 -0.577350 -0.577350 0.577350 0 0 255 255
1.818182 0.000000 18.181818 0.000000 -1.000000 0.000000 0 0 255 255
1.818182 0.000000 20.000000 0.000000 -0.707107 0.707107 0 0 255 255
0.000000 7.272727 20.000000 -0.707107 0.000000 0.707107 0 0 255 255
1.818182 72.727272 20.000000 0.000000 0.000000 1.000000 0 0 255 255
1.818182 80.000000 20.000000 0.000000 0.000000 1.000000 0 0 255 255
-3.181818 81.818184 20.000000 0.000000 0.000000 1.000000 0 0 255 255
-30.000000 98.181816 20.000000 0.000000 0.000000 1.000000 0 0 255 255
-26.818182 100.000000 20.000000 0.000000 0.707107 0.707107 0 0 255 255
51.818180 98.181816 20.000000 0.000000 0.000000 1.000000 0 0 255 255
55.000000 98.181816 20.000000 0.707107 0.000000 0.707107 0 0 255 255
-31.818182 98.181824 20.000000 0.000000 0.000000 1.000000 0 0 255 255
18.181818 0.000000 0.000000 0.000000 -0.707107 -0.707107 0 0 255 255
18.181818 72.727272 0.000000 0.000000 0.000000 -1.000000 0 0 255 255
18.181818 80.000000 0.000000 0.000000 0.000000 -1.000000 0 0 255 255
23.181818 81.818176 0.000000 0.000000 0.000000 -1.000000 0 0 255 255
50.000000 98.181824 0.000000 0.000000 0.000000 -1.000000 0 0 255 255
-31.818182 98.181824 0.000000 0.000000 0.000000 -1.000000 0 0 255 255
55.000000 98.181816 0.000000 0.707107 0.000000 -0.707107 0 0 255 255
51.818180 98.181816 0.000000 0.000000 0.000000 -1.000000 0 0 255 255
26.363636 83.636360 0.000000 0.000000 0.000000 -1.000000 0 0 255 255
26.363636 81.818176 0.000000 0.000000 0.000000 -1.000000 0 0 255 255
29.545454 85.454544 0.000000 0.000000 0.000000 -1.000000 0 0 255 255
29.545454 83.636360 0.000000 0.000000 0.000000 -1.000000 0 0 255 255
32.727272 87.272720 0.000000 0.000000 0.000000 -1.000000 0 0 255 255
32.727272 85.454544 0.000000 0.000000 0.000000 -1.000000 0 0 255 255
35.909088 89.090897 0.000000 0.000000 0.000000 -1.000000 0 0 255 255
35.909088 87.272720 0.000000 0.000000 0.000000 -1.000000 0 0 255 255
39.090908 90.909081 0.000000 0.000000 0.000000 -1.000000 0 0 255 255
39.090908 89.090897 0.000000 0.000000 0.000000 -1.000000 0 0 255 255
42.272728 92.727264 0.000000 0.000000 0.000000 -1.000000 0 0 255 255
42.272728 90.909081 0.000000 0.000000 0.000000 -1.000000 0 0 255 255
45.454544 94.545448 0.000000 0.000000 0.000000 -1.000000 0 0 255 255
45.454544 92.727264 0.000000 0.000000 0.000000 -1.000000 0 0 255 255
48.636360 96.363632 0.000000 0.000000 0.000000 -1.000000 0 0 255 255
48.636360 94.545448 0.000000 0.000000 0.000000 -1.000000 0 0 255 255
51.818180 96.363632 0.000000 0.000000 0.000000 -1.000000 0 0 255 255
26.363636 80.000000 0.000000 0.000000 -0.707107 -0.707107 0 0 255 255
29.545454 81.818176 0.000000 0.000000 0.000000 -1.000000 0 0 255 255
29.545454 80.000000 0.000000 0.000000 -0.707107 -0.707107 0 0 255 255
32.727272 83.636360 0.000000 0.000000 0.000000 -1.000000 0 0 255 255
32.727272 81.818176 0.000000 0.000000 0.000000 -1.000000 0 0 255 255
32.727272 80.000000 0.000000 0.000000 -0.707107 -0.707107 0 0 255 255
35.909088 85.454544 0.000000 0.000000 0.000000 -1.000000 0 0 255 255
35.909088 83.636360 0.000000 0.000000 0.000000 -1.000000 0 0 255 255
35.909088 81.818176 0.000000 0.000000 0.000000 -1.000000 0 0 255 255
35.909088 80.000000 0.000000 0.000000 -0.707107 -0.707107 0 0 255 255
39.090908 87.272720 0.000000 0.000000 0.000000 -1.000000 0 0 255 255
39.090908 85.454544 0.000000 0.000000 0.000000 -1.000000 0 0 255 255
39.090908 83.636360 0.000000 0.000000 0.000000 -1.000000 0 0 255 255
39.090908 81.818176 0.000000 0.000000 0.000000 -1.000000 0 0 255 255
39.090908 80.000000 0.000000 0.000000 -0.707107 -0.707107 0 0 255 255
42.272728 89.090897 0.000000 0.000000 0.000000 -1.000000 0 0 255 255
42.272728 87.272720 0.000000 0.000000 0.000000 -1.000000 0 0 255 255
42.272728 85.454544 0.000000 0.000000 0.000000 -1.000000 0 0 255 255
42.272728 83.636360 0.000000 0.000000 0.000000 -1.000000 0 0 255 255
42.272728 81.818176 0.000000 0.000000 0.000000 -1.000000 0 0 255 255
42.272728 80.000000 0.000000 0.000000 -0.707107 -0.707107 0 0 255 255
45.454544 90.909081 0.000000 0.000000 0.000000 -1.000000 0 0 255 255
45.454544 89.090897 0.000000 0.000000 0.000000 -1.000000 0 0 255 255
45.454544 87.272720 0.000000 0.000000 0.000000 -1.000000 0 0 255 255
45.454544 85.454544 0.000000 0.000000 0.000000 -1.000000 0 0 255 255
45.454544 83.636360 0.000000 0.000000 0.000000 -1.000000 0 0 255 255
45.454544 81.818176 0.000000 0.000000 0.000000 -1.000000 0 0 255 255
45.454544 80.000000 0.000000 0.000000 -0.707107 -0.707107 0 0 255 255
48.636360 92.727264 0.000000 0.000000 0.000000 -1.000000 0 0 255 255
48.636360 90.909081 0.000000 0.000000 0.000000 -1.000000 0 0 255 255
48.636360 89.090897 0.000000 0.000000 0.000000 -1.000000 0 0 255 255
48.636360 87.272720 0.000000 0.000000 0.000000 -1.000000 0 0 255 255
48.636360 85.454544 0.000000 0.000000 0.000000 -1.000000 0 0 255 255
48.636360 83.636360 0.000000 0.000000 0.000000 -1.000000 0 0 255 255
48.636360 81.818176 0.000000 0.000000 0.000000 -1.000000 0 0 255 255
48.636360 80.000000 0.000000 0.000000 -0.707107 -0.707107 0 0 255 255
51.818180 94.545448 0.000000 0.000000 0.000000 -1.000000 0 0 255 255
51.818180 92.727264 0.000000 0.000000 0.000000 -1.000000 0 0 255 255
51.818180 90.909081 0.000000 0.000000 0.000000 -1.000000 0 0 255 255
51.818180 89.090897 0.000000 0.000000 0.000000 -1.000000 0 0 255 255
51.818180 87.272720 0.000000 0.000000 0.000000 -1.000000 0 0 255 255
51.818180 85.454544 0.000000 0.000000 0.000000 -1.000000 0 0 255 255
51.818180 83.636360 0.000000 0.000000 0.000000 -1.000000 0 0 255 255
51.818180 81.818176 0.000000 0.000000 0.000000 -1.000000 0 0 255 255
51.818180 80.000000 0.000000 0.000000 -0.707107 -0.707107 0 0 255 255
55.000000 96.363632 0.000000 0.707107 0.000000 -0.707107 0 0 255 255
55.000000 94.545448 0.000000 0.707107 0.000000 -0.707107 0 0 255 255
55.000000 92.727264 0.000000 0.707107 0.000000 -0.707107 0 0 255 255
55.000000 90.909081 0.000000 0.707107 0.000000 -0.707107 0 0 255 255
55.000000 89.090897 0.000000 0.707107 0.000000 -0.707107 0 0 255 255
55.000000 87.272720 0.000000 0.707107 0.000000 -0.707107 0 0 255 255
55.000000 85.454544 0.000000 0.707107 0.000000 -0.707107 0 0 255 255
55.000000 83.636360 0.000000 0.707107 0.000000 -0.707107 0 0 255 255
-35.000000 81.818184 0.000000 -0.707107 0.000000 -0.707107 0 0 255 255
-35.000000 83.636368 0.000000 -0.707107 0.000000 -0.707107 0 0 255 255
-31.818182 81.818184 0.000000 0.000000 0.000000 -1.000000 0 0 255 255
-35.000000 85.454552 0.000000 -0.707107 0.000000 -0.707107 0 0 255 255
-31.818182 83.636368 0.000000 0.000000 0.000000 -1.000000 0 0 255 255
-35.000000 87.272736 0.000000 -0.707107 0.000000 -0.707107 0 0 255 255
-31.818182 85.454552 0.000000 0.000000 0.000000 -1.000000 0 0 255 255
-35.000000 89.090919 0.000000 -0.707107 0.000000 -0.707107 0 0 255 255
-31.818182 87.272736 0.000000 0.000000 0.000000 -1.000000 0 0 255 255
-35.000000 90.909103 0.000000 -0.707107 0.000000 -0.707107 0 0 255 255
-31.818182 89.090919 0.000000 0.000000 0.000000 -1.000000 0 0 255 255
-35.000000 92.727280 0.000000 -0.707107 0.000000 -0.707107 0 0 255 255
-31.818182 90.909096 0.000000 0.000000 0.000000 -1.000000 0 0 255 255
-35.000000 94.545456 0.000000 -0.707107 0.000000 -0.707107 0 0 255 255
-31.818182 92.727272 0.000000 0.000000 0.000000 -1.000000 0 0 255 255
-35.000000 96.363640 0.000000 -0.707107 0.000000 -0.707107 0 0 255 255
-31.818182 94.545456 0.000000 0.000000 0.000000 -1.000000 0 0 255 255
-31.818182 96.363640 0.000000 0.000000 0.000000 -1.000000 0 0 255 255
-28.636364 80.000000 0.000000 0.000000 -0.707107 -0.707107 0 0 255 255
-28.636364 81.818184 0.000000 0.000000 0.000000 -1.000000 0 0 255 255
-25.454546 80.000000 0.000000 0.000000 -0.707107 -0.707107 0 0 255 255
-28.636364 83.636368 0.000000 0.000000 0.000000 -1.000000 0 0 255 255
-25.454546 81.818184 0.000000 0.000000 0.000000 -1.000000 0 0 255 255
-22.272728 80.000000 0.000000 0.000000 -0.707107 -0.707107 0 0 255 255
-28.636364 85.454552 0.000000 0.000000 0.000000 -1.000000 0 0 255 255
-25.454546 83.636368 0.000000 0.000000 0.000000 -1.000000 0 0 255 255
-22.272728 81.818184 0.000000 0.000000 0.000000 -1.000000 0 0 255 255
-19.090910 80.000000 0.000000 0.000000 -0.707107 -0.707107 0 0 255 255
-28.636364 87.272736 0.000000 0.000000 0.000000 -1.000000 0 0 255 255
-25.454546 85.454552 0.000000 0.000000 0.000000 -1.000000 0 0 255 255
-22.272728 83.636368 0.000000 0.000000 0.000000 -1.000000 0 0 255 255
-19.090910 81.818184 0.000000 0.000000 0.000000 -1.000000 0 0 255 255
-15.909092 80.000000 0.000000 0.000000 -0.707107 -0.707107 0 0 255 255
-28.636364 89.090912 0.000000 0.000000 0.000000 -1.000000 0 0 255 255
-25.454546 87.272728 0.000000 0.000000 0.000000 -1.000000 0 0 255 255
-22.272728 85.454544 0.000000 0.000000 0.000000 -1.000000 0 0 255 255
-19.090910 83.636360 0.000000 0.000000 0.000000 -1.000000 0 0 255 255
-15.909092 81.818176 0.000000 0.000000 0.000000 -1.000000 0 0 255 255
-12.727273 80.000000 0.000000 0.000000 -0.707107 -0.707107 0 0 255 255
-28.636364 90.909088 0.000000 0.000000 0.000000 -1.000000 0 0 255 255
-25.454546 89.090904 0.000000 0.000000 0.000000 -1.000000 0 0 255 255
-22.272728 87.272720 0.000000 0.000000 0.000000 -1.000000 0 0 255 255
-19.090910 85.454544 0.000000 0.000000 0.000000 -1.000000 0 0 255 255
-15.909092 83.636360 0.000000 0.000000 0.000000 -1.000000 0 0 255 255
-12.727274 81.818176 0.000000 0.000000 0.000000 -1.000000 0 0 255 255
-9.545455 80.000000 0.000000 0.000000 -0.707107 -0.707107 0 0 255 255
-28.636364 92.727272 0.000000 0.000000 0.000000 -1.000000 0 0 255 255
-25.454546 90.909088 0.000000 0.000000 0.000000 -1.000000 0 0 255 255
-22.272728 89.090904 0.000000 0.000000 0.000000 -1.000000 0 0 255 255
-19.090910 87.272720 0.000000 0.000000 0.000000 -1.000000 0 0 255 255
-15.909092 85.454544 0.000000 0.000000 0.000000 -1.000000 0 0 255 255
-12.727273 83.636360 0.000000 0.000000 0.000000 -1.000000 0 0 255 255
-9.545455 81.818176 0.000000 0.000000 0.000000 -1.000000 0 0 255 255
-6.363636 80.000000 0.000000 0.000000 -0.707107 -0.707107 0 0 255 255
-28.636364 94.545456 0.000000 0.000000 0.000000 -1.000000 0 0 255 255
-25.454546 92.727272 0.000000 0.000000 0.000000 -1.000000 0 0 255 255
-22.272728 90.909088 0.000000 0.000000 0.000000 -1.000000 0 0 255 255
-19.090910 89.090904 0.000000 0.000000 0.000000 -1.000000 0 0 255 255
-15.909092 87.272720 0.000000 0.000000 0.000000 -1.000000 0 0 255 255
-12.727274 85.454544 0.000000 0.000000 0.000000 -1.000000 0 0 255 255
-9.545455 83.636360 0.000000 0.000000 0.000000 -1.000000 0 0 255 255
-6.363636 81.818176 0.000000 0.000000 0.000000 -1.000000 0 0 255 255
-3.181818 80.000000 0.000000 0.000000 -0.707107 -0.707107 0 0 255 255
-28.636364 96.363640 0.000000 0.000000 0.000000 -1.000000 0 0 255 255
-25.454546 94.545456 0.000000 0.000000 0.000000 -1.000000 0 0 255 255
-22.272728 92.727280 0.000000 0.000000 0.000000 -1.000000 0 0 255 255
-19.090910 90.909103 0.000000 0.000000 0.000000 -1.000000 0 0 255 255
-15.909092 89.090919 0.000000 0.000000 0.000000 -1.000000 0 0 255 255
-12.727273 87.272736 0.000000 0.000000 0.000000 -1.000000 0 0 255 255
-9.545455 85.454552 0.000000 0.000000 0.000000 -1.000000 0 0 255 255
-6.363636 83.636368 0.000000 0.000000 0.000000 -1.000000 0 0 255 255
-3.181818 81.818184 0.000000 0.000000 0.000000 -1.000000 0 0 255 255
-26.818182 100.000000 0.000000 0.000000 0.707107 -0.707107 0 0 255 255
-18.636364 100.000000 0.000000 0.000000 0.707107 -0.707107 0 0 255 255
-23.636364 98.181824 0.000000 0.000000 0.000000 -1.000000 0 0 255 255
-10.454545 100.000000 0.000000 0.000000 0.707107 -0.707107 0 0 255 255
-15.454546 98.181816 0.000000 0.000000 0.000000 -1.000000 0 0 255 255
-2.272727 100.000000 0.000000 0.000000 0.707107 -0.707107 0 0 255 255
-7.272727 98.181824 0.000000 0.000000 0.000000 -1.000000 0 0 255 255
5.909092 100.000000 0.000000 0.000000 0.707107 -0.707107 0 0 255 255
0.909091 98.181824 0.000000 0.000000 0.000000 -1.000000 0 0 255 255
14.090910 100.000000 0.000000 0.000000 0.707107 -0.707107 0 0 255 255
9.090910 98.181824 0.000000 0.000000 0.000000 -1.000000 0 0 255 255
22.272728 100.000000 0.000000 0.000000 0.707107 -0.707107 0 0 255 255
17.272728 98.181816 0.000000 0.000000 0.000000 -1.000000 0 0 255 255
30.454546 100.000000 0.000000 0.000000 0.707107 -0.707107 0 0 255 255
25.454546 98.181816 0.000000 0.000000 0.000000 -1.000000 0 0 255 255
38.636364 100.000000 0.000000 0.000000 0.707107 -0.707107 0 0 255 255
33.636364 98.181816 0.000000 0.000000 0.000000 -1.000000 0 0 255 255
41.818184 98.181816 0.000000 0.000000 0.000000 -1.000000 0 0 255 255
-20.454546 96.363632 0.000000 0.000000 0.000000 -1.000000 0 0 255 255
-12.272728 96.363640 0.000000 0.000000 0.000000 -1.000000 0 0 255 255
-17.272728 94.545456 0.000000 0.000000 0.000000 -1.000000 0 0 255 255
-4.090909 96.363647 0.000000 0.000000 0.000000 -1.000000 0 0 255 255
-9.090910 94.545464 0.000000 0.000000 0.000000 -1.000000 0 0 255 255
-14.090910 92.727280 0.000000 0.000000 0.000000 -1.000000 0 0 255 255
4.090909 96.363640 0.000000 0.000000 0.000000 -1.000000 0 0 255 255
-0.909091 94.545456 0.000000 0.000000 0.000000 -1.000000 0 0 255 255
-5.909091 92.727280 0.000000 0.000000 0.000000 -1.000000 0 0 255 255
-10.909092 90.909103 0.000000 0.000000 0.000000 -1.000000 0 0 255 255
12.272728 96.363632 0.000000 0.000000 0.000000 -1.000000 0 0 255 255
7.272728 94.545456 0.000000 0.000000 0.000000 -1.000000 0 0 255 255
2.272728 92.727280 0.000000 0.000000 0.000000 -1.000000 0 0 255 255
-2.727273 90.909096 0.000000 0.000000 0.000000 -1.000000 0 0 255 255
-7.727273 89.090912 0.000000 0.000000 0.000000 -1.000000 0 0 255 255
20.454546 96.363632 0.000000 0.000000 0.000000 -1.000000 0 0 255 255
15.454546 94.545456 0.000000 0.000000 0.000000 -1.000000 0 0 255 255
10.454546 92.727272 0.000000 0.000000 0.000000 -1.000000 0 0 255 255
5.454546 90.909088 0.000000 0.000000 0.000000 -1.000000 0 0 255 255
0.454545 89.090912 0.000000 0.000000 0.000000 -1.000000 0 0 255 255
-4.545455 87.272736 0.000000 0.000000 0.000000 -1.000000 0 0 255 255
28.636364 96.363632 0.000000 0.000000 0.000000 -1.000000 0 0 255 255
23.636364 94.545448 0.000000 0.000000 0.000000 -1.000000 0 0 255 255
18.636364 92.727264 0.000000 0.000000 0.000000 -1.000000 0 0 255 255
13.636364 90.909088 0.000000 0.000000 0.000000 -1.000000 0 0 255 255
8.636364 89.090912 0.000000 0.000000 0.000000 -1.000000 0 0 255 255
3.636364 87.272728 0.000000 0.000000 0.000000 -1.000000 0 0 255 255
-1.363636 85.454544 0.000000 0.000000 0.000000 -1.000000 0 0 255 255
36.818184 96.363632 0.000000 0.000000 0.000000 -1.000000 0 0 255 255
31.818184 94.545448 0.000000 0.000000 0.000000 -1.000000 0 0 255 255
26.818184 92.727264 0.000000 0.000000 0.000000 -1.000000 0 0 255 255
21.818184 90.909088 0.000000 0.000000 0.000000 -1.000000 0 0 255 255
16.818184 89.090904 0.000000 0.000000 0.000000 -1.000000 0 0 255 255
11.818184 87.272720 0.000000 0.000000 0.000000 -1.000000 0 0 255 255
6.818183 85.454544 0.000000 0.000000 0.000000 -1.000000 0 0 255 255
1.818182 83.636368 0.000000 0.000000 0.000000 -1.000000 0 0 255 255
45.000000 96.363640 0.000000 0.000000 0.000000 -1.000000 0 0 255 255
40.000000 94.545456 0.000000 0.000000 0.000000 -1.000000 0 0 255 255
35.000000 92.727280 0.000000 0.000000 0.000000 -1.000000 0 0 255 255
30.000000 90.909103 0.000000 0.000000 0.000000 -1.000000 0 0 255 255
25.000000 89.090919 0.000000 0.000000 0.000000 -1.000000 0 0 255 255
20.000000 87.272736 0.000000 0.000000 0.000000 -1.000000 0 0 255 255
15.000000 85.454552 0.000000 0.000000 0.000000 -1.000000 0 0 255 255
10.000000 83.636368 0.000000 0.000000 0.000000 -1.000000 0 0 255 255
5.000000 81.818184 0.000000 0.000000 0.000000 -1.000000 0 0 255 255
46.818180 96.363632 0.000000 0.000000 0.000000 -1.000000 0 0 255 255
43.636364 94.545448 0.000000 0.000000 0.000000 -1.000000 0 0 255 255
40.454544 92.727264 0.000000 0.000000 0.000000 -1.000000 0 0 255 255
37.272728 90.909088 0.000000 0.000000 0.000000 -1.000000 0 0 255 255
34.090908 89.090897 0.000000 0.000000 0.000000 -1.000000 0 0 255 255
30.909090 87.272720 0.000000 0.000000 0.000000 -1.000000 0 0 255 255
27.727272 85.454544 0.000000 0.000000 0.000000 -1.000000 0 0 255 255
24.545454 83.636360 0.000000 0.000000 0.000000 -1.000000 0 0 255 255
21.363636 81.818176 0.000000 0.000000 0.000000 -1.000000 0 0 255 255
41.818184 94.545456 0.000000 0.000000 0.000000 -1.000000 0 0 255 255
38.636364 92.727272 0.000000 0.000000 0.000000 -1.000000 0 0 255 255
36.818184 92.727280 0.000000 0.000000 0.000000 -1.000000 0 0 255 255
35.454544 90.909088 0.000000 0.000000 0.000000 -1.000000 0 0 255 255
33.636364 90.909096 0.000000 0.000000 0.000000 -1.000000 0 0 255 255
31.818182 90.909103 0.000000 0.000000 0.000000 -1.000000 0 0 255 255
32.272728 89.090904 0.000000 0.000000 0.000000 -1.000000 0 0 255 255
30.454546 89.090912 0.000000 0.000000 0.000000 -1.000000 0 0 255 255
28.636364 89.090912 0.000000 0.000000 0.000000 -1.000000 0 0 255 255
26.818182 89.090912 0.000000 0.000000 0.000000 -1.000000 0 0 255 255
29.090908 87.272720 0.000000 0.000000 0.000000 -1.000000 0 0 255 255
27.272726 87.272720 0.000000 0.000000 0.000000 -1.000000 0 0 255 255
25.454544 87.272720 0.000000 0.000000 0.000000 -1.000000 0 0 255 255
23.636362 87.272728 0.000000 0.000000 0.000000 -1.000000 0 0 255 255
21.818180 87.272736 0.000000 0.000000 0.000000 -1.000000 0 0 255 255
25.909090 85.454544 0.000000 0.000000 0.000000 -1.000000 0 0 255 255
24.090908 85.454544 0.000000 0.000000 0.000000 -1.000000 0 0 255 255
22.272726 85.454544 0.000000 0.000000 0.000000 -1.000000 0 0 255 255
20.454544 85.454544 0.000000 0.000000 0.000000 -1.000000 0 0 255 255
18.636362 85.454544 0.000000 0.000000 0.000000 -1.000000 0 0 255 255
16.818180 85.454544 0.000000 0.000000 0.000000 -1.000000 0 0 255 255
22.727272 83.636360 0.000000 0.000000 0.000000 -1.000000 0 0 255 255
20.909090 83.636360 0.000000 0.000000 0.000000 -1.000000 0 0 255 255
19.090908 83.636360 0.000000 0.000000 0.000000 -1.000000 0 0 255 255
17.272726 83.636360 0.000000 0.000000 0.000000 -1.000000 0 0 255 255
15.454544 83.636360 0.000000 0.000000 0.000000 -1.000000 0 0 255 255
13.636363 83.636360 0.000000 0.000000 0.000000 -1.000000 0 0 255 255
11.818182 83.636368 0.000000 0.000000 0.000000 -1.000000 0 0 255 255
19.545454 81.818176 0.000000 0.000000 0.000000 -1.000000 0 0 255 255
17.727272 81.818176 0.000000 0.000000 0.000000 -1.000000 0 0 255 255
15.909090 81.818176 0.000000 0.000000 0.000000 -1.000000 0 0 255 255
14.090908 81.818176 0.000000 0.000000 0.000000 -1.000000 0 0 255 255
12.272726 81.818176 0.000000 0.000000 0.000000 -1.000000 0 0 255 255
10.454544 81.818176 0.000000 0.000000 0.000000 -1.000000 0 0 255 255
8.636363 81.818176 0.000000 0.000000 0.000000 -1.000000 0 0 255 255
6.818182 81.818176 0.000000 0.000000 0.000000 -1.000000 0 0 255 255
16.363636 80.000000 0.000000 0.000000 0.000000 -1.000000 0 0 255 255
14.545455 80.000000 0.000000 0.000000 0.000000 -1.000000 0 0 255 255
12.727273 80.000000 0.000000 0.000000 0.000000 -1.000000 0 0 255 255
10.909091 80.000000 0.000000 0.000000 0.000000 -1.000000 0 0 255 255
9.090909 80.000000 0.000000 0.000000 0.000000 -1.000000 0 0 255 255
7.272727 80.000000 0.000000 0.000000 0.000000 -1.000000 0 0 255 255
5.454545 80.000000 0.000000 0.000000 0.000000 -1.000000 0 0 255 255
3.636364 80.000000 0.000000 0.000000 0.000000 -1.000000 0 0 255 255
1.818182 80.000000 0.000000 0.000000 0.000000 -1.000000 0 0 255 255
1.818182 72.727272 0.000000 0.000000 0.000000 -1.000000 0 0 255 255
3.636364 72.727272 0.000000 0.000000 0.000000 -1.000000 0 0 255 255
5.454545 72.727272 0.000000 0.000000 0.000000 -1.000000 0 0 255 255
7.272727 72.727272 0.000000 0.000000 0.000000 -1.000000 0 0 255 255
9.090909 72.727272 0.000000 0.000000 0.000000 -1.000000 0 0 255 255
10.909091 72.727272 0.000000 0.000000 0.000000 -1.000000 0 0 255 255
12.727273 72.727272 0.000000 0.000000 0.000000 -1.000000 0 0 255 255
14.545454 72.727272 0.000000 0.000000 0.000000 -1.000000 0 0 255 255
16.363636 72.727272 0.000000 0.000000 0.000000 -1.000000 0 0 255 255
0.000000 65.454544 0.000000 -0.707107 0.000000 -0.707107 0 0 255 255
1.818182 65.454544 0.000000 0.000000 0.000000 -1.000000 0 0 255 255
0.000000 58.181816 0.000000 -0.707107 0.000000 -0.707107 0 0 255 255
3.636363 65.454544 0.000000 0.000000 0.000000 -1.000000 0 0 255 255
1.818182 58.181816 0.000000 0.000000 0.000000 -1.000000 0 0 255 255
0.000000 50.909088 0.000000 -0.707107 0.000000 -0.707107 0 0 255 255
5.454545 65.454544 0.000000 0.000000 0.000000 -1.000000 0 0 255 255
3.636363 58.181816 0.000000 0.000000 0.000000 -1.000000 0 0 255 255
1.818182 50.909088 0.000000 0.000000 0.000000 -1.000000 0 0 255 255
0.000000 43.636360 0.000000 -0.707107 0.000000 -0.707107 0 0 255 255
7.272727 65.454544 0.000000 0.000000 0.000000 -1.000000 0 0 255 255
5.454545 58.181816 0.000000 0.000000 0.000000 -1.000000 0 0 255 255
3.636363 50.909088 0.000000 0.000000 0.000000 -1.000000 0 0 255 255
1.818182 43.636360 0.000000 0.000000 0.000000 -1.000000 0 0 255 255
0.000000 36.363632 0.000000 -0.707107 0.000000 -0.707107 0 0 255 255
9.090909 65.454544 0.000000 0.000000 0.000000 -1.000000 0 0 255 255
7.272727 58.181816 0.000000 0.000000 0.000000 -1.000000 0 0 255 255
5.454545 50.909088 0.000000 0.000000 0.000000 -1.000000 0 0 255 255
3.636363 43.636360 0.000000 0.000000 0.000000 -1.000000 0 0 255 255
1.818182 36.363632 0.000000 0.000000 0.000000 -1.000000 0 0 255 255
0.000000 29.090906 0.000000 -0.707107 0.000000 -0.707107 0 0 255 255
10.909091 65.454544 0.000000 0.000000 0.000000 -1.000000 0 0 255 255
9.090909 58.181816 0.000000 0.000000 0.000000 -1.000000 0 0 255 255
7.272727 50.909088 0.000000 0.000000 0.000000 -1.000000 0 0 255 255
5.454545 43.636360 0.000000 0.000000 0.000000 -1.000000 0 0 255 255
3.636363 36.363632 0.000000 0.000000 0.000000 -1.000000 0 0 255 255
1.818182 29.090906 0.000000 0.000000 0.000000 -1.000000 0 0 255 255
0.000000 21.818180 0.000000 -0.707107 0.000000 -0.707107 0 0 255 255
12.727272 65.454544 0.000000 0.000000 0.000000 -1.000000 0 0 255 255
10.909090 58.181816 0.000000 0.000000 0.000000 -1.000000 0 0 255 255
9.090908 50.909088 0.000000 0.000000 0.000000 -1.000000 0 0 255 255
7.272727 43.636360 0.000000 0.000000 0.000000 -1.000000 0 0 255 255
5.454545 36.363632 0.000000 0.000000 0.000000 -1.000000 0 0 255 255
3.636363 29.090904 0.000000 0.000000 0.000000 -1.000000 0 0 255 255
1.818182 21.818178 0.000000 0.000000 0.000000 -1.000000 0 0 255 255
0.000000 14.545453 0.000000 -0.707107 0.000000 -0.707107 0 0 255 255
14.545454 65.454544 0.000000 0.000000 0.000000 -1.000000 0 0 255 255
12.727272 58.181816 0.000000 0.000000 0.000000 -1.000000 0 0 255 255
10.909090 50.909088 0.000000 0.000000 0.000000 -1.000000 0 0 255 255
9.090908 43.636360 0.000000 0.000000 0.000000 -1.000000 0 0 255 255
7.272727 36.363632 0.000000 0.000000 0.000000 -1.000000 0 0 255 255
5.454545 29.090906 0.000000 0.000000 0.000000 -1.000000 0 0 255 255
3.636363 21.818180 0.000000 0.000000 0.000000 -1.000000 0 0 255 255
1.818182 14.545453 0.000000 0.000000 0.000000 -1.000000 0 0 255 255
0.000000 7.272727 0.000000 -0.707107 0.000000 -0.707107 0 0 255 255
16.363636 65.454544 0.000000 0.000000 0.000000 -1.000000 0 0 255 255
14.545455 58.181820 0.000000 0.000000 0.000000 -1.000000 0 0 255 255
12.727273 50.909092 0.000000 0.000000 0.000000 -1.000000 0 0 255 255
10.909091 43.636364 0.000000 0.000000 0.000000 -1.000000 0 0 255 255
9.090909 36.363636 0.000000 0.000000 0.000000 -1.000000 0 0 255 255
7.272727 29.090908 0.000000 0.000000 0.000000 -1.000000 0 0 255 255
5.454545 21.818182 0.000000 0.000000 0.000000 -1.000000 0 0 255 255
3.636364 14.545455 0.000000 0.000000 0.000000 -1.000000 0 0 255 255
1.818182 7.272727 0.000000 0.000000 0.000000 -1.000000 0 0 255 255
20.000000 72.727272 0.000000 0.707107 0.000000 -0.707107 0 0 255 255
20.000000 65.454544 0.000000 0.707107 0.000000 -0.707107 0 0 255 255
18.181818 65.454544 0.000000 0.000000 0.000000 -1.000000 0 0 255 255
20.000000 58.181816 0.000000 0.707107 0.000000 -0.707107 0 0 255 255
18.181818 58.181816 0.000000 0.000000 0.000000 -1.000000 0 0 255 255
20.000000 50.909088 0.000000 0.707107 0.000000 -0.707107 0 0 255 255
18.181818 50.909088 0.000000 0.000000 0.000000 -1.000000 0 0 255 255
20.000000 43.636360 0.000000 0.707107 0.000000 -0.707107 0 0 255 255
18.181818 43.636360 0.000000 0.000000 0.000000 -1.000000 0 0 255 255
20.000000 36.363632 0.000000 0.707107 0.000000 -0.707107 0 0 255 255
18.181818 36.363632 0.000000 0.000000 0.000000 -1.000000 0 0 255 255
20.000000 29.090906 0.000000 0.707107 0.000000 -0.707107 0 0 255 255
18.181818 29.090906 0.000000 0.000000 0.000000 -1.000000 0 0 255 255
20.000000 21.818180 0.000000 0.707107 0.000000 -0.707107 0 0 255 255
18.181818 21.818180 0.000000 0.000000 0.000000 -1.000000 0 0 255 255
20.000000 14.545453 0.000000 0.707107 0.000000 -0.707107 0 0 255 255
18.181818 14.545453 0.000000 0.000000 0.000000 -1.000000 0 0 255 255
18.181818 7.272727 0.000000 0.000000 0.000000 -1.000000 0 0 255 255
16.363636 58.181816 0.000000 0.000000 0.000000 -1.000000 0 0 255 255
16.363636 50.909088 0.000000 0.000000 0.000000 -1.000000 0 0 255 255
14.545454 50.909088 0.000000 0.000000 0.000000 -1.000000 0 0 255 255
16.363636 43.636360 0.000000 0.000000 0.000000 -1.000000 0 0 255 255
14.545454 43.636360 0.000000 0.000000 0.000000 -1.000000 0 0 255 255
12.727272 43.636360 0.000000 0.000000 0.000000 -1.000000 0 0 255 255
16.363636 36.363632 0.000000 0.000000 0.000000 -1.000000 0 0 255 255
14.545454 36.363632 0.000000 0.000000 0.000000 -1.000000 0 0 255 255
12.727272 36.363632 0.000000 0.000000 0.000000 -1.000000 0 0 255 255
10.909090 36.363632 0.000000 0.000000 0.000000 -1.000000 0 0 255 255
16.363636 29.090906 0.000000 0.000000 0.000000 -1.000000 0 0 255 255
14.545454 29.090906 0.000000 0.000000 0.000000 -1.000000 0 0 255 255
12.727272 29.090906 0.000000 0.000000 0.000000 -1.000000 0 0 255 255
10.909090 29.090906 0.000000 0.000000 0.000000 -1.000000 0 0 255 255
9.090908 29.090908 0.000000 0.000000 0.000000 -1.000000 0 0 255 255
16.363636 21.818180 0.000000 0.000000 0.000000 -1.000000 0 0 255 255
14.545454 21.818180 0.000000 0.000000 0.000000 -1.000000 0 0 255 255
12.727272 21.818180 0.000000 0.000000 0.000000 -1.000000 0 0 255 255
10.909090 21.818180 0.000000 0.000000 0.000000 -1.000000 0 0 255 255
9.090908 21.818180 0.000000 0.000000 0.000000 -1.000000 0 0 255 255
7.272727 21.818180 0.000000 0.000000 0.000000 -1.000000 0 0 255 255
16.363636 14.545453 0.000000 0.000000 0.000000 -1.000000 0 0 255 255
14.545454 14.545453 0.000000 0.000000 0.000000 -1.000000 0 0 255 255
12.727272 14.545453 0.000000 0.000000 0.000000 -1.000000 0 0 255 255
10.909090 14.545453 0.000000 0.000000 0.000000 -1.000000 0 0 255 255
9.090908 14.545454 0.000000 0.000000 0.000000 -1.000000 0 0 255 255
7.272727 14.545454 0.000000 0.000000 0.000000 -1.000000 0 0 255 255
5.454545 14.545454 0.000000 0.000000 0.000000 -1.000000 0 0 255 255
16.363636 7.272727 0.000000 0.000000 0.000000 -1.000000 0 0 255 255
14.545454 7.272727 0.000000 0.000000 0.000000 -1.000000 0 0 255 255
12.727272 7.272727 0.000000 0.000000 0.000000 -1.000000 0 0 255 255
10.909090 7.272727 0.000000 0.000000 0.000000 -1.000000 0 0 255 255
9.090908 7.272727 0.000000 0.000000 0.000000 -1.000000 0 0 255 255
7.272727 7.272727 0.000000 0.000000 0.000000 -1.000000 0 0 255 255
5.454545 7.272727 0.000000 0.000000 0.000000 -1.000000 0 0 255 255
3.636364 7.272727 0.000000 0.000000 0.000000 -1.000000 0 0 255 255
16.363636 0.000000 0.000000 0.000000 -0.707107 -0.707107 0 0 255 255
14.545455 0.000000 0.000000 0.000000 -0.707107 -0.707107 0 0 255 255
12.727273 0.000000 0.000000 0.000000 -0.707107 -0.707107 0 0 255 255
10.909091 0.000000 0.000000 0.000000 -0.707107 -0.707107 0 0 255 255
9.090909 0.000000 0.000000 0.000000 -0.707107 -0.707107 0 0 255 255
7.272727 0.000000 0.000000 0.000000 -0.707107 -0.707107 0 0 255 255
5.454545 0.000000 0.000000 0.000000 -0.707107 -0.707107 0 0 255 255
3.636364 0.000000 0.000000 0.000000 -0.707107 -0.707107 0 0 255 255
-3.181818 80.000000 20.000000 0.000000 -0.707107 0.707107 0 0 255 255
-6.363636 83.636368 20.000000 0.000000 0.000000 1.000000 0 0 255 255
-6.363636 81.818184 20.000000 0.000000 0.000000 1.000000 0 0 255 255
-9.545455 85.454552 20.000000 0.000000 0.000000 1.000000 0 0 255 255
-9.545455 83.636368 20.000000 0.000000 0.000000 1.000000 0 0 255 255
-12.727273 87.272736 20.000000 0.000000 0.000000 1.000000 0 0 255 255
-12.727273 85.454552 20.000000 0.000000 0.000000 1.000000 0 0 255 255
-15.909092 89.090919 20.000000 0.000000 0.000000 1.000000 0 0 255 255
-15.909092 87.272736 20.000000 0.000000 0.000000 1.000000 0 0 255 255
-19.090910 90.909103 20.000000 0.000000 0.000000 1.000000 0 0 255 255
-19.090910 89.090919 20.000000 0.000000 0.000000 1.000000 0 0 255 255
-22.272728 92.727280 20.000000 0.000000 0.000000 1.000000 0 0 255 255
-22.272728 90.909096 20.000000 0.000000 0.000000 1.000000 0 0 255 255
-25.454546 94.545456 20.000000 0.000000 0.000000 1.000000 0 0 255 255
-25.454546 92.727272 20.000000 0.000000 0.000000 1.000000 0 0 255 255
-28.636364 96.363640 20.000000 0.000000 0.000000 1.000000 0 0 255 255
-28.636364 94.545456 20.000000 0.000000 0.000000 1.000000 0 0 255 255
-31.818182 96.363640 20.000000 0.000000 0.000000 1.000000 0 0 255 255
-6.363636 80.000000 20.000000 0.000000 -0.707107 0.707107 0 0 255 255
-9.545455 81.818184 20.000000 0.000000 0.000000 1.000000 0 0 255 255
-9.545455 80.000000 20.000000 0.000000 -0.707107 0.707107 0 0 255 255
-12.727273 83.636368 20.000000 0.000000 0.000000 1.000000 0 0 255 255
-12.727273 81.818184 20.000000 0.000000 0.000000 1.000000 0 0 255 255
-12.727273 80.000000 20.000000 0.000000 -0.707107 0.707107 0 0 255 255
-15.909092 85.454552 20.000000 0.000000 0.000000 1.000000 0 0 255 255
-15.909092 83.636368 20.000000 0.000000 0.000000 1.000000 0 0 255 255
-15.909092 81.818184 20.000000 0.000000 0.000000 1.000000 0 0 255 255
-15.909092 80.000000 20.000000 0.000000 -0.707107 0.707107 0 0 255 255
-19.090910 87.272736 20.000000 0.000000 0.000000 1.000000 0 0 255 255
-19.090910 85.454552 20.000000 0.000000 0.000000 1.000000 0 0 255 255
-19.090910 83.636368 20.000000 0.000000 0.000000 1.000000 0 0 255 255
-19.090910 81.818184 20.000000 0.000000 0.000000 1.000000 0 0 255 255
-19.090910 80.000000 20.000000 0.000000 -0.707107 0.707107 0 0 255 255
-22.272728 89.090912 20.000000 0.000000 0.000000 1.000000 0 0 255 255
-22.272728 87.272728 20.000000 0.000000 0.000000 1.000000 0 0 255 255
-22.272728 85.454544 20.000000 0.000000 0.000000 1.000000 0 0 255 255
-22.272728 83.636360 20.000000 0.000000 0.000000 1.000000 0 0 255 255
-22.272728 81.818176 20.000000 0.000000 0.000000 1.000000 0 0 255 255
-22.272728 80.000000 20.000000 0.000000 -0.707107 0.707107 0 0 255 255
-25.454546 90.909088 20.000000 0.000000 0.000000 1.000000 0 0 255 255
-25.454546 89.090904 20.000000 0.000000 0.000000 1.000000 0 0 255 255
-25.454546 87.272720 20.000000 0.000000 0.000000 1.000000 0 0 255 255
-25.454546 85.454544 20.000000 0.000000 0.000000 1.000000 0 0 255 255
-25.454546 83.636360 20.000000 0.000000 0.000000 1.000000 0 0 255 255
-25.454546 81.818176 20.000000 0.000000 0.000000 1.000000 0 0 255 255
-25.454546 80.000000 20.000000 0.000000 -0.707107 0.707107 0 0 255 255
-28.636364 92.727272 20.000000 0.000000 0.000000 1.000000 0 0 255 255
-28.636364 90.909088 20.000000 0.000000 0.000000 1.000000 0 0 255 255
-28.636364 89.090904 20.000000 0.000000 0.000000 1.000000 0 0 255 255
-28.636364 87.272720 20.000000 0.000000 0.000000 1.000000 0 0 255 255
-28.636364 85.454544 20.000000 0.000000 0.000000 1.000000 0 0 255 255
-28.636364 83.636360 20.000000 0.000000 0.000000 1.000000 0 0 255 255
-28.636364 81.818176 20.000000 0.000000 0.000000 1.000000 0 0 255 255
-28.636364 80.000000 20.000000 0.000000 -0.707107 0.707107 0 0 255 255
-31.818182 94.545456 20.000000 0.000000 0.000000 1.000000 0 0 255 255
-31.818182 92.727272 20.000000 0.000000 0.000000 1.000000 0 0 255 255
-31.818182 90.909088 20.000000 0.000000 0.000000 1.000000 0 0 255 255
-31.818182 89.090904 20.000000 0.000000 0.000000 1.000000 0 0 255 255
-31.818182 87.272720 20.000000 0.000000 0.000000 1.000000 0 0 255 255
-31.818182 85.454544 20.000000 0.000000 0.000000 1.000000 0 0 255 255
-31.818182 83.636360 20.000000 0.000000 0.000000 1.000000 0 0 255 255
-31.818182 81.818176 20.000000 0.000000 0.000000 1.000000 0 0 255 255
-35.000000 96.363640 20.000000 -0.707107 0.000000 0.707107 0 0 255 255
-35.000000 94.545456 20.000000 -0.707107 0.000000 0.707107 0 0 255 255
-35.000000 92.727280 20.000000 -0.707107 0.000000 0.707107 0 0 255 255
-35.000000 90.909103 20.000000 -0.707107 0.000000 0.707107 0 0 255 255
-35.000000 89.090919 20.000000 -0.707107 0.000000 0.707107 0 0 255 255
-35.000000 87.272736 20.000000 -0.707107 0.000000 0.707107 0 0 255 255
-35.000000 85.454552 20.000000 -0.707107 0.000000 0.707107 0 0 255 255
-35.000000 83.636368 20.000000 -0.707107 0.000000 0.707107 0 0 255 255
-35.000000 81.818184 20.000000 -0.707107 0.000000 0.707107 0 0 255 255
51.818180 80.000000 20.000000 0.000000 -0.707107 0.707107 0 0 255 255
55.000000 83.636360 20.000000 0.707107 0.000000 0.707107 0 0 255 255
51.818180 81.818176 20.000000 0.000000 0.000000 1.000000 0 0 255 255
55.000000 85.454544 20.000000 0.707107 0.000000 0.707107 0 0 255 255
51.818180 83.636360 20.000000 0.000000 0.000000 1.000000 0 0 255 255
55.000000 87.272720 20.000000 0.707107 0.000000 0.707107 0 0 255 255
51.818184 85.454544 20.000000 0.000000 0.000000 1.000000 0 0 255 255
55.000000 89.090897 20.000000 0.707107 0.000000 0.707107 0 0 255 255
51.818180 87.272720 20.000000 0.000000 0.000000 1.000000 0 0 255 255
55.000000 90.909081 20.000000 0.707107 0.000000 0.707107 0 0 255 255
51.818180 89.090897 20.000000 0.000000 0.000000 1.000000 0 0 255 255
55.000000 92.727264 20.000000 0.707107 0.000000 0.707107 0 0 255 255
51.818180 90.909081 20.000000 0.000000 0.000000 1.000000 0 0 255 255
55.000000 94.545448 20.000000 0.707107 0.000000 0.707107 0 0 255 255
51.818180 92.727264 20.000000 0.000000 0.000000 1.000000 0 0 255 255
55.000000 96.363632 20.000000 0.707107 0.000000 0.707107 0 0 255 255
51.818180 94.545448 20.000000 0.000000 0.000000 1.000000 0 0 255 255
51.818180 96.363632 20.000000 0.000000 0.000000 1.000000 0 0 255 255
48.636360 80.000000 20.000000 0.000000 -0.707107 0.707107 0 0 255 255
48.636360 81.818176 20.000000 0.000000 0.000000 1.000000 0 0 255 255
45.454544 80.000000 20.000000 0.000000 -0.707107 0.707107 0 0 255 255
48.636364 83.636360 20.000000 0.000000 0.000000 1.000000 0 0 255 255
45.454544 81.818176 20.000000 0.000000 0.000000 1.000000 0 0 255 255
42.272728 80.000000 20.000000 0.000000 -0.707107 0.707107 0 0 255 255
48.636360 85.454544 20.000000 0.000000 0.000000 1.000000 0 0 255 255
45.454544 83.636360 20.000000 0.000000 0.000000 1.000000 0 0 255 255
42.272728 81.818176 20.000000 0.000000 0.000000 1.000000 0 0 255 255
39.090908 80.000000 20.000000 0.000000 -0.707107 0.707107 0 0 255 255
48.636360 87.272720 20.000000 0.000000 0.000000 1.000000 0 0 255 255
45.454544 85.454544 20.000000 0.000000 0.000000 1.000000 0 0 255 255
42.272724 83.636360 20.000000 0.000000 0.000000 1.000000 0 0 255 255
39.090904 81.818176 20.000000 0.000000 0.000000 1.000000 0 0 255 255
35.909088 80.000000 20.000000 0.000000 -0.707107 0.707107 0 0 255 255
48.636360 89.090897 20.000000 0.000000 0.000000 1.000000 0 0 255 255
45.454544 87.272720 20.000000 0.000000 0.000000 1.000000 0 0 255 255
42.272728 85.454544 20.000000 0.000000 0.000000 1.000000 0 0 255 255
39.090908 83.636360 20.000000 0.000000 0.000000 1.000000 0 0 255 255
35.909088 81.818176 20.000000 0.000000 0.000000 1.000000 0 0 255 255
32.727272 80.000000 20.000000 0.000000 -0.707107 0.707107 0 0 255 255
48.636360 90.909081 20.000000 0.000000 0.000000 1.000000 0 0 255 255
45.454544 89.090897 20.000000 0.000000 0.000000 1.000000 0 0 255 255
42.272728 87.272720 20.000000 0.000000 0.000000 1.000000 0 0 255 255
39.090908 85.454544 20.000000 0.000000 0.000000 1.000000 0 0 255 255
35.909088 83.636360 20.000000 0.000000 0.000000 1.000000 0 0 255 255
32.727272 81.818176 20.000000 0.000000 0.000000 1.000000 0 0 255 255
29.545454 80.000000 20.000000 0.000000 -0.707107 0.707107 0 0 255 255
48.636360 92.727264 20.000000 0.000000 0.000000 1.000000 0 0 255 255
45.454544 90.909081 20.000000 0.000000 0.000000 1.000000 0 0 255 255
42.272728 89.090897 20.000000 0.000000 0.000000 1.000000 0 0 255 255
39.090908 87.272720 20.000000 0.000000 0.000000 1.000000 0 0 255 255
35.909088 85.454544 20.000000 0.000000 0.000000 1.000000 0 0 255 255
32.727272 83.636360 20.000000 0.000000 0.000000 1.000000 0 0 255 255
29.545454 81.818176 20.000000 0.000000 0.000000 1.000000 0 0 255 255
26.363636 80.000000 20.000000 0.000000 -0.707107 0.707107 0 0 255 255
48.636360 94.545448 20.000000 0.000000 0.000000 1.000000 0 0 255 255
45.454544 92.727264 20.000000 0.000000 0.000000 1.000000 0 0 255 255
42.272724 90.909081 20.000000 0.000000 0.000000 1.000000 0 0 255 255
39.090908 89.090897 20.000000 0.000000 0.000000 1.000000 0 0 255 255
35.909088 87.272720 20.000000 0.000000 0.000000 1.000000 0 0 255 255
32.727272 85.454544 20.000000 0.000000 0.000000 1.000000 0 0 255 255
29.545454 83.636360 20.000000 0.000000 0.000000 1.000000 0 0 255 255
26.363636 81.818176 20.000000 0.000000 0.000000 1.000000 0 0 255 255
48.636360 96.363632 20.000000 0.000000 0.000000 1.000000 0 0 255 255
45.454544 94.545448 20.000000 0.000000 0.000000 1.000000 0 0 255 255
42.272728 92.727264 20.000000 0.000000 0.000000 1.000000 0 0 255 255
39.090908 90.909081 20.000000 0.000000 0.000000 1.000000 0 0 255 255
35.909088 89.090897 20.000000 0.000000 0.000000 1.000000 0 0 255 255
32.727272 87.272720 20.000000 0.000000 0.000000 1.000000 0 0 255 255
29.545454 85.454544 20.000000 0.000000 0.000000 1.000000 0 0 255 255
26.363636 83.636360 20.000000 0.000000 0.000000 1.000000 0 0 255 255
23.181818 81.818176 20.000000 0.000000 0.000000 1.000000 0 0 255 255
38.636364 100.000000 20.000000 0.000000 0.707107 0.707107 0 0 255 255
43.636360 98.181816 20.000000 0.000000 0.000000 1.000000 0 0 255 255
30.454546 100.000000 20.000000 0.000000 0.707107 0.707107 0 0 255 255
35.454544 98.181816 20.000000 0.000000 0.000000 1.000000 0 0 255 255
22.272728 100.000000 20.000000 0.000000 0.707107 0.707107 0 0 255 255
27.272728 98.181816 20.000000 0.000000 0.000000 1.000000 0 0 255 255
14.090910 100.000000 20.000000 0.000000 0.707107 0.707107 0 0 255 255
19.090910 98.181816 20.000000 0.000000 0.000000 1.000000 0 0 255 255
5.909092 100.000000 20.000000 0.000000 0.707107 0.707107 0 0 255 255
10.909092 98.181816 20.000000 0.000000 0.000000 1.000000 0 0 255 255
-2.272727 100.000000 20.000000 0.000000 0.707107 0.707107 0 0 255 255
2.727273 98.181816 20.000000 0.000000 0.000000 1.000000 0 0 255 255
-10.454545 100.000000 20.000000 0.000000 0.707107 0.707107 0 0 255 255
-5.454545 98.181816 20.000000 0.000000 0.000000 1.000000 0 0 255 255
-18.636364 100.000000 20.000000 0.000000 0.707107 0.707107 0 0 255 255
-13.636364 98.181816 20.000000 0.000000 0.000000 1.000000 0 0 255 255
-21.818182 98.181816 20.000000 0.000000 0.000000 1.000000 0 0 255 255
40.454544 96.363632 20.000000 0.000000 0.000000 1.000000 0 0 255 255
32.272728 96.363632 20.000000 0.000000 0.000000 1.000000 0 0 255 255
37.272728 94.545448 20.000000 0.000000 0.000000 1.000000 0 0 255 255
24.090910 96.363632 20.000000 0.000000 0.000000 1.000000 0 0 255 255
29.090910 94.545448 20.000000 0.000000 0.000000 1.000000 0 0 255 255
34.090908 92.727264 20.000000 0.000000 0.000000 1.000000 0 0 255 255
15.909092 96.363632 20.000000 0.000000 0.000000 1.000000 0 0 255 255
20.909092 94.545448 20.000000 0.000000 0.000000 1.000000 0 0 255 255
25.909092 92.727264 20.000000 0.000000 0.000000 1.000000 0 0 255 255
30.909090 90.909081 20.000000 0.000000 0.000000 1.000000 0 0 255 255
7.727273 96.363632 20.000000 0.000000 0.000000 1.000000 0 0 255 255
12.727273 94.545448 20.000000 0.000000 0.000000 1.000000 0 0 255 255
17.727272 92.727264 20.000000 0.000000 0.000000 1.000000 0 0 255 255
22.727272 90.909081 20.000000 0.000000 0.000000 1.000000 0 0 255 255
27.727272 89.090897 20.000000 0.000000 0.000000 1.000000 0 0 255 255
-0.454545 96.363632 20.000000 0.000000 0.000000 1.000000 0 0 255 255
4.545455 94.545448 20.000000 0.000000 0.000000 1.000000 0 0 255 255
9.545455 92.727264 20.000000 0.000000 0.000000 1.000000 0 0 255 255
14.545455 90.909088 20.000000 0.000000 0.000000 1.000000 0 0 255 255
19.545456 89.090904 20.000000 0.000000 0.000000 1.000000 0 0 255 255
24.545456 87.272720 20.000000 0.000000 0.000000 1.000000 0 0 255 255
-8.636364 96.363632 20.000000 0.000000 0.000000 1.000000 0 0 255 255
-3.636364 94.545448 20.000000 0.000000 0.000000 1.000000 0 0 255 255
1.363636 92.727264 20.000000 0.000000 0.000000 1.000000 0 0 255 255
6.363636 90.909081 20.000000 0.000000 0.000000 1.000000 0 0 255 255
11.363636 89.090897 20.000000 0.000000 0.000000 1.000000 0 0 255 255
16.363636 87.272720 20.000000 0.000000 0.000000 1.000000 0 0 255 255
21.363636 85.454544 20.000000 0.000000 0.000000 1.000000 0 0 255 255
-16.818182 96.363632 20.000000 0.000000 0.000000 1.000000 0 0 255 255
-11.818182 94.545448 20.000000 0.000000 0.000000 1.000000 0 0 255 255
-6.818182 92.727264 20.000000 0.000000 0.000000 1.000000 0 0 255 255
-1.818182 90.909081 20.000000 0.000000 0.000000 1.000000 0 0 255 255
3.181818 89.090897 20.000000 0.000000 0.000000 1.000000 0 0 255 255
8.181818 87.272720 20.000000 0.000000 0.000000 1.000000 0 0 255 255
13.181818 85.454536 20.000000 0.000000 0.000000 1.000000 0 0 255 255
18.181818 83.636353 20.000000 0.000000 0.000000 1.000000 0 0 255 255
-25.000000 96.363632 20.000000 0.000000 0.000000 1.000000 0 0 255 255
-20.000000 94.545448 20.000000 0.000000 0.000000 1.000000 0 0 255 255
-15.000000 92.727264 20.000000 0.000000 0.000000 1.000000 0 0 255 255
-10.000000 90.909081 20.000000 0.000000 0.000000 1.000000 0 0 255 255
-5.000000 89.090897 20.000000 0.000000 0.000000 1.000000 0 0 255 255
0.000000 87.272720 20.000000 0.000000 0.000000 1.000000 0 0 255 255
5.000000 85.454544 20.000000 0.000000 0.000000 1.000000 0 0 255 255
10.000000 83.636360 20.000000 0.000000 0.000000 1.000000 0 0 255 255
15.000000 81.818176 20.000000 0.000000 0.000000 1.000000 0 0 255 255
-26.818182 96.363632 20.000000 0.000000 0.000000 1.000000 0 0 255 255
-23.636364 94.545456 20.000000 0.000000 0.000000 1.000000 0 0 255 255
-20.454546 92.727280 20.000000 0.000000 0.000000 1.000000 0 0 255 255
-17.272728 90.909096 20.000000 0.000000 0.000000 1.000000 0 0 255 255
-14.090910 89.090912 20.000000 0.000000 0.000000 1.000000 0 0 255 255
-10.909091 87.272736 20.000000 0.000000 0.000000 1.000000 0 0 255 255
-7.727273 85.454552 20.000000 0.000000 0.000000 1.000000 0 0 255 255
-4.545455 83.636368 20.000000 0.000000 0.000000 1.000000 0 0 255 255
-1.363636 81.818184 20.000000 0.000000 0.000000 1.000000 0 0 255 255
-21.818182 94.545456 20.000000 0.000000 0.000000 1.000000 0 0 255 255
-18.636364 92.727272 20.000000 0.000000 0.000000 1.000000 0 0 255 255
-16.818182 92.727264 20.000000 0.000000 0.000000 1.000000 0 0 255 255
-15.454546 90.909088 20.000000 0.000000 0.000000 1.000000 0 0 255 255
-13.636364 90.909088 20.000000 0.000000 0.000000 1.000000 0 0 255 255
-11.818182 90.909088 20.000000 0.000000 0.000000 1.000000 0 0 255 255
-12.272728 89.090912 20.000000 0.000000 0.000000 1.000000 0 0 255 255
-10.454546 89.090912 20.000000 0.000000 0.000000 1.000000 0 0 255 255
-8.636364 89.090904 20.000000 0.000000 0.000000 1.000000 0 0 255 255
-6.818182 89.090897 20.000000 0.000000 0.000000 1.000000 0 0 255 255
-9.090909 87.272736 20.000000 0.000000 0.000000 1.000000 0 0 255 255
-7.272727 87.272736 20.000000 0.000000 0.000000 1.000000 0 0 255 255
-5.454545 87.272736 20.000000 0.000000 0.000000 1.000000 0 0 255 255
-3.636363 87.272728 20.000000 0.000000 0.000000 1.000000 0 0 255 255
-1.818182 87.272720 20.000000 0.000000 0.000000 1.000000 0 0 255 255
-5.909091 85.454552 20.000000 0.000000 0.000000 1.000000 0 0 255 255
-4.090909 85.454552 20.000000 0.000000 0.000000 1.000000 0 0 255 255
-2.272727 85.454552 20.000000 0.000000 0.000000 1.000000 0 0 255 255
-0.454545 85.454552 20.000000 0.000000 0.000000 1.000000 0 0 255 255
1.363636 85.454552 20.000000 0.000000 0.000000 1.000000 0 0 255 255
3.181818 85.454544 20.000000 0.000000 0.000000 1.000000 0 0 255 255
-2.727273 83.636368 20.000000 0.000000 0.000000 1.000000 0 0 255 255
-0.909091 83.636368 20.000000 0.000000 0.000000 1.000000 0 0 255 255
0.909091 83.636368 20.000000 0.000000 0.000000 1.000000 0 0 255 255
2.727273 83.636368 20.000000 0.000000 0.000000 1.000000 0 0 255 255
4.545455 83.636368 20.000000 0.000000 0.000000 1.000000 0 0 255 255
6.363636 83.636368 20.000000 0.000000 0.000000 1.000000 0 0 255 255
8.181818 83.636368 20.000000 0.000000 0.000000 1.000000 0 0 255 255
0.454545 81.818184 20.000000 0.000000 0.000000 1.000000 0 0 255 255
2.272727 81.818184 20.000000 0.000000 0.000000 1.000000 0 0 255 255
4.090909 81.818184 20.000000 0.000000 0.000000 1.000000 0 0 255 255
5.909091 81.818184 20.000000 0.000000 0.000000 1.000000 0 0 255 255
7.727273 81.818184 20.000000 0.000000 0.000000 1.000000 0 0 255 255
9.545455 81.818184 20.000000 0.000000 0.000000 1.000000 0 0 255 255
11.363637 81.818184 20.000000 0.000000 0.000000 1.000000 0 0 255 255
13.181818 81.818176 20.000000 0.000000 0.000000 1.000000 0 0 255 255
3.636364 80.000000 20.000000 0.000000 0.000000 1.000000 0 0 255 255
5.454545 80.000000 20.000000 0.000000 0.000000 1.000000 0 0 255 255
7.272727 80.000000 20.000000 0.000000 0.000000 1.000000 0 0 255 255
9.090909 80.000000 20.000000 0.000000 0.000000 1.000000 0 0 255 255
10.909091 80.000000 20.000000 0.000000 0.000000 1.000000 0 0 255 255
12.727273 80.000000 20.000000 0.000000 0.000000 1.000000 0 0 255 255
14.545455 80.000000 20.000000 0.000000 0.000000 1.000000 0 0 255 255
16.363636 80.000000 20.000000 0.000000 0.000000 1.000000 0 0 255 255
18.181818 80.000000 20.000000 0.000000 0.000000 1.000000 0 0 255 255
20.000000 72.727272 20.000000 0.707107 0.000000 0.707107 0 0 255 255
18.181818 72.727272 20.000000 0.000000 0.000000 1.000000 0 0 255 255
16.363636 72.727272 20.000000 0.000000 0.000000 1.000000 0 0 255 255
14.545455 72.727272 20.000000 0.000000 0.000000 1.000000 0 0 255 255
12.727273 72.727272 20.000000 0.000000 0.000000 1.000000 0 0 255 255
10.909091 72.727272 20.000000 0.000000 0.000000 1.000000 0 0 255 255
9.090909 72.727272 20.000000 0.000000 0.000000 1.000000 0 0 255 255
7.272727 72.727272 20.000000 0.000000 0.000000 1.000000 0 0 255 255
5.454545 72.727272 20.000000 0.000000 0.000000 1.000000 0 0 255 255
3.636364 72.727272 20.000000 0.000000 0.000000 1.000000 0 0 255 255
20.000000 65.454544 20.000000 0.707107 0.000000 0.707107 0 0 255 255
18.181818 65.454544 20.000000 0.000000 0.000000 1.000000 0 0 255 255
20.000000 58.181816 20.000000 0.707107 0.000000 0.707107 0 0 255 255
16.363636 65.454544 20.000000 0.000000 0.000000 1.000000 0 0 255 255
18.181818 58.181816 20.000000 0.000000 0.000000 1.000000 0 0 255 255
20.000000 50.909088 20.000000 0.707107 0.000000 0.707107 0 0 255 255
14.545455 65.454544 20.000000 0.000000 0.000000 1.000000 0 0 255 255
16.363636 58.181816 20.000000 0.000000 0.000000 1.000000 0 0 255 255
18.181818 50.909088 20.000000 0.000000 0.000000 1.000000 0 0 255 255
20.000000 43.636360 20.000000 0.707107 0.000000 0.707107 0 0 255 255
12.727273 65.454544 20.000000 0.000000 0.000000 1.000000 0 0 255 255
14.545455 58.181816 20.000000 0.000000 0.000000 1.000000 0 0 255 255
16.363636 50.909088 20.000000 0.000000 0.000000 1.000000 0 0 255 255
18.181818 43.636360 20.000000 0.000000 0.000000 1.000000 0 0 255 255
20.000000 36.363632 20.000000 0.707107 0.000000 0.707107 0 0 255 255
10.909091 65.454544 20.000000 0.000000 0.000000 1.000000 0 0 255 255
12.727273 58.181816 20.000000 0.000000 0.000000 1.000000 0 0 255 255
14.545455 50.909088 20.000000 0.000000 0.000000 1.000000 0 0 255 255
16.363636 43.636360 20.000000 0.000000 0.000000 1.000000 0 0 255 255
18.181818 36.363632 20.000000 0.000000 0.000000 1.000000 0 0 255 255
20.000000 29.090906 20.000000 0.707107 0.000000 0.707107 0 0 255 255
9.090909 65.454544 20.000000 0.000000 0.000000 1.000000 0 0 255 255
10.909091 58.181816 20.000000 0.000000 0.000000 1.000000 0 0 255 255
12.727273 50.909088 20.000000 0.000000 0.000000 1.000000 0 0 255 255
14.545455 43.636360 20.000000 0.000000 0.000000 1.000000 0 0 255 255
16.363636 36.363632 20.000000 0.000000 0.000000 1.000000 0 0 255 255
18.181818 29.090906 20.000000 0.000000 0.000000 1.000000 0 0 255 255
20.000000 21.818180 20.000000 0.707107 0.000000 0.707107 0 0 255 255
7.272727 65.454544 20.000000 0.000000 0.000000 1.000000 0 0 255 255
9.090909 58.181816 20.000000 0.000000 0.000000 1.000000 0 0 255 255
10.909091 50.909088 20.000000 0.000000 0.000000 1.000000 0 0 255 255
12.727273 43.636360 20.000000 0.000000 0.000000 1.000000 0 0 255 255
14.545455 36.363632 20.000000 0.000000 0.000000 1.000000 0 0 255 255
16.363636 29.090904 20.000000 0.000000 0.000000 1.000000 0 0 255 255
18.181818 21.818178 20.000000 0.000000 0.000000 1.000000 0 0 255 255
20.000000 14.545453 20.000000 0.707107 0.000000 0.707107 0 0 255 255
5.454545 65.454544 20.000000 0.000000 0.000000 1.000000 0 0 255 255
7.272727 58.181816 20.000000 0.000000 0.000000 1.000000 0 0 255 255
9.090909 50.909088 20.000000 0.000000 0.000000 1.000000 0 0 255 255
10.909091 43.636360 20.000000 0.000000 0.000000 1.000000 0 0 255 255
12.727273 36.363632 20.000000 0.000000 0.000000 1.000000 0 0 255 255
14.545455 29.090906 20.000000 0.000000 0.000000 1.000000 0 0 255 255
16.363636 21.818180 20.000000 0.000000 0.000000 1.000000 0 0 255 255
18.181818 14.545453 20.000000 0.000000 0.000000 1.000000 0 0 255 255
3.636364 65.454544 20.000000 0.000000 0.000000 1.000000 0 0 255 255
5.454545 58.181816 20.000000 0.000000 0.000000 1.000000 0 0 255 255
7.272727 50.909088 20.000000 0.000000 0.000000 1.000000 0 0 255 255
9.090909 43.636360 20.000000 0.000000 0.000000 1.000000 0 0 255 255
10.909091 36.363632 20.000000 0.000000 0.000000 1.000000 0 0 255 255
12.727273 29.090906 20.000000 0.000000 0.000000 1.000000 0 0 255 255
14.545455 21.818180 20.000000 0.000000 0.000000 1.000000 0 0 255 255
16.363636 14.545453 20.000000 0.000000 0.000000 1.000000 0 0 255 255
18.181818 7.272727 20.000000 0.000000 0.000000 1.000000 0 0 255 255
0.000000 65.454544 20.000000 -0.707107 0.000000 0.707107 0 0 255 255
1.818182 65.454544 20.000000 0.000000 0.000000 1.000000 0 0 255 255
0.000000 58.181816 20.000000 -0.707107 0.000000 0.707107 0 0 255 255
1.818182 58.181816 20.000000 0.000000 0.000000 1.000000 0 0 255 255
0.000000 50.909088 20.000000 -0.707107 0.000000 0.707107 0 0 255 255
1.818182 50.909088 20.000000 0.000000 0.000000 1.000000 0 0 255 255
0.000000 43.636360 20.000000 -0.707107 0.000000 0.707107 0 0 255 255
1.818182 43.636360 20.000000 0.000000 0.000000 1.000000 0 0 255 255
0.000000 36.363632 20.000000 -0.707107 0.000000 0.707107 0 0 255 255
1.818182 36.363632 20.000000 0.000000 0.000000 1.000000 0 0 255 255
0.000000 29.090906 20.000000 -0.707107 0.000000 0.707107 0 0 255 255
1.818182 29.090906 20.000000 0.000000 0.000000 1.000000 0 0 255 255
0.000000 21.818180 20.000000 -0.707107 0.000000 0.707107 0 0 255 255
1.818182 21.818180 20.000000 0.000000 0.000000 1.000000 0 0 255 255
0.000000 14.545453 20.000000 -0.707107 0.000000 0.707107 0 0 255 255
1.818182 14.545453 20.000000 0.000000 0.000000 1.000000 0 0 255 255
1.818182 7.272727 20.000000 0.000000 0.000000 1.000000 0 0 255 255
3.636364 58.181816 20.000000 0.000000 0.000000 1.000000 0 0 255 255
3.636364 50.909088 20.000000 0.000000 0.000000 1.000000 0 0 255 255
5.454545 50.909088 20.000000 0.000000 0.000000 1.000000 0 0 255 255
3.636364 43.636360 20.000000 0.000000 0.000000 1.000000 0 0 255 255
5.454545 43.636360 20.000000 0.000000 0.000000 1.000000 0 0 255 255
7.272727 43.636360 20.000000 0.000000 0.000000 1.000000 0 0 255 255
3.636364 36.363632 20.000000 0.000000 0.000000 1.000000 0 0 255 255
5.454545 36.363632 20.000000 0.000000 0.000000 1.000000 0 0 255 255
7.272727 36.363632 20.000000 0.000000 0.000000 1.000000 0 0 255 255
9.090909 36.363632 20.000000 0.000000 0.000000 1.000000 0 0 255 255
3.636364 29.090906 20.000000 0.000000 0.000000 1.000000 0 0 255 255
5.454546 29.090906 20.000000 0.000000 0.000000 1.000000 0 0 255 255
7.272728 29.090906 20.000000 0.000000 0.000000 1.000000 0 0 255 255
9.090910 29.090906 20.000000 0.000000 0.000000 1.000000 0 0 255 255
10.909092 29.090906 20.000000 0.000000 0.000000 1.000000 0 0 255 255
3.636364 21.818180 20.000000 0.000000 0.000000 1.000000 0 0 255 255
5.454546 21.818180 20.000000 0.000000 0.000000 1.000000 0 0 255 255
7.272728 21.818180 20.000000 0.000000 0.000000 1.000000 0 0 255 255
9.090910 21.818180 20.000000 0.000000 0.000000 1.000000 0 0 255 255
10.909092 21.818180 20.000000 0.000000 0.000000 1.000000 0 0 255 255
12.727274 21.818180 20.000000 0.000000 0.000000 1.000000 0 0 255 255
3.636364 14.545453 20.000000 0.000000 0.000000 1.000000 0 0 255 255
5.454545 14.545453 20.000000 0.000000 0.000000 1.000000 0 0 255 255
7.272727 14.545453 20.000000 0.000000 0.000000 1.000000 0 0 255 255
9.090909 14.545453 20.000000 0.000000 0.000000 1.000000 0 0 255 255
10.909091 14.545453 20.000000 0.000000 0.000000 1.000000 0 0 255 255
12.727273 14.545453 20.000000 0.000000 0.000000 1.000000 0 0 255 255
14.545454 14.545453 20.000000 0.000000 0.000000 1.000000 0 0 255 255
3.636364 7.272727 20.000000 0.000000 0.000000 1.000000 0 0 255 255
5.454545 7.272727 20.000000 0.000000 0.000000 1.000000 0 0 255 255
7.272727 7.272727 20.000000 0.000000 0.000000 1.000000 0 0 255 255
9.090909 7.272727 20.000000 0.000000 0.000000 1.000000 0 0 255 255
10.909091 7.272727 20.000000 0.000000 0.000000 1.000000 0 0 255 255
12.727273 7.272727 20.000000 0.000000 0.000000 1.000000 0 0 255 255
14.545455 7.272727 20.000000 0.000000 0.000000 1.000000 0 0 255 255
16.363636 7.272727 20.000000 0.000000 0.000000 1.000000 0 0 255 255
3.636364 0.000000 20.000000 0.000000 -0.707107 0.707107 0 0 255 255
5.454545 0.000000 20.000000 0.000000 -0.707107 0.707107 0 0 255 255
7.272727 0.000000 20.000000 0.000000 -0.707107 0.707107 0 0 255 255
9.090909 0.000000 20.000000 0.000000 -0.707107 0.707107 0 0 255 255
10.909091 0.000000 20.000000 0.000000 -0.707107 0.707107 0 0 255 255
12.727273 0.000000 20.000000 0.000000 -0.707107 0.707107 0 0 255 255
14.545455 0.000000 20.000000 0.000000 -0.707107 0.707107 0 0 255 255
16.363636 0.000000 20.000000 0.000000 -0.707107 0.707107 0 0 255 255
18.181818 0.000000 20.000000 0.000000 -0.707107 0.707107 0 0 255 255
20.000000 0.000000 18.181818 0.707107 -0.707107 0.000000 0 0 255 255
18.181818 0.000000 18.181818 0.000000 -1.000000 0.000000 0 0 255 255
16.363636 0.000000 18.181818 0.000000 -1.000000 0.000000 0 0 255 255
14.545455 0.000000 18.181818 0.000000 -1.000000 0.000000 0 0 255 255
12.727273 0.000000 18.181818 0.000000 -1.000000 0.000000 0 0 255 255
10.909091 0.000000 18.181818 0.000000 -1.000000 0.000000 0 0 255 255
9.090909 0.000000 18.181818 0.000000 -1.000000 0.000000 0 0 255 255
7.272727 0.000000 18.181818 0.000000 -1.000000 0.000000 0 0 255 255
5.454545 0.000000 18.181818 0.000000 -1.000000 0.000000 0 0 255 255
3.636364 0.000000 18.181818 0.000000 -1.000000 0.000000 0 0 255 255
20.000000 0.000000 16.363636 0.707107 -0.707107 0.000000 0 0 255 255
18.181818 0.000000 16.363636 0.000000 -1.000000 0.000000 0 0 255 255
20.000000 0.000000 14.545455 0.707107 -0.707107 0.000000 0 0 255 255
16.363636 0.000000 16.363636 0.000000 -1.000000 0.000000 0 0 255 255
18.181818 0.000000 14.545454 0.000000 -1.000000 0.000000 0 0 255 255
20.000000 0.000000 12.727273 0.707107 -0.707107 0.000000 0 0 255 255
14.545455 0.000000 16.363636 0.000000 -1.000000 0.000000 0 0 255 255
16.363636 0.000000 14.545454 0.000000 -1.000000 0.000000 0 0 255 255
18.181818 0.000000 12.727272 0.000000 -1.000000 0.000000 0 0 255 255
20.000000 0.000000 10.909091 0.707107 -0.707107 0.000000 0 0 255 255
12.727273 0.000000 16.363636 0.000000 -1.000000 0.000000 0 0 255 255
14.545455 0.000000 14.545454 0.000000 -1.000000 0.000000 0 0 255 255
16.363636 0.000000 12.727272 0.000000 -1.000000 0.000000 0 0 255 255
18.181818 0.000000 10.909090 0.000000 -1.000000 0.000000 0 0 255 255
20.000000 0.000000 9.090909 0.707107 -0.707107 0.000000 0 0 255 255
10.909091 0.000000 16.363636 0.000000 -1.000000 0.000000 0 0 255 255
12.727273 0.000000 14.545454 0.000000 -1.000000 0.000000 0 0 255 255
14.545455 0.000000 12.727272 0.000000 -1.000000 0.000000 0 0 255 255
16.363636 0.000000 10.909090 0.000000 -1.000000 0.000000 0 0 255 255
18.181818 0.000000 9.090908 0.000000 -1.000000 0.000000 0 0 255 255
20.000000 0.000000 7.272727 0.707107 -0.707107 0.000000 0 0 255 255
9.090909 0.000000 16.363636 0.000000 -1.000000 0.000000 0 0 255 255
10.909091 0.000000 14.545454 0.000000 -1.000000 0.000000 0 0 255 255
12.727273 0.000000 12.727272 0.000000 -1.000000 0.000000 0 0 255 255
14.545455 0.000000 10.909090 0.000000 -1.000000 0.000000 0 0 255 255
16.363636 0.000000 9.090908 0.000000 -1.000000 0.000000 0 0 255 255
18.181818 0.000000 7.272727 0.000000 -1.000000 0.000000 0 0 255 255
20.000000 0.000000 5.454545 0.707107 -0.707107 0.000000 0 0 255 255
7.272727 0.000000 16.363636 0.000000 -1.000000 0.000000 0 0 255 255
9.090909 0.000000 14.545454 0.000000 -1.000000 0.000000 0 0 255 255
10.909091 0.000000 12.727272 0.000000 -1.000000 0.000000 0 0 255 255
12.727273 0.000000 10.909090 0.000000 -1.000000 0.000000 0 0 255 255
14.545455 0.000000 9.090908 0.000000 -1.000000 0.000000 0 0 255 255
16.363636 0.000000 7.272727 0.000000 -1.000000 0.000000 0 0 255 255
18.181818 0.000000 5.454545 0.000000 -1.000000 0.000000 0 0 255 255
20.000000 0.000000 3.636364 0.707107 -0.707107 0.000000 0 0 255 255
5.454545 0.000000 16.363636 0.000000 -1.000000 0.000000 0 0 255 255
7.272727 0.000000 14.545454 0.000000 -1.000000 0.000000 0 0 255 255
9.090909 0.000000 12.727272 0.000000 -1.000000 0.000000 0 0 255 255
10.909091 0.000000 10.909090 0.000000 -1.000000 0.000000 0 0 255 255
12.727273 0.000000 9.090908 0.000000 -1.000000 0.000000 0 0 255 255
14.545455 0.000000 7.272727 0.000000 -1.000000 0.000000 0 0 255 255
16.363636 0.000000 5.454545 0.000000 -1.000000 0.000000 0 0 255 255
18.181818 0.000000 3.636364 0.000000 -1.000000 0.000000 0 0 255 255
3.636364 0.000000 16.363636 0.000000 -1.000000 -0.000000 0 0 255 255
5.454545 0.000000 14.545454 0.000000 -1.000000 -0.000000 0 0 255 255
7.272727 0.000000 12.727272 0.000000 -1.000000 -0.000000 0 0 255 255
9.090909 0.000000 10.909090 0.000000 -1.000000 0.000000 0 0 255 255
10.909091 0.000000 9.090908 0.000000 -1.000000 0.000000 0 0 255 255
12.727273 0.000000 7.272727 0.000000 -1.000000 0.000000 0 0 255 255
14.545455 0.000000 5.454545 0.000000 -1.000000 -0.000000 0 0 255 255
16.363636 0.000000 3.636363 0.000000 -1.000000 -0.000000 0 0 255 255
18.181818 0.000000 1.818182 0.000000 -1.000000 -0.000000 0 0 255 255
0.000000 0.000000 18.181818 -0.707107 -0.707107 0.000000 0 0 255 255
0.000000 0.000000 16.363636 -0.707107 -0.707107 0.000000 0 0 255 255
1.818182 0.000000 16.363636 0.000000 -1.000000 0.000000 0 0 255 255
0.000000 0.000000 14.545455 -0.707107 -0.707107 -0.000000 0 0 255 255
1.818182 0.000000 14.545455 0.000000 -1.000000 -0.000000 0 0 255 255
0.000000 0.000000 12.727273 -0.707107 -0.707107 0.000000 0 0 255 255
1.818182 0.000000 12.727273 0.000000 -1.000000 0.000000 0 0 255 255
0.000000 0.000000 10.909091 -0.707107 -0.707107 0.000000 0 0 255 255
1.818182 0.000000 10.909091 0.000000 -1.000000 0.000000 0 0 255 255
0.000000 0.000000 9.090909 -0.707107 -0.707107 0.000000 0 0 255 255
1.818182 0.000000 9.090909 0.000000 -1.000000 0.000000 0 0 255 255
0.000000 0.000000 7.272727 -0.707107 -0.707107 -0.000000 0 0 255 255
1.818182 0.000000 7.272727 0.000000 -1.000000 -0.000000 0 0 255 255
0.000000 0.000000 5.454545 -0.707107 -0.707107 -0.000000 0 0 255 255
1.818182 0.000000 5.454545 0.000000 -1.000000 -0.000000 0 0 255 255
0.000000 0.000000 3.636364 -0.707107 -0.707107 0.000000 0 0 255 255
1.818182 0.000000 3.636364 0.000000 -1.000000 -0.000000 0 0 255 255
1.818182 0.000000 1.818182 0.000000 -1.000000 0.000000 0 0 255 255
3.636364 0.000000 14.545454 0.000000 -1.000000 -0.000000 0 0 255 255
3.636364 0.000000 12.727273 0.000000 -1.000000 0.000000 0 0 255 255
5.454545 0.000000 12.727272 0.000000 -1.000000 0.000000 0 0 255 255
3.636364 0.000000 10.909091 0.000000 -1.000000 0.000000 0 0 255 255
5.454545 0.000000 10.909091 0.000000 -1.000000 0.000000 0 0 255 255
7.272727 0.000000 10.909090 0.000000 -1.000000 0.000000 0 0 255 255
3.636364 0.000000 9.090909 0.000000 -1.000000 0.000000 0 0 255 255
5.454545 0.000000 9.090909 0.000000 -1.000000 0.000000 0 0 255 255
7.272727 0.000000 9.090909 0.000000 -1.000000 0.000000 0 0 255 255
9.090909 0.000000 9.090908 0.000000 -1.000000 0.000000 0 0 255 255
3.636364 0.000000 7.272727 0.000000 -1.000000 0.000000 0 0 255 255
5.454546 0.000000 7.272727 0.000000 -1.000000 0.000000 0 0 255 255
7.272728 0.000000 7.272727 0.000000 -1.000000 0.000000 0 0 255 255
9.090910 0.000000 7.272727 0.000000 -1.000000 0.000000 0 0 255 255
10.909092 0.000000 7.272727 0.000000 -1.000000 0.000000 0 0 255 255
3.636364 0.000000 5.454545 0.000000 -1.000000 -0.000000 0 0 255 255
5.454546 0.000000 5.454545 0.000000 -1.000000 -0.000000 0 0 255 255
7.272728 0.000000 5.454545 0.000000 -1.000000 -0.000000 0 0 255 255
9.090910 0.000000 5.454545 0.000000 -1.000000 -0.000000 0 0 255 255
10.909092 0.000000 5.454545 0.000000 -1.000000 -0.000000 0 0 255 255
12.727274 0.000000 5.454545 0.000000 -1.000000 -0.000000 0 0 255 255
3.636364 0.000000 3.636364 0.000000 -1.000000 -0.000000 0 0 255 255
5.454545 0.000000 3.636364 0.000000 -1.000000 -0.000000 0 0 255 255
7.272727 0.000000 3.636364 0.000000 -1.000000 -0.000000 0 0 255 255
9.090909 0.000000 3.636364 0.000000 -1.000000 -0.000000 0 0 255 255
10.909091 0.000000 3.636364 0.000000 -1.000000 -0.000000 0 0 255 255
12.727273 0.000000 3.636364 0.000000 -1.000000 -0.000000 0 0 255 255
14.545454 0.000000 3.636364 0.000000 -1.000000 -0.000000 0 0 255 255
3.636364 0.000000 1.818182 0.000000 -1.000000 0.000000 0 0 255 255
5.454545 0.000000 1.818182 0.000000 -1.000000 0.000000 0 0 255 255
7.272727 0.000000 1.818182 0.000000 -1.000000 0.000000 0 0 255 255
9.090909 0.000000 1.818182 0.000000 -1.000000 0.000000 0 0 255 255
10.909091 0.000000 1.818182 0.000000 -1.000000 0.000000 0 0 255 255
12.727273 0.000000 1.818182 0.000000 -1.000000 0.000000 0 0 255 255
14.545455 0.000000 1.818182 0.000000 -1.000000 0.000000 0 0 255 255
16.363636 0.000000 1.818182 0.000000 -1.000000 -0.000000 0 0 255 255
20.000000 80.000000 18.181818 0.707107 -0.707107 0.000000 0 0 255 255
20.000000 72.727272 18.181818 1.000000 0.000000 0.000000 0 0 255 255
20.000000 65.454544 18.181818 1.000000 0.000000 0.000000 0 0 255 255
20.000000 58.181816 18.181818 1.000000 0.000000 0.000000 0 0 255 255
20.000000 50.909088 18.181818 1.000000 0.000000 0.000000 0 0 255 255
20.000000 43.636360 18.181818 1.000000 0.000000 0.000000 0 0 255 255
20.000000 36.363636 18.181818 1.000000 0.000000 0.000000 0 0 255 255
20.000000 29.090908 18.181818 1.000000 0.000000 0.000000 0 0 255 255
20.000000 21.818180 18.181818 1.000000 0.000000 0.000000 0 0 255 255
20.000000 14.545454 18.181818 1.000000 0.000000 0.000000 0 0 255 255
20.000000 80.000000 16.363636 0.707107 -0.707107 0.000000 0 0 255 255
20.000000 72.727272 16.363636 1.000000 0.000000 0.000000 0 0 255 255
20.000000 80.000000 14.545455 0.707107 -0.707107 0.000000 0 0 255 255
20.000000 65.454544 16.363636 1.000000 0.000000 0.000000 0 0 255 255
20.000000 72.727272 14.545454 1.000000 0.000000 0.000000 0 0 255 255
20.000000 80.000000 12.727273 0.707107 -0.707107 0.000000 0 0 255 255
20.000000 58.181816 16.363636 1.000000 0.000000 0.000000 0 0 255 255
20.000000 65.454544 14.545454 1.000000 0.000000 0.000000 0 0 255 255
20.000000 72.727272 12.727272 1.000000 0.000000 0.000000 0 0 255 255
20.000000 80.000000 10.909091 0.707107 -0.707107 0.000000 0 0 255 255
20.000000 50.909088 16.363636 1.000000 0.000000 0.000000 0 0 255 255
20.000000 58.181816 14.545454 1.000000 0.000000 0.000000 0 0 255 255
20.000000 65.454544 12.727272 1.000000 0.000000 0.000000 0 0 255 255
20.000000 72.727272 10.909090 1.000000 0.000000 0.000000 0 0 255 255
20.000000 80.000000 9.090909 0.707107 -0.707107 0.000000 0 0 255 255
20.000000 43.636364 16.363636 1.000000 0.000000 0.000000 0 0 255 255
20.000000 50.909092 14.545454 1.000000 0.000000 0.000000 0 0 255 255
20.000000 58.181820 12.727272 1.000000 0.000000 0.000000 0 0 255 255
20.000000 65.454544 10.909090 1.000000 0.000000 0.000000 0 0 255 255
20.000000 72.727272 9.090908 1.000000 0.000000 0.000000 0 0 255 255
20.000000 80.000000 7.272727 0.707107 -0.707107 0.000000 0 0 255 255
20.000000 36.363636 16.363636 1.000000 0.000000 0.000000 0 0 255 255
20.000000 43.636364 14.545454 1.000000 0.000000 0.000000 0 0 255 255
20.000000 50.909092 12.727272 1.000000 0.000000 0.000000 0 0 255 255
20.000000 58.181820 10.909090 1.000000 0.000000 0.000000 0 0 255 255
20.000000 65.454544 9.090908 1.000000 0.000000 0.000000 0 0 255 255
20.000000 72.727272 7.272727 1.000000 0.000000 0.000000 0 0 255 255
20.000000 80.000000 5.454545 0.707107 -0.707107 0.000000 0 0 255 255
20.000000 29.090908 16.363636 1.000000 0.000000 0.000000 0 0 255 255
20.000000 36.363636 14.545454 1.000000 0.000000 0.000000 0 0 255 255
20.000000 43.636364 12.727272 1.000000 0.000000 0.000000 0 0 255 255
20.000000 50.909092 10.909090 1.000000 0.000000 0.000000 0 0 255 255
20.000000 58.181820 9.090908 1.000000 0.000000 0.000000 0 0 255 255
20.000000 65.454544 7.272727 1.000000 0.000000 0.000000 0 0 255 255
20.000000 72.727272 5.454545 1.000000 0.000000 0.000000 0 0 255 255
20.000000 80.000000 3.636364 0.707107 -0.707107 0.000000 0 0 255 255
20.000000 21.818180 16.363636 1.000000 0.000000 0.000000 0 0 255 255
20.000000 29.090908 14.545454 1.000000 0.000000 0.000000 0 0 255 255
20.000000 36.363636 12.727272 1.000000 0.000000 0.000000 0 0 255 255
20.000000 43.636364 10.909090 1.000000 0.000000 0.000000 0 0 255 255
20.000000 50.909092 9.090908 1.000000 0.000000 0.000000 0 0 255 255
20.000000 58.181820 7.272727 1.000000 0.000000 0.000000 0 0 255 255
20.000000 65.454544 5.454545 1.000000 0.000000 0.000000 0 0 255 255
20.000000 72.727272 3.636364 1.000000 0.000000 0.000000 0 0 255 255
20.000000 14.545453 16.363636 1.000000 0.000000 0.000000 0 0 255 255
20.000000 21.818180 14.545455 1.000000 0.000000 0.000000 0 0 255 255
20.000000 29.090906 12.727273 1.000000 0.000000 0.000000 0 0 255 255
20.000000 36.363632 10.909091 1.000000 0.000000 0.000000 0 0 255 255
20.000000 43.636360 9.090909 1.000000 0.000000 0.000000 0 0 255 255
20.000000 50.909088 7.272727 1.000000 0.000000 0.000000 0 0 255 255
20.000000 58.181816 5.454545 1.000000 0.000000 0.000000 0 0 255 255
20.000000 65.454544 3.636364 1.000000 0.000000 0.000000 0 0 255 255
20.000000 72.727272 1.818182 1.000000 0.000000 0.000000 0 0 255 255
20.000000 7.272727 16.363636 1.000000 0.000000 0.000000 0 0 255 255
20.000000 7.272727 14.545455 1.000000 0.000000 0.000000 0 0 255 255
20.000000 7.272727 12.727273 1.000000 0.000000 0.000000 0 0 255 255
20.000000 7.272727 10.909091 1.000000 0.000000 0.000000 0 0 255 255
20.000000 7.272727 9.090909 1.000000 0.000000 0.000000 0 0 255 255
20.000000 7.272727 7.272727 1.000000 0.000000 0.000000 0 0 255 255
20.000000 7.272727 5.454545 1.000000 0.000000 0.000000 0 0 255 255
20.000000 7.272727 3.636364 1.000000 0.000000 0.000000 0 0 255 255
20.000000 7.272727 1.818182 1.000000 0.000000 0.000000 0 0 255 255
20.000000 14.545454 14.545455 1.000000 0.000000 0.000000 0 0 255 255
20.000000 14.545454 12.727273 1.000000 0.000000 0.000000 0 0 255 255
20.000000 21.818180 12.727273 1.000000 0.000000 0.000000 0 0 255 255
20.000000 14.545453 10.909091 1.000000 0.000000 0.000000 0 0 255 255
20.000000 21.818180 10.909091 1.000000 0.000000 0.000000 0 0 255 255
20.000000 29.090906 10.909091 1.000000 0.000000 0.000000 0 0 255 255
20.000000 14.545454 9.090909 1.000000 0.000000 0.000000 0 0 255 255
20.000000 21.818180 9.090909 1.000000 0.000000 0.000000 0 0 255 255
20.000000 29.090908 9.090909 1.000000 0.000000 0.000000 0 0 255 255
20.000000 36.363632 9.090909 1.000000 0.000000 0.000000 0 0 255 255
20.000000 14.545454 7.272727 1.000000 0.000000 0.000000 0 0 255 255
20.000000 21.818180 7.272727 1.000000 0.000000 0.000000 0 0 255 255
20.000000 29.090908 7.272727 1.000000 0.000000 0.000000 0 0 255 255
20.000000 36.363636 7.272727 1.000000 0.000000 0.000000 0 0 255 255
20.000000 43.636360 7.272727 1.000000 0.000000 0.000000 0 0 255 255
20.000000 14.545454 5.454545 1.000000 0.000000 0.000000 0 0 255 255
20.000000 21.818180 5.454545 1.000000 0.000000 0.000000 0 0 255 255
20.000000 29.090908 5.454545 1.000000 0.000000 0.000000 0 0 255 255
20.000000 36.363636 5.454545 1.000000 0.000000 0.000000 0 0 255 255
20.000000 43.636364 5.454545 1.000000 0.000000 0.000000 0 0 255 255
20.000000 50.909088 5.454545 1.000000 0.000000 0.000000 0 0 255 255
20.000000 14.545454 3.636364 1.000000 0.000000 0.000000 0 0 255 255
20.000000 21.818180 3.636364 1.000000 0.000000 0.000000 0 0 255 255
20.000000 29.090908 3.636364 1.000000 0.000000 0.000000 0 0 255 255
20.000000 36.363636 3.636364 1.000000 0.000000 0.000000 0 0 255 255
20.000000 43.636364 3.636364 1.000000 0.000000 0.000000 0 0 255 255
20.000000 50.909092 3.636364 1.000000 0.000000 0.000000 0 0 255 255
20.000000 58.181816 3.636364 1.000000 0.000000 0.000000 0 0 255 255
20.000000 14.545454 1.818182 1.000000 0.000000 0.000000 0 0 255 255
20.000000 21.818180 1.818182 1.000000 0.000000 0.000000 0 0 255 255
20.000000 29.090908 1.818182 1.000000 0.000000 0.000000 0 0 255 255
20.000000 36.363636 1.818182 1.000000 0.000000 0.000000 0 0 255 255
20.000000 43.636364 1.818182 1.000000 0.000000 0.000000 0 0 255 255
20.000000 50.909092 1.818182 1.000000 0.000000 0.000000 0 0 255 255
20.000000 58.181820 1.818182 1.000000 0.000000 0.000000 0 0 255 255
20.000000 65.454544 1.818182 1.000000 0.000000 0.000000 0 0 255 255
55.000000 80.000000 18.181818 0.707107 -0.707107 0.000000 0 0 255 255
51.818180 80.000000 18.181818 0.000000 -1.000000 0.000000 0 0 255 255
48.636364 80.000000 18.181818 0.000000 -1.000000 0.000000 0 0 255 255
45.454544 80.000000 18.181818 0.000000 -1.000000 0.000000 0 0 255 255
42.272728 80.000000 18.181818 0.000000 -1.000000 0.000000 0 0 255 255
39.090908 80.000000 18.181818 0.000000 -1.000000 0.000000 0 0 255 255
35.909092 80.000000 18.181818 0.000000 -1.000000 0.000000 0 0 255 255
32.727272 80.000000 18.181818 0.000000 -1.000000 0.000000 0 0 255 255
29.545454 80.000000 18.181818 0.000000 -1.000000 0.000000 0 0 255 255
26.363636 80.000000 18.181818 0.000000 -1.000000 0.000000 0 0 255 255
55.000000 80.000000 16.363636 0.707107 -0.707107 0.000000 0 0 255 255
51.818184 80.000000 16.363636 0.000000 -1.000000 0.000000 0 0 255 255
55.000000 80.000000 14.545455 0.707107 -0.707107 0.000000 0 0 255 255
48.636364 80.000000 16.363636 0.000000 -1.000000 0.000000 0 0 255 255
51.818184 80.000000 14.545454 0.000000 -1.000000 0.000000 0 0 255 255
55.000000 80.000000 12.727273 0.707107 -0.707107 0.000000 0 0 255 255
45.454544 80.000000 16.363636 0.000000 -1.000000 0.000000 0 0 255 255
48.636364 80.000000 14.545454 0.000000 -1.000000 0.000000 0 0 255 255
51.818184 80.000000 12.727272 0.000000 -1.000000 0.000000 0 0 255 255
55.000000 80.000000 10.909091 0.707107 -0.707107 0.000000 0 0 255 255
42.272728 80.000000 16.363636 0.000000 -1.000000 0.000000 0 0 255 255
45.454544 80.000000 14.545454 0.000000 -1.000000 0.000000 0 0 255 255
48.636364 80.000000 12.727272 0.000000 -1.000000 0.000000 0 0 255 255
51.818184 80.000000 10.909090 0.000000 -1.000000 0.000000 0 0 255 255
55.000000 80.000000 9.090909 0.707107 -0.707107 0.000000 0 0 255 255
39.090912 80.000000 16.363636 0.000000 -1.000000 0.000000 0 0 255 255
42.272728 80.000000 14.545454 0.000000 -1.000000 0.000000 0 0 255 255
45.454544 80.000000 12.727272 0.000000 -1.000000 0.000000 0 0 255 255
48.636364 80.000000 10.909090 0.000000 -1.000000 0.000000 0 0 255 255
51.818184 80.000000 9.090908 0.000000 -1.000000 0.000000 0 0 255 255
55.000000 80.000000 7.272727 0.707107 -0.707107 0.000000 0 0 255 255
35.909092 80.000000 16.363636 0.000000 -1.000000 0.000000 0 0 255 255
39.090912 80.000000 14.545454 0.000000 -1.000000 0.000000 0 0 255 255
42.272728 80.000000 12.727272 0.000000 -1.000000 0.000000 0 0 255 255
45.454544 80.000000 10.909090 0.000000 -1.000000 0.000000 0 0 255 255
48.636364 80.000000 9.090908 0.000000 -1.000000 0.000000 0 0 255 255
51.818184 80.000000 7.272727 0.000000 -1.000000 0.000000 0 0 255 255
55.000000 80.000000 5.454545 0.707107 -0.707107 0.000000 0 0 255 255
32.727272 80.000000 16.363636 0.000000 -1.000000 0.000000 0 0 255 255
35.909092 80.000000 14.545454 0.000000 -1.000000 0.000000 0 0 255 255
39.090912 80.000000 12.727272 0.000000 -1.000000 0.000000 0 0 255 255
42.272728 80.000000 10.909090 0.000000 -1.000000 0.000000 0 0 255 255
45.454544 80.000000 9.090908 0.000000 -1.000000 0.000000 0 0 255 255
48.636364 80.000000 7.272727 0.000000 -1.000000 0.000000 0 0 255 255
51.818184 80.000000 5.454545 0.000000 -1.000000 0.000000 0 0 255 255
55.000000 80.000000 3.636364 0.707107 -0.707107 0.000000 0 0 255 255
29.545454 80.000000 16.363636 0.000000 -1.000000 0.000000 0 0 255 255
32.727272 80.000000 14.545454 0.000000 -1.000000 0.000000 0 0 255 255
35.909092 80.000000 12.727272 0.000000 -1.000000 0.000000 0 0 255 255
39.090912 80.000000 10.909090 0.000000 -1.000000 0.000000 0 0 255 255
42.272728 80.000000 9.090908 0.000000 -1.000000 0.000000 0 0 255 255
45.454544 80.000000 7.272727 0.000000 -1.000000 0.000000 0 0 255 255
48.636364 80.000000 5.454545 0.000000 -1.000000 0.000000 0 0 255 255
51.818184 80.000000 3.636364 0.000000 -1.000000 0.000000 0 0 255 255
26.363636 80.000000 16.363636 0.000000 -1.000000 0.000000 0 0 255 255
29.545454 80.000000 14.545455 0.000000 -1.000000 0.000000 0 0 255 255
32.727272 80.000000 12.727273 0.000000 -1.000000 0.000000 0 0 255 255
35.909088 80.000000 10.909091 0.000000 -1.000000 0.000000 0 0 255 255
39.090908 80.000000 9.090909 0.000000 -1.000000 0.000000 0 0 255 255
42.272728 80.000000 7.272727 0.000000 -1.000000 0.000000 0 0 255 255
45.454544 80.000000 5.454545 0.000000 -1.000000 0.000000 0 0 255 255
48.636360 80.000000 3.636364 0.000000 -1.000000 0.000000 0 0 255 255
51.818180 80.000000 1.818182 0.000000 -1.000000 0.000000 0 0 255 255
23.181818 80.000000 16.363636 0.000000 -1.000000 0.000000 0 0 255 255
23.181818 80.000000 14.545455 0.000000 -1.000000 0.000000 0 0 255 255
23.181818 80.000000 12.727273 0.000000 -1.000000 0.000000 0 0 255 255
23.181818 80.000000 10.909091 0.000000 -1.000000 0.000000 0 0 255 255
23.181818 80.000000 9.090909 0.000000 -1.000000 0.000000 0 0 255 255
23.181818 80.000000 7.272727 0.000000 -1.000000 0.000000 0 0 255 255
23.181818 80.000000 5.454545 0.000000 -1.000000 0.000000 0 0 255 255
23.181818 80.000000 3.636364 0.000000 -1.000000 0.000000 0 0 255 255
23.181818 80.000000 1.818182 0.000000 -1.000000 0.000000 0 0 255 255
26.363636 80.000000 14.545455 0.000000 -1.000000 0.000000 0 0 255 255
26.363636 80.000000 12.727273 0.000000 -1.000000 0.000000 0 0 255 255
29.545454 80.000000 12.727273 0.000000 -1.000000 0.000000 0 0 255 255
26.363636 80.000000 10.909091 0.000000 -1.000000 0.000000 0 0 255 255
29.545454 80.000000 10.909091 0.000000 -1.000000 0.000000 0 0 255 255
32.727272 80.000000 10.909091 0.000000 -1.000000 0.000000 0 0 255 255
26.363636 80.000000 9.090909 0.000000 -1.000000 0.000000 0 0 255 255
29.545454 80.000000 9.090909 0.000000 -1.000000 0.000000 0 0 255 255
32.727272 80.000000 9.090909 0.000000 -1.000000 0.000000 0 0 255 255
35.909088 80.000000 9.090909 0.000000 -1.000000 0.000000 0 0 255 255
26.363636 80.000000 7.272727 0.000000 -1.000000 0.000000 0 0 255 255
29.545454 80.000000 7.272727 0.000000 -1.000000 0.000000 0 0 255 255
32.727272 80.000000 7.272727 0.000000 -1.000000 0.000000 0 0 255 255
35.909092 80.000000 7.272727 0.000000 -1.000000 0.000000 0 0 255 255
39.090912 80.000000 7.272727 0.000000 -1.000000 0.000000 0 0 255 255
26.363636 80.000000 5.454545 0.000000 -1.000000 0.000000 0 0 255 255
29.545454 80.000000 5.454545 0.000000 -1.000000 0.000000 0 0 255 255
32.727272 80.000000 5.454545 0.000000 -1.000000 0.000000 0 0 255 255
35.909088 80.000000 5.454545 0.000000 -1.000000 0.000000 0 0 255 255
39.090908 80.000000 5.454545 0.000000 -1.000000 0.000000 0 0 255 255
42.272728 80.000000 5.454545 0.000000 -1.000000 0.000000 0 0 255 255
26.363636 80.000000 3.636364 0.000000 -1.000000 0.000000 0 0 255 255
29.545454 80.000000 3.636364 0.000000 -1.000000 0.000000 0 0 255 255
32.727272 80.000000 3.636364 0.000000 -1.000000 0.000000 0 0 255 255
35.909088 80.000000 3.636364 0.000000 -1.000000 0.000000 0 0 255 255
39.090904 80.000000 3.636364 0.000000 -1.000000 0.000000 0 0 255 255
42.272724 80.000000 3.636364 0.000000 -1.000000 0.000000 0 0 255 255
45.454544 80.000000 3.636364 0.000000 -1.000000 0.000000 0 0 255 255
26.363636 80.000000 1.818182 0.000000 -1.000000 0.000000 0 0 255 255
29.545454 80.000000 1.818182 0.000000 -1.000000 0.000000 0 0 255 255
32.727272 80.000000 1.818182 0.000000 -1.000000 0.000000 0 0 255 255
35.909088 80.000000 1.818182 0.000000 -1.000000 0.000000 0 0 255 255
39.090908 80.000000 1.818182 0.000000 -1.000000 0.000000 0 0 255 255
42.272728 80.000000 1.818182 0.000000 -1.000000 0.000000 0 0 255 255
45.454544 80.000000 1.818182 0.000000 -1.000000 0.000000 0 0 255 255
48.636360 80.000000 1.818182 0.000000 -1.000000 0.000000 0 0 255 255
55.000000 100.000000 18.181818 0.707107 0.707107 0.000000 0 0 255 255
55.000000 98.181816 18.181818 1.000000 0.000000 0.000000 0 0 255 255
55.000000 96.363632 18.181818 1.000000 0.000000 0.000000 0 0 255 255
55.000000 94.545448 18.181818 1.000000 0.000000 0.000000 0 0 255 255
55.000000 92.727264 18.181818 1.000000 0.000000 0.000000 0 0 255 255
55.000000 90.909081 18.181818 1.000000 0.000000 0.000000 0 0 255 255
55.000000 89.090904 18.181818 1.000000 0.000000 0.000000 0 0 255 255
55.000000 87.272728 18.181818 1.000000 0.000000 0.000000 0 0 255 255
55.000000 85.454544 18.181818 1.000000 0.000000 0.000000 0 0 255 255
55.000000 83.636360 18.181818 1.000000 0.000000 0.000000 0 0 255 255
55.000000 100.000000 16.363636 0.707107 0.707107 0.000000 0 0 255 255
55.000000 98.181816 16.363636 1.000000 0.000000 0.000000 0 0 255 255
55.000000 100.000000 14.545455 0.707107 0.707107 0.000000 0 0 255 255
55.000000 96.363632 16.363636 1.000000 0.000000 0.000000 0 0 255 255
55.000000 98.181816 14.545454 1.000000 0.000000 0.000000 0 0 255 255
55.000000 100.000000 12.727273 0.707107 0.707107 0.000000 0 0 255 255
55.000000 94.545448 16.363636 1.000000 0.000000 0.000000 0 0 255 255
55.000000 96.363632 14.545454 1.000000 0.000000 0.000000 0 0 255 255
55.000000 98.181816 12.727272 1.000000 0.000000 0.000000 0 0 255 255
55.000000 100.000000 10.909091 0.707107 0.707107 0.000000 0 0 255 255
55.000000 92.727264 16.363636 1.000000 0.000000 0.000000 0 0 255 255
55.000000 94.545448 14.545454 1.000000 0.000000 0.000000 0 0 255 255
55.000000 96.363632 12.727272 1.000000 0.000000 0.000000 0 0 255 255
55.000000 98.181816 10.909090 1.000000 0.000000 0.000000 0 0 255 255
55.000000 100.000000 9.090909 0.707107 0.707107 0.000000 0 0 255 255
55.000000 90.909088 16.363636 1.000000 0.000000 0.000000 0 0 255 255
55.000000 92.727272 14.545454 1.000000 0.000000 0.000000 0 0 255 255
55.000000 94.545456 12.727272 1.000000 0.000000 0.000000 0 0 255 255
55.000000 96.363640 10.909090 1.000000 0.000000 0.000000 0 0 255 255
55.000000 98.181824 9.090908 1.000000 0.000000 0.000000 0 0 255 255
55.000000 100.000000 7.272727 0.707107 0.707107 0.000000 0 0 255 255
55.000000 89.090912 16.363636 1.000000 0.000000 0.000000 0 0 255 255
55.000000 90.909096 14.545454 1.000000 0.000000 0.000000 0 0 255 255
55.000000 92.727280 12.727272 1.000000 0.000000 0.000000 0 0 255 255
55.000000 94.545456 10.909090 1.000000 0.000000 0.000000 0 0 255 255
55.000000 96.363640 9.090908 1.000000 0.000000 0.000000 0 0 255 255
55.000000 98.181824 7.272727 1.000000 0.000000 0.000000 0 0 255 255
55.000000 100.000000 5.454545 0.707107 0.707107 0.000000 0 0 255 255
55.000000 87.272728 16.363636 1.000000 0.000000 0.000000 0 0 255 255
55.000000 89.090912 14.545454 1.000000 0.000000 0.000000 0 0 255 255
55.000000 90.909096 12.727272 1.000000 0.000000 0.000000 0 0 255 255
55.000000 92.727280 10.909090 1.000000 0.000000 0.000000 0 0 255 255
55.000000 94.545456 9.090908 1.000000 0.000000 0.000000 0 0 255 255
55.000000 96.363640 7.272727 1.000000 0.000000 0.000000 0 0 255 255
55.000000 98.181824 5.454545 1.000000 0.000000 0.000000 0 0 255 255
55.000000 100.000000 3.636364 0.707107 0.707107 0.000000 0 0 255 255
55.000000 85.454544 16.363636 1.000000 0.000000 0.000000 0 0 255 255
55.000000 87.272728 14.545454 1.000000 0.000000 0.000000 0 0 255 255
55.000000 89.090912 12.727272 1.000000 0.000000 0.000000 0 0 255 255
55.000000 90.909096 10.909090 1.000000 0.000000 0.000000 0 0 255 255
55.000000 92.727280 9.090908 1.000000 0.000000 0.000000 0 0 255 255
55.000000 94.545456 7.272727 1.000000 0.000000 0.000000 0 0 255 255
55.000000 96.363640 5.454545 1.000000 0.000000 0.000000 0 0 255 255
55.000000 98.181824 3.636364 1.000000 0.000000 0.000000 0 0 255 255
55.000000 83.636360 16.363636 1.000000 0.000000 0.000000 0 0 255 255
55.000000 85.454544 14.545455 1.000000 0.000000 0.000000 0 0 255 255
55.000000 87.272720 12.727273 1.000000 0.000000 0.000000 0 0 255 255
55.000000 89.090897 10.909091 1.000000 0.000000 0.000000 0 0 255 255
55.000000 90.909081 9.090909 1.000000 0.000000 0.000000 0 0 255 255
55.000000 92.727264 7.272727 1.000000 0.000000 0.000000 0 0 255 255
55.000000 94.545448 5.454545 1.000000 0.000000 0.000000 0 0 255 255
55.000000 96.363632 3.636364 1.000000 0.000000 0.000000 0 0 255 255
55.000000 98.181816 1.818182 1.000000 0.000000 0.000000 0 0 255 255
55.000000 81.818176 16.363636 1.000000 0.000000 0.000000 0 0 255 255
55.000000 81.818184 14.545455 1.000000 0.000000 0.000000 0 0 255 255
55.000000 81.818176 12.727273 1.000000 0.000000 0.000000 0 0 255 255
55.000000 81.818176 10.909091 1.000000 0.000000 0.000000 0 0 255 255
55.000000 81.818176 9.090909 1.000000 0.000000 0.000000 0 0 255 255
55.000000 81.818184 7.272727 1.000000 0.000000 0.000000 0 0 255 255
55.000000 81.818184 5.454545 1.000000 0.000000 0.000000 0 0 255 255
55.000000 81.818184 3.636364 1.000000 0.000000 0.000000 0 0 255 255
55.000000 81.818184 1.818182 1.000000 0.000000 0.000000 0 0 255 255
55.000000 83.636368 14.545455 1.000000 0.000000 0.000000 0 0 255 255
55.000000 83.636360 12.727273 1.000000 0.000000 0.000000 0 0 255 255
55.000000 85.454544 12.727273 1.000000 0.000000 0.000000 0 0 255 255
55.000000 83.636353 10.909091 1.000000 0.000000 0.000000 0 0 255 255
55.000000 85.454536 10.909091 1.000000 0.000000 0.000000 0 0 255 255
55.000000 87.272720 10.909091 1.000000 0.000000 0.000000 0 0 255 255
55.000000 83.636360 9.090909 1.000000 0.000000 0.000000 0 0 255 255
55.000000 85.454544 9.090909 1.000000 0.000000 0.000000 0 0 255 255
55.000000 87.272720 9.090909 1.000000 0.000000 0.000000 0 0 255 255
55.000000 89.090897 9.090909 1.000000 0.000000 0.000000 0 0 255 255
55.000000 83.636368 7.272727 1.000000 0.000000 0.000000 0 0 255 255
55.000000 85.454544 7.272727 1.000000 0.000000 0.000000 0 0 255 255
55.000000 87.272720 7.272727 1.000000 0.000000 0.000000 0 0 255 255
55.000000 89.090904 7.272727 1.000000 0.000000 0.000000 0 0 255 255
55.000000 90.909088 7.272727 1.000000 0.000000 0.000000 0 0 255 255
55.000000 83.636368 5.454545 1.000000 0.000000 0.000000 0 0 255 255
55.000000 85.454544 5.454545 1.000000 0.000000 0.000000 0 0 255 255
55.000000 87.272728 5.454545 1.000000 0.000000 0.000000 0 0 255 255
55.000000 89.090912 5.454545 1.000000 0.000000 0.000000 0 0 255 255
55.000000 90.909088 5.454545 1.000000 0.000000 0.000000 0 0 255 255
55.000000 92.727264 5.454545 1.000000 0.000000 0.000000 0 0 255 255
55.000000 83.636368 3.636364 1.000000 0.000000 0.000000 0 0 255 255
55.000000 85.454552 3.636364 1.000000 0.000000 0.000000 0 0 255 255
55.000000 87.272736 3.636364 1.000000 0.000000 0.000000 0 0 255 255
55.000000 89.090912 3.636364 1.000000 0.000000 0.000000 0 0 255 255
55.000000 90.909088 3.636364 1.000000 0.000000 0.000000 0 0 255 255
55.000000 92.727272 3.636364 1.000000 0.000000 0.000000 0 0 255 255
55.000000 94.545456 3.636364 1.000000 0.000000 0.000000 0 0 255 255
55.000000 83.636368 1.818182 1.000000 0.000000 0.000000 0 0 255 255
55.000000 85.454552 1.818182 1.000000 0.000000 0.000000 0 0 255 255
55.000000 87.272736 1.818182 1.000000 0.000000 0.000000 0 0 255 255
55.000000 89.090912 1.818182 1.000000 0.000000 0.000000 0 0 255 255
55.000000 90.909096 1.818182 1.000000 0.000000 0.000000 0 0 255 255
55.000000 92.727280 1.818182 1.000000 0.000000 0.000000 0 0 255 255
55.000000 94.545456 1.818182 1.000000 0.000000 0.000000 0 0 255 255
55.000000 96.363632 1.818182 1.000000 0.000000 0.000000 0 0 255 255
-35.000000 100.000000 18.181818 -0.707107 0.707107 0.000000 0 0 255 255
-26.818182 100.000000 18.181818 0.000000 1.000000 0.000000 0 0 255 255
-18.636364 100.000000 18.181818 0.000000 1.000000 0.000000 0 0 255 255
-10.454545 100.000000 18.181818 0.000000 1.000000 0.000000 0 0 255 255
-2.272727 100.000000 18.181818 0.000000 1.000000 0.000000 0 0 255 255
5.909091 100.000000 18.181818 0.000000 1.000000 0.000000 0 0 255 255
14.090909 100.000000 18.181818 0.000000 1.000000 0.000000 0 0 255 255
22.272728 100.000000 18.181818 0.000000 1.000000 0.000000 0 0 255 255
30.454544 100.000000 18.181818 0.000000 1.000000 0.000000 0 0 255 255
38.636364 100.000000 18.181818 0.000000 1.000000 0.000000 0 0 255 255
-35.000000 100.000000 16.363636 -0.707107 0.707107 0.000000 0 0 255 255
-26.818182 100.000000 16.363636 0.000000 1.000000 0.000000 0 0 255 255
-35.000000 100.000000 14.545455 -0.707107 0.707107 0.000000 0 0 255 255
-18.636364 100.000000 16.363636 0.000000 1.000000 0.000000 0 0 255 255
-26.818182 100.000000 14.545454 0.000000 1.000000 0.000000 0 0 255 255
-35.000000 100.000000 12.727273 -0.707107 0.707107 0.000000 0 0 255 255
-10.454545 100.000000 16.363636 0.000000 1.000000 0.000000 0 0 255 255
-18.636364 100.000000 14.545454 0.000000 1.000000 0.000000 0 0 255 255
-26.818182 100.000000 12.727272 0.000000 1.000000 0.000000 0 0 255 255
-35.000000 100.000000 10.909091 -0.707107 0.707107 0.000000 0 0 255 255
-2.272728 100.000000 16.363636 0.000000 1.000000 0.000000 0 0 255 255
-10.454546 100.000000 14.545454 0.000000 1.000000 0.000000 0 0 255 255
-18.636364 100.000000 12.727272 0.000000 1.000000 0.000000 0 0 255 255
-26.818182 100.000000 10.909090 0.000000 1.000000 0.000000 0 0 255 255
-35.000000 100.000000 9.090909 -0.707107 0.707107 0.000000 0 0 255 255
5.909091 100.000000 16.363636 0.000000 1.000000 0.000000 0 0 255 255
-2.272728 100.000000 14.545454 0.000000 1.000000 0.000000 0 0 255 255
-10.454546 100.000000 12.727272 0.000000 1.000000 0.000000 0 0 255 255
-18.636364 100.000000 10.909090 0.000000 1.000000 0.000000 0 0 255 255
-26.818182 100.000000 9.090908 0.000000 1.000000 0.000000 0 0 255 255
-35.000000 100.000000 7.272727 -0.707107 0.707107 0.000000 0 0 255 255
14.090909 100.000000 16.363636 0.000000 1.000000 0.000000 0 0 255 255
5.909091 100.000000 14.545454 0.000000 1.000000 0.000000 0 0 255 255
-2.272728 100.000000 12.727272 0.000000 1.000000 0.000000 0 0 255 255
-10.454546 100.000000 10.909090 0.000000 1.000000 0.000000 0 0 255 255
-18.636364 100.000000 9.090908 0.000000 1.000000 0.000000 0 0 255 255
-26.818182 100.000000 7.272727 0.000000 1.000000 0.000000 0 0 255 255
-35.000000 100.000000 5.454545 -0.707107 0.707107 0.000000 0 0 255 255
22.272726 100.000000 16.363636 0.000000 1.000000 0.000000 0 0 255 255
14.090907 100.000000 14.545454 0.000000 1.000000 0.000000 0 0 255 255
5.909089 100.000000 12.727272 0.000000 1.000000 0.000000 0 0 255 255
-2.272729 100.000000 10.909090 0.000000 1.000000 0.000000 0 0 255 255
-10.454547 100.000000 9.090908 0.000000 1.000000 0.000000 0 0 255 255
-18.636364 100.000000 7.272727 0.000000 1.000000 0.000000 0 0 255 255
-26.818182 100.000000 5.454545 0.000000 1.000000 0.000000 0 0 255 255
-35.000000 100.000000 3.636364 -0.707107 0.707107 0.000000 0 0 255 255
30.454544 100.000000 16.363636 0.000000 1.000000 0.000000 0 0 255 255
22.272726 100.000000 14.545454 0.000000 1.000000 0.000000 0 0 255 255
14.090907 100.000000 12.727272 0.000000 1.000000 0.000000 0 0 255 255
5.909089 100.000000 10.909090 0.000000 1.000000 0.000000 0 0 255 255
-2.272729 100.000000 9.090908 0.000000 1.000000 0.000000 0 0 255 255
-10.454547 100.000000 7.272727 0.000000 1.000000 0.000000 0 0 255 255
-18.636364 100.000000 5.454545 0.000000 1.000000 0.000000 0 0 255 255
-26.818182 100.000000 3.636364 0.000000 1.000000 0.000000 0 0 255 255
38.636364 100.000000 16.363636 0.000000 1.000000 0.000000 0 0 255 255
30.454546 100.000000 14.545455 0.000000 1.000000 0.000000 0 0 255 255
22.272728 100.000000 12.727273 0.000000 1.000000 0.000000 0 0 255 255
14.090910 100.000000 10.909091 0.000000 1.000000 0.000000 0 0 255 255
5.909092 100.000000 9.090909 0.000000 1.000000 0.000000 0 0 255 255
-2.272727 100.000000 7.272727 0.000000 1.000000 0.000000 0 0 255 255
-10.454545 100.000000 5.454545 0.000000 1.000000 0.000000 0 0 255 255
-18.636364 100.000000 3.636364 0.000000 1.000000 0.000000 0 0 255 255
-26.818182 100.000000 1.818182 0.000000 1.000000 0.000000 0 0 255 255
46.818184 100.000000 16.363636 0.000000 1.000000 0.000000 0 0 255 255
46.818184 100.000000 14.545455 0.000000 1.000000 0.000000 0 0 255 255
46.818184 100.000000 12.727273 0.000000 1.000000 0.000000 0 0 255 255
46.818184 100.000000 10.909091 0.000000 1.000000 0.000000 0 0 255 255
46.818184 100.000000 9.090909 0.000000 1.000000 0.000000 0 0 255 255
46.818180 100.000000 7.272727 0.000000 1.000000 0.000000 0 0 255 255
46.818184 100.000000 5.454545 0.000000 1.000000 0.000000 0 0 255 255
46.818180 100.000000 3.636364 0.000000 1.000000 0.000000 0 0 255 255
46.818180 100.000000 1.818182 0.000000 1.000000 0.000000 0 0 255 255
38.636364 100.000000 14.545455 0.000000 1.000000 0.000000 0 0 255 255
38.636364 100.000000 12.727273 0.000000 1.000000 0.000000 0 0 255 255
30.454546 100.000000 12.727273 0.000000 1.000000 0.000000 0 0 255 255
38.636368 100.000000 10.909091 0.000000 1.000000 0.000000 0 0 255 255
30.454548 100.000000 10.909091 0.000000 1.000000 0.000000 0 0 255 255
22.272728 100.000000 10.909091 0.000000 1.000000 0.000000 0 0 255 255
38.636364 100.000000 9.090909 0.000000 1.000000 0.000000 0 0 255 255
30.454546 100.000000 9.090909 0.000000 1.000000 0.000000 0 0 255 255
22.272728 100.000000 9.090909 0.000000 1.000000 0.000000 0 0 255 255
14.090910 100.000000 9.090909 0.000000 1.000000 0.000000 0 0 255 255
38.636360 100.000000 7.272727 0.000000 1.000000 0.000000 0 0 255 255
30.454542 100.000000 7.272727 0.000000 1.000000 0.000000 0 0 255 255
22.272724 100.000000 7.272727 0.000000 1.000000 0.000000 0 0 255 255
14.090906 100.000000 7.272727 0.000000 1.000000 0.000000 0 0 255 255
5.909090 100.000000 7.272727 0.000000 1.000000 0.000000 0 0 255 255
38.636364 100.000000 5.454545 0.000000 1.000000 0.000000 0 0 255 255
30.454546 100.000000 5.454545 0.000000 1.000000 0.000000 0 0 255 255
22.272728 100.000000 5.454545 0.000000 1.000000 0.000000 0 0 255 255
14.090910 100.000000 5.454545 0.000000 1.000000 0.000000 0 0 255 255
5.909091 100.000000 5.454545 0.000000 1.000000 0.000000 0 0 255 255
-2.272727 100.000000 5.454545 0.000000 1.000000 0.000000 0 0 255 255
38.636360 100.000000 3.636364 0.000000 1.000000 0.000000 0 0 255 255
30.454542 100.000000 3.636364 0.000000 1.000000 0.000000 0 0 255 255
22.272724 100.000000 3.636364 0.000000 1.000000 0.000000 0 0 255 255
14.090906 100.000000 3.636364 0.000000 1.000000 0.000000 0 0 255 255
5.909088 100.000000 3.636364 0.000000 1.000000 0.000000 0 0 255 255
-2.272730 100.000000 3.636364 0.000000 1.000000 0.000000 0 0 255 255
-10.454547 100.000000 3.636364 0.000000 1.000000 0.000000 0 0 255 255
38.636360 100.000000 1.818182 0.000000 1.000000 0.000000 0 0 255 255
30.454542 100.000000 1.818182 0.000000 1.000000 0.000000 0 0 255 255
22.272724 100.000000 1.818182 0.000000 1.000000 0.000000 0 0 255 255
14.090906 100.000000 1.818182 0.000000 1.000000 0.000000 0 0 255 255
5.909088 100.000000 1.818182 0.000000 1.000000 0.000000 0 0 255 255
-2.272730 100.000000 1.818182 0.000000 1.000000 0.000000 0 0 255 255
-10.454548 100.000000 1.818182 0.000000 1.000000 0.000000 0 0 255 255
-18.636364 100.000000 1.818182 0.000000 1.000000 0.000000 0 0 255 255
-35.000000 80.000000 18.181818 -0.707107 -0.707107 0.000000 0 0 255 255
-35.000000 81.818184 18.181818 -1.000000 0.000000 0.000000 0 0 255 255
-35.000000 83.636368 18.181818 -1.000000 0.000000 0.000000 0 0 255 255
-35.000000 85.454552 18.181818 -1.000000 0.000000 0.000000 0 0 255 255
-35.000000 87.272736 18.181818 -1.000000 0.000000 0.000000 0 0 255 255
-35.000000 89.090919 18.181818 -1.000000 0.000000 0.000000 0 0 255 255
-35.000000 90.909096 18.181818 -1.000000 0.000000 0.000000 0 0 255 255
-35.000000 92.727272 18.181818 -1.000000 0.000000 0.000000 0 0 255 255
-35.000000 94.545456 18.181818 -1.000000 0.000000 0.000000 0 0 255 255
-35.000000 96.363640 18.181818 -1.000000 0.000000 0.000000 0 0 255 255
-35.000000 80.000000 16.363636 -0.707107 -0.707107 0.000000 0 0 255 255
-35.000000 81.818184 16.363636 -1.000000 0.000000 0.000000 0 0 255 255
-35.000000 80.000000 14.545455 -0.707107 -0.707107 0.000000 0 0 255 255
-35.000000 83.636368 16.363636 -1.000000 0.000000 0.000000 0 0 255 255
-35.000000 81.818184 14.545454 -1.000000 0.000000 0.000000 0 0 255 255
-35.000000 80.000000 12.727273 -0.707107 -0.707107 0.000000 0 0 255 255
-35.000000 85.454552 16.363636 -1.000000 0.000000 0.000000 0 0 255 255
-35.000000 83.636368 14.545454 -1.000000 0.000000 0.000000 0 0 255 255
-35.000000 81.818184 12.727272 -1.000000 0.000000 0.000000 0 0 255 255
-35.000000 80.000000 10.909091 -0.707107 -0.707107 0.000000 0 0 255 255
-35.000000 87.272736 16.363636 -1.000000 0.000000 0.000000 0 0 255 255
-35.000000 85.454552 14.545454 -1.000000 0.000000 0.000000 0 0 255 255
-35.000000 83.636368 12.727272 -1.000000 0.000000 0.000000 0 0 255 255
-35.000000 81.818184 10.909090 -1.000000 0.000000 0.000000 0 0 255 255
-35.000000 80.000000 9.090909 -0.707107 -0.707107 0.000000 0 0 255 255
-35.000000 89.090912 16.363636 -1.000000 0.000000 0.000000 0 0 255 255
-35.000000 87.272728 14.545454 -1.000000 0.000000 0.000000 0 0 255 255
-35.000000 85.454544 12.727272 -1.000000 0.000000 0.000000 0 0 255 255
-35.000000 83.636360 10.909090 -1.000000 0.000000 0.000000 0 0 255 255
-35.000000 81.818176 9.090908 -1.000000 0.000000 0.000000 0 0 255 255
-35.000000 80.000000 7.272727 -0.707107 -0.707107 0.000000 0 0 255 255
-35.000000 90.909088 16.363636 -1.000000 0.000000 0.000000 0 0 255 255
-35.000000 89.090904 14.545454 -1.000000 0.000000 0.000000 0 0 255 255
-35.000000 87.272720 12.727272 -1.000000 0.000000 0.000000 0 0 255 255
-35.000000 85.454544 10.909090 -1.000000 0.000000 0.000000 0 0 255 255
-35.000000 83.636360 9.090908 -1.000000 0.000000 0.000000 0 0 255 255
-35.000000 81.818176 7.272727 -1.000000 0.000000 0.000000 0 0 255 255
-35.000000 80.000000 5.454545 -0.707107 -0.707107 0.000000 0 0 255 255
-35.000000 92.727272 16.363636 -1.000000 0.000000 0.000000 0 0 255 255
-35.000000 90.909088 14.545454 -1.000000 0.000000 0.000000 0 0 255 255
-35.000000 89.090904 12.727272 -1.000000 0.000000 0.000000 0 0 255 255
-35.000000 87.272720 10.909090 -1.000000 0.000000 0.000000 0 0 255 255
-35.000000 85.454544 9.090908 -1.000000 0.000000 0.000000 0 0 255 255
-35.000000 83.636360 7.272727 -1.000000 0.000000 0.000000 0 0 255 255
-35.000000 81.818176 5.454545 -1.000000 0.000000 0.000000 0 0 255 255
-35.000000 80.000000 3.636364 -0.707107 -0.707107 0.000000 0 0 255 255
-35.000000 94.545456 16.363636 -1.000000 0.000000 0.000000 0 0 255 255
-35.000000 92.727272 14.545454 -1.000000 0.000000 0.000000 0 0 255 255
-35.000000 90.909088 12.727272 -1.000000 0.000000 0.000000 0 0 255 255
-35.000000 89.090904 10.909090 -1.000000 0.000000 0.000000 0 0 255 255
-35.000000 87.272720 9.090908 -1.000000 0.000000 0.000000 0 0 255 255
-35.000000 85.454544 7.272727 -1.000000 0.000000 0.000000 0 0 255 255
-35.000000 83.636360 5.454545 -1.000000 0.000000 0.000000 0 0 255 255
-35.000000 81.818176 3.636364 -1.000000 0.000000 0.000000 0 0 255 255
-35.000000 96.363640 16.363636 -1.000000 0.000000 0.000000 0 0 255 255
-35.000000 94.545456 14.545455 -1.000000 0.000000 0.000000 0 0 255 255
-35.000000 92.727280 12.727273 -1.000000 0.000000 0.000000 0 0 255 255
-35.000000 90.909103 10.909091 -1.000000 0.000000 0.000000 0 0 255 255
-35.000000 89.090919 9.090909 -1.000000 0.000000 0.000000 0 0 255 255
-35.000000 87.272736 7.272727 -1.000000 0.000000 0.000000 0 0 255 255
-35.000000 85.454552 5.454545 -1.000000 0.000000 0.000000 0 0 255 255
-35.000000 83.636368 3.636364 -1.000000 0.000000 0.000000 0 0 255 255
-35.000000 81.818184 1.818182 -1.000000 0.000000 0.000000 0 0 255 255
-35.000000 98.181824 16.363636 -1.000000 0.000000 0.000000 0 0 255 255
-35.000000 98.181816 14.545455 -1.000000 0.000000 0.000000 0 0 255 255
-35.000000 98.181824 12.727273 -1.000000 0.000000 0.000000 0 0 255 255
-35.000000 98.181824 10.909091 -1.000000 0.000000 0.000000 0 0 255 255
-35.000000 98.181824 9.090909 -1.000000 0.000000 0.000000 0 0 255 255
-35.000000 98.181816 7.272727 -1.000000 0.000000 0.000000 0 0 255 255
-35.000000 98.181816 5.454545 -1.000000 0.000000 0.000000 0 0 255 255
-35.000000 98.181816 3.636364 -1.000000 0.000000 0.000000 0 0 255 255
-35.000000 98.181816 1.818182 -1.000000 0.000000 0.000000 0 0 255 255
-35.000000 96.363632 14.545455 -1.000000 0.000000 0.000000 0 0 255 255
-35.000000 96.363640 12.727273 -1.000000 0.000000 0.000000 0 0 255 255
-35.000000 94.545456 12.727273 -1.000000 0.000000 0.000000 0 0 255 255
-35.000000 96.363647 10.909091 -1.000000 0.000000 0.000000 0 0 255 255
-35.000000 94.545464 10.909091 -1.000000 0.000000 0.000000 0 0 255 255
-35.000000 92.727280 10.909091 -1.000000 0.000000 0.000000 0 0 255 255
-35.000000 96.363640 9.090909 -1.000000 0.000000 0.000000 0 0 255 255
-35.000000 94.545456 9.090909 -1.000000 0.000000 0.000000 0 0 255 255
-35.000000 92.727280 9.090909 -1.000000 0.000000 0.000000 0 0 255 255
-35.000000 90.909103 9.090909 -1.000000 0.000000 0.000000 0 0 255 255
-35.000000 96.363632 7.272727 -1.000000 0.000000 0.000000 0 0 255 255
-35.000000 94.545456 7.272727 -1.000000 0.000000 0.000000 0 0 255 255
-35.000000 92.727280 7.272727 -1.000000 0.000000 0.000000 0 0 255 255
-35.000000 90.909096 7.272727 -1.000000 0.000000 0.000000 0 0 255 255
-35.000000 89.090912 7.272727 -1.000000 0.000000 0.000000 0 0 255 255
-35.000000 96.363632 5.454545 -1.000000 0.000000 0.000000 0 0 255 255
-35.000000 94.545456 5.454545 -1.000000 0.000000 0.000000 0 0 255 255
-35.000000 92.727272 5.454545 -1.000000 0.000000 0.000000 0 0 255 255
-35.000000 90.909088 5.454545 -1.000000 0.000000 0.000000 0 0 255 255
-35.000000 89.090912 5.454545 -1.000000 0.000000 0.000000 0 0 255 255
-35.000000 87.272736 5.454545 -1.000000 0.000000 0.000000 0 0 255 255
-35.000000 96.363632 3.636364 -1.000000 0.000000 0.000000 0 0 255 255
-35.000000 94.545448 3.636364 -1.000000 0.000000 0.000000 0 0 255 255
-35.000000 92.727264 3.636364 -1.000000 0.000000 0.000000 0 0 255 255
-35.000000 90.909088 3.636364 -1.000000 0.000000 0.000000 0 0 255 255
-35.000000 89.090912 3.636364 -1.000000 0.000000 0.000000 0 0 255 255
-35.000000 87.272728 3.636364 -1.000000 0.000000 0.000000 0 0 255 255
-35.000000 85.454544 3.636364 -1.000000 0.000000 0.000000 0 0 255 255
-35.000000 96.363632 1.818182 -1.000000 0.000000 0.000000 0 0 255 255
-35.000000 94.545448 1.818182 -1.000000 0.000000 0.000000 0 0 255 255
-35.000000 92.727264 1.818182 -1.000000 0.000000 0.000000 0 0 255 255
-35.000000 90.909088 1.818182 -1.000000 0.000000 0.000000 0 0 255 255
-35.000000 89.090904 1.818182 -1.000000 0.000000 0.000000 0 0 255 255
-35.000000 87.272720 1.818182 -1.000000 0.000000 0.000000 0 0 255 255
-35.000000 85.454544 1.818182 -1.000000 0.000000 0.000000 0 0 255 255
-35.000000 83.636368 1.818182 -1.000000 0.000000 0.000000 0 0 255 255
0.000000 80.000000 18.181818 -0.707107 -0.707107 0.000000 0 0 255 255
-3.181818 80.000000 18.181818 0.000000 -1.000000 0.000000 0 0 255 255
-6.363636 80.000000 18.181818 0.000000 -1.000000 0.000000 0 0 255 255
-9.545455 80.000000 18.181818 0.000000 -1.000000 0.000000 0 0 255 255
-12.727274 80.000000 18.181818 0.000000 -1.000000 0.000000 0 0 255 255
-15.909092 80.000000 18.181818 0.000000 -1.000000 0.000000 0 0 255 255
-19.090910 80.000000 18.181818 0.000000 -1.000000 0.000000 0 0 255 255
-22.272728 80.000000 18.181818 0.000000 -1.000000 0.000000 0 0 255 255
-25.454546 80.000000 18.181818 0.000000 -1.000000 0.000000 0 0 255 255
-28.636364 80.000000 18.181818 0.000000 -1.000000 0.000000 0 0 255 255
0.000000 80.000000 16.363636 -0.707107 -0.707107 0.000000 0 0 255 255
-3.181818 80.000000 16.363636 0.000000 -1.000000 0.000000 0 0 255 255
0.000000 80.000000 14.545455 -0.707107 -0.707107 0.000000 0 0 255 255
-6.363636 80.000000 16.363636 0.000000 -1.000000 0.000000 0 0 255 255
-3.181818 80.000000 14.545454 0.000000 -1.000000 0.000000 0 0 255 255
0.000000 80.000000 12.727273 -0.707107 -0.707107 0.000000 0 0 255 255
-9.545456 80.000000 16.363636 0.000000 -1.000000 0.000000 0 0 255 255
-6.363637 80.000000 14.545454 0.000000 -1.000000 0.000000 0 0 255 255
-3.181818 80.000000 12.727272 0.000000 -1.000000 0.000000 0 0 255 255
0.000000 80.000000 10.909091 -0.707107 -0.707107 0.000000 0 0 255 255
-12.727274 80.000000 16.363636 0.000000 -1.000000 0.000000 0 0 255 255
-9.545456 80.000000 14.545454 0.000000 -1.000000 0.000000 0 0 255 255
-6.363637 80.000000 12.727272 0.000000 -1.000000 0.000000 0 0 255 255
-3.181818 80.000000 10.909090 0.000000 -1.000000 0.000000 0 0 255 255
0.000000 80.000000 9.090909 -0.707107 -0.707107 0.000000 0 0 255 255
-15.909092 80.000000 16.363636 0.000000 -1.000000 0.000000 0 0 255 255
-12.727274 80.000000 14.545454 0.000000 -1.000000 0.000000 0 0 255 255
-9.545456 80.000000 12.727272 0.000000 -1.000000 0.000000 0 0 255 255
-6.363637 80.000000 10.909090 0.000000 -1.000000 0.000000 0 0 255 255
-3.181818 80.000000 9.090908 0.000000 -1.000000 0.000000 0 0 255 255
0.000000 80.000000 7.272727 -0.707107 -0.707107 0.000000 0 0 255 255
-19.090910 80.000000 16.363636 0.000000 -1.000000 0.000000 0 0 255 255
-15.909092 80.000000 14.545454 0.000000 -1.000000 0.000000 0 0 255 255
-12.727274 80.000000 12.727272 0.000000 -1.000000 0.000000 0 0 255 255
-9.545456 80.000000 10.909090 0.000000 -1.000000 0.000000 0 0 255 255
-6.363637 80.000000 9.090908 0.000000 -1.000000 0.000000 0 0 255 255
-3.181818 80.000000 7.272727 0.000000 -1.000000 0.000000 0 0 255 255
0.000000 80.000000 5.454545 -0.707107 -0.707107 0.000000 0 0 255 255
-22.272728 80.000000 16.363636 0.000000 -1.000000 0.000000 0 0 255 255
-19.090910 80.000000 14.545454 0.000000 -1.000000 0.000000 0 0 255 255
-15.909092 80.000000 12.727272 0.000000 -1.000000 0.000000 0 0 255 255
-12.727274 80.000000 10.909090 0.000000 -1.000000 0.000000 0 0 255 255
-9.545456 80.000000 9.090908 0.000000 -1.000000 0.000000 0 0 255 255
-6.363637 80.000000 7.272727 0.000000 -1.000000 0.000000 0 0 255 255
-3.181818 80.000000 5.454545 0.000000 -1.000000 0.000000 0 0 255 255
0.000000 80.000000 3.636364 -0.707107 -0.707107 0.000000 0 0 255 255
-25.454546 80.000000 16.363636 0.000000 -1.000000 0.000000 0 0 255 255
-22.272728 80.000000 14.545454 0.000000 -1.000000 0.000000 0 0 255 255
-19.090910 80.000000 12.727272 0.000000 -1.000000 0.000000 0 0 255 255
-15.909092 80.000000 10.909090 0.000000 -1.000000 0.000000 0 0 255 255
-12.727274 80.000000 9.090908 0.000000 -1.000000 0.000000 0 0 255 255
-9.545456 80.000000 7.272727 0.000000 -1.000000 0.000000 0 0 255 255
-6.363637 80.000000 5.454545 0.000000 -1.000000 0.000000 0 0 255 255
-3.181818 80.000000 3.636364 0.000000 -1.000000 0.000000 0 0 255 255
-28.636364 80.000000 16.363636 0.000000 -1.000000 0.000000 0 0 255 255
-25.454546 80.000000 14.545455 0.000000 -1.000000 0.000000 0 0 255 255
-22.272728 80.000000 12.727273 0.000000 -1.000000 0.000000 0 0 255 255
-19.090910 80.000000 10.909091 0.000000 -1.000000 0.000000 0 0 255 255
-15.909092 80.000000 9.090909 0.000000 -1.000000 0.000000 0 0 255 255
-12.727273 80.000000 7.272727 0.000000 -1.000000 0.000000 0 0 255 255
-9.545455 80.000000 5.454545 0.000000 -1.000000 0.000000 0 0 255 255
-6.363636 80.000000 3.636364 0.000000 -1.000000 0.000000 0 0 255 255
-3.181818 80.000000 1.818182 0.000000 -1.000000 0.000000 0 0 255 255
-31.818182 80.000000 16.363636 0.000000 -1.000000 0.000000 0 0 255 255
-31.818182 80.000000 14.545455 0.000000 -1.000000 0.000000 0 0 255 255
-31.818182 80.000000 12.727273 0.000000 -1.000000 0.000000 0 0 255 255
-31.818182 80.000000 10.909091 0.000000 -1.000000 0.000000 0 0 255 255
-31.818182 80.000000 9.090909 0.000000 -1.000000 0.000000 0 0 255 255
-31.818182 80.000000 7.272727 0.000000 -1.000000 0.000000 0 0 255 255
-31.818182 80.000000 5.454545 0.000000 -1.000000 0.000000 0 0 255 255
-31.818182 80.000000 3.636364 0.000000 -1.000000 0.000000 0 0 255 255
-31.818182 80.000000 1.818182 0.000000 -1.000000 0.000000 0 0 255 255
-28.636364 80.000000 14.545455 0.000000 -1.000000 0.000000 0 0 255 255
-28.636364 80.000000 12.727273 0.000000 -1.000000 0.000000 0 0 255 255
-25.454546 80.000000 12.727273 0.000000 -1.000000 0.000000 0 0 255 255
-28.636364 80.000000 10.909091 0.000000 -1.000000 0.000000 0 0 255 255
-25.454546 80.000000 10.909091 0.000000 -1.000000 0.000000 0 0 255 255
-22.272728 80.000000 10.909091 0.000000 -1.000000 0.000000 0 0 255 255
-28.636364 80.000000 9.090909 0.000000 -1.000000 0.000000 0 0 255 255
-25.454546 80.000000 9.090909 0.000000 -1.000000 0.000000 0 0 255 255
-22.272728 80.000000 9.090909 0.000000 -1.000000 0.000000 0 0 255 255
-19.090910 80.000000 9.090909 0.000000 -1.000000 0.000000 0 0 255 255
-28.636364 80.000000 7.272727 0.000000 -1.000000 0.000000 0 0 255 255
-25.454546 80.000000 7.272727 0.000000 -1.000000 0.000000 0 0 255 255
-22.272728 80.000000 7.272727 0.000000 -1.000000 0.000000 0 0 255 255
-19.090910 80.000000 7.272727 0.000000 -1.000000 0.000000 0 0 255 255
-15.909092 80.000000 7.272727 0.000000 -1.000000 0.000000 0 0 255 255
-28.636364 80.000000 5.454545 0.000000 -1.000000 0.000000 0 0 255 255
-25.454546 80.000000 5.454545 0.000000 -1.000000 0.000000 0 0 255 255
-22.272728 80.000000 5.454545 0.000000 -1.000000 0.000000 0 0 255 255
-19.090910 80.000000 5.454545 0.000000 -1.000000 0.000000 0 0 255 255
-15.909092 80.000000 5.454545 0.000000 -1.000000 0.000000 0 0 255 255
-12.727274 80.000000 5.454545 0.000000 -1.000000 0.000000 0 0 255 255
-28.636364 80.000000 3.636364 0.000000 -1.000000 0.000000 0 0 255 255
-25.454546 80.000000 3.636364 0.000000 -1.000000 0.000000 0 0 255 255
-22.272728 80.000000 3.636364 0.000000 -1.000000 0.000000 0 0 255 255
-19.090910 80.000000 3.636364 0.000000 -1.000000 0.000000 0 0 255 255
-15.909092 80.000000 3.636364 0.000000 -1.000000 0.000000 0 0 255 255
-12.727273 80.000000 3.636364 0.000000 -1.000000 0.000000 0 0 255 255
-9.545455 80.000000 3.636364 0.000000 -1.000000 0.000000 0 0 255 255
-28.636364 80.000000 1.818182 0.000000 -1.000000 0.000000 0 0 255 255
-25.454546 80.000000 1.818182 0.000000 -1.000000 0.000000 0 0 255 255
-22.272728 80.000000 1.818182 0.000000 -1.000000 0.000000 0 0 255 255
-19.090910 80.000000 1.818182 0.000000 -1.000000 0.000000 0 0 255 255
-15.909092 80.000000 1.818182 0.000000 -1.000000 0.000000 0 0 255 255
-12.727274 80.000000 1.818182 0.000000 -1.000000 0.000000 0 0 255 255
-9.545455 80.000000 1.818182 0.000000 -1.000000 0.000000 0 0 255 255
-6.363636 80.000000 1.818182 0.000000 -1.000000 0.000000 0 0 255 255
0.000000 7.272727 18.181818 -1.000000 0.000000 0.000000 0 0 255 255
0.000000 14.545453 18.181818 -1.000000 0.000000 0.000000 0 0 255 255
0.000000 21.818180 18.181818 -1.000000 0.000000 0.000000 0 0 255 255
0.000000 29.090906 18.181818 -1.000000 0.000000 0.000000 0 0 255 255
0.000000 36.363632 18.181818 -1.000000 0.000000 0.000000 0 0 255 255
0.000000 43.636360 18.181818 -1.000000 0.000000 0.000000 0 0 255 255
0.000000 50.909088 18.181818 -1.000000 0.000000 0.000000 0 0 255 255
0.000000 58.181816 18.181818 -1.000000 0.000000 0.000000 0 0 255 255
0.000000 65.454544 18.181818 -1.000000 0.000000 0.000000 0 0 255 255
0.000000 7.272727 16.363636 -1.000000 0.000000 0.000000 0 0 255 255
0.000000 14.545453 16.363636 -1.000000 0.000000 0.000000 0 0 255 255
0.000000 7.272727 14.545454 -1.000000 0.000000 0.000000 0 0 255 255
0.000000 21.818180 16.363636 -1.000000 0.000000 0.000000 0 0 255 255
0.000000 14.545453 14.545454 -1.000000 0.000000 0.000000 0 0 255 255
0.000000 7.272727 12.727272 -1.000000 0.000000 0.000000 0 0 255 255
0.000000 29.090906 16.363636 -1.000000 0.000000 0.000000 0 0 255 255
0.000000 21.818180 14.545454 -1.000000 0.000000 0.000000 0 0 255 255
0.000000 14.545453 12.727272 -1.000000 0.000000 0.000000 0 0 255 255
0.000000 7.272727 10.909090 -1.000000 0.000000 0.000000 0 0 255 255
0.000000 36.363632 16.363636 -1.000000 0.000000 0.000000 0 0 255 255
0.000000 29.090906 14.545454 -1.000000 0.000000 0.000000 0 0 255 255
0.000000 21.818180 12.727272 -1.000000 0.000000 0.000000 0 0 255 255
0.000000 14.545453 10.909090 -1.000000 0.000000 0.000000 0 0 255 255
0.000000 7.272727 9.090908 -1.000000 0.000000 0.000000 0 0 255 255
0.000000 43.636360 16.363636 -1.000000 0.000000 0.000000 0 0 255 255
0.000000 36.363632 14.545454 -1.000000 0.000000 0.000000 0 0 255 255
0.000000 29.090906 12.727272 -1.000000 0.000000 0.000000 0 0 255 255
0.000000 21.818180 10.909090 -1.000000 0.000000 0.000000 0 0 255 255
0.000000 14.545453 9.090908 -1.000000 0.000000 0.000000 0 0 255 255
0.000000 7.272727 7.272727 -1.000000 0.000000 0.000000 0 0 255 255
0.000000 50.909088 16.363636 -1.000000 0.000000 0.000000 0 0 255 255
0.000000 43.636360 14.545454 -1.000000 0.000000 0.000000 0 0 255 255
0.000000 36.363632 12.727272 -1.000000 0.000000 0.000000 0 0 255 255
0.000000 29.090906 10.909090 -1.000000 0.000000 0.000000 0 0 255 255
0.000000 21.818180 9.090908 -1.000000 0.000000 0.000000 0 0 255 255
0.000000 14.545453 7.272727 -1.000000 0.000000 0.000000 0 0 255 255
0.000000 7.272727 5.454545 -1.000000 0.000000 0.000000 0 0 255 255
0.000000 58.181816 16.363636 -1.000000 0.000000 0.000000 0 0 255 255
0.000000 50.909088 14.545454 -1.000000 0.000000 0.000000 0 0 255 255
0.000000 43.636360 12.727272 -1.000000 0.000000 0.000000 0 0 255 255
0.000000 36.363632 10.909090 -1.000000 0.000000 0.000000 0 0 255 255
0.000000 29.090906 9.090908 -1.000000 0.000000 0.000000 0 0 255 255
0.000000 21.818180 7.272727 -1.000000 0.000000 0.000000 0 0 255 255
0.000000 14.545453 5.454545 -1.000000 0.000000 0.000000 0 0 255 255
0.000000 7.272727 3.636364 -1.000000 0.000000 0.000000 0 0 255 255
0.000000 65.454544 16.363636 -1.000000 0.000000 0.000000 0 0 255 255
0.000000 58.181820 14.545455 -1.000000 0.000000 0.000000 0 0 255 255
0.000000 50.909092 12.727273 -1.000000 0.000000 0.000000 0 0 255 255
0.000000 43.636364 10.909091 -1.000000 0.000000 0.000000 0 0 255 255
0.000000 36.363636 9.090909 -1.000000 0.000000 0.000000 0 0 255 255
0.000000 29.090908 7.272727 -1.000000 0.000000 0.000000 0 0 255 255
0.000000 21.818182 5.454545 -1.000000 0.000000 0.000000 0 0 255 255
0.000000 14.545455 3.636364 -1.000000 0.000000 0.000000 0 0 255 255
0.000000 7.272727 1.818182 -1.000000 0.000000 0.000000 0 0 255 255
0.000000 72.727272 16.363636 -1.000000 0.000000 0.000000 0 0 255 255
0.000000 72.727272 14.545455 -1.000000 0.000000 0.000000 0 0 255 255
0.000000 72.727272 12.727273 -1.000000 0.000000 0.000000 0 0 255 255
0.000000 72.727272 10.909091 -1.000000 0.000000 0.000000 0 0 255 255
0.000000 72.727272 9.090909 -1.000000 0.000000 0.000000 0 0 255 255
0.000000 72.727272 7.272727 -1.000000 0.000000 0.000000 0 0 255 255
0.000000 72.727272 5.454545 -1.000000 0.000000 0.000000 0 0 255 255
0.000000 72.727272 3.636364 -1.000000 0.000000 0.000000 0 0 255 255
0.000000 72.727272 1.818182 -1.000000 0.000000 0.000000 0 0 255 255
0.000000 65.454544 14.545455 -1.000000 0.000000 0.000000 0 0 255 255
0.000000 65.454544 12.727273 -1.000000 0.000000 0.000000 0 0 255 255
0.000000 58.181816 12.727273 -1.000000 0.000000 0.000000 0 0 255 255
0.000000 65.454544 10.909091 -1.000000 0.000000 0.000000 0 0 255 255
0.000000 58.181816 10.909091 -1.000000 0.000000 0.000000 0 0 255 255
0.000000 50.909088 10.909091 -1.000000 0.000000 0.000000 0 0 255 255
0.000000 65.454544 9.090909 -1.000000 0.000000 0.000000 0 0 255 255
0.000000 58.181816 9.090909 -1.000000 0.000000 0.000000 0 0 255 255
0.000000 50.909088 9.090909 -1.000000 0.000000 0.000000 0 0 255 255
0.000000 43.636360 9.090909 -1.000000 0.000000 0.000000 0 0 255 255
0.000000 65.454544 7.272727 -1.000000 0.000000 0.000000 0 0 255 255
0.000000 58.181816 7.272727 -1.000000 0.000000 0.000000 0 0 255 255
0.000000 50.909088 7.272727 -1.000000 0.000000 0.000000 0 0 255 255
0.000000 43.636360 7.272727 -1.000000 0.000000 0.000000 0 0 255 255
0.000000 36.363632 7.272727 -1.000000 0.000000 0.000000 0 0 255 255
0.000000 65.454544 5.454545 -1.000000 0.000000 0.000000 0 0 255 255
0.000000 58.181816 5.454545 -1.000000 0.000000 0.000000 0 0 255 255
0.000000 50.909088 5.454545 -1.000000 0.000000 0.000000 0 0 255 255
0.000000 43.636360 5.454545 -1.000000 0.000000 0.000000 0 0 255 255
0.000000 36.363632 5.454545 -1.000000 0.000000 0.000000 0 0 255 255
0.000000 29.090908 5.454545 -1.000000 0.000000 0.000000 0 0 255 255
0.000000 65.454544 3.636364 -1.000000 0.000000 0.000000 0 0 255 255
0.000000 58.181816 3.636364 -1.000000 0.000000 0.000000 0 0 255 255
0.000000 50.909088 3.636364 -1.000000 0.000000 0.000000 0 0 255 255
0.000000 43.636360 3.636364 -1.000000 0.000000 0.000000 0 0 255 255
0.000000 36.363632 3.636364 -1.000000 0.000000 0.000000 0 0 255 255
0.000000 29.090906 3.636364 -1.000000 0.000000 0.000000 0 0 255 255
0.000000 21.818180 3.636364 -1.000000 0.000000 0.000000 0 0 255 255
0.000000 65.454544 1.818182 -1.000000 0.000000 0.000000 0 0 255 255
0.000000 58.181816 1.818182 -1.000000 0.000000 0.000000 0 0 255 255
0.000000 50.909088 1.818182 -1.000000 0.000000 0.000000 0 0 255 255
0.000000 43.636360 1.818182 -1.000000 0.000000 0.000000 0 0 255 255
0.000000 36.363632 1.818182 -1.000000 0.000000 0.000000 0 0 255 255
0.000000 29.090906 1.818182 -1.000000 0.000000 0.000000 0 0 255 255
0.000000 21.818180 1.818182 -1.000000 0.000000 0.000000 0 0 255 255
0.000000 14.545454 1.818182 -1.000000 0.000000 0.000000 0 0 255 255
3 0 1 2
3 3 4 5
3 6 7 8
3 9 10 11
3 12 13 14
3 15 16 17
3 18 19 20
3 21 22 23
3 24 25 26
3 27 28 29
3 30 31 32
3 33 34 35
3 36 37 38
3 39 40 41
3 42 43 44
3 45 46 47
3 45 47 48
3 3 49 50
3 3 50 51
3 15 52 53
3 21 54 55
3 15 17 56
3 36 57 37
3 30 58 59
3 30 59 60
3 18 61 19
3 12 62 13
3 18 63 64
3 60 31 30
3 65 66 60
3 67 68 65
3 69 70 67
3 71 72 69
3 73 74 71
3 75 76 73
3 77 78 75
3 79 80 77
3 64 81 79
3 60 66 31
3 66 82 31
3 65 68 66
3 68 83 66
3 66 83 82
3 83 84 82
3 67 70 68
3 70 85 68
3 68 85 83
3 85 86 83
3 83 86 84
3 86 87 84
3 69 72 70
3 72 88 70
3 70 88 85
3 88 89 85
3 85 89 86
3 89 90 86
3 86 90 87
3 90 91 87
3 71 74 72
3 74 92 72
3 72 92 88
3 92 93 88
3 88 93 89
3 93 94 89
3 89 94 90
3 94 95 90
3 90 95 91
3 95 96 91
3 73 76 74
3 76 97 74
3 74 97 92
3 97 98 92
3 92 98 93
3 98 99 93
3 93 99 94
3 99 100 94
3 94 100 95
3 100 101 95
3 95 101 96
3 101 102 96
3 75 78 76
3 78 103 76
3 76 103 97
3 103 104 97
3 97 104 98
3 104 105 98
3 98 105 99
3 105 106 99
3 99 106 100
3 106 107 100
3 100 107 101
3 107 108 101
3 101 108 102
3 108 109 102
3 77 80 78
3 80 110 78
3 78 110 103
3 110 111 103
3 103 111 104
3 111 112 104
3 104 112 105
3 112 113 105
3 105 113 106
3 113 114 106
3 106 114 107
3 114 115 107
3 107 115 108
3 115 116 108
3 108 116 109
3 116 117 109
3 79 81 80
3 81 118 80
3 80 118 110
3 118 119 110
3 110 119 111
3 119 120 111
3 111 120 112
3 120 121 112
3 112 121 113
3 121 122 113
3 113 122 114
3 122 123 114
3 114 123 115
3 123 124 115
3 115 124 116
3 124 125 116
3 116 125 117
3 125 126 117
3 64 63 81
3 63 127 81
3 81 127 118
3 127 128 118
3 118 128 119
3 128 129 119
3 119 129 120
3 129 130 120
3 120 130 121
3 130 131 121
3 121 131 122
3 131 132 122
3 122 132 123
3 132 133 123
3 123 133 124
3 133 134 124
3 124 134 125
3 134 25 125
3 125 25 126
3 25 24 126
3 135 7 6
3 136 137 135
3 138 139 136
3 140 141 138
3 142 143 140
3 144 145 142
3 146 147 144
3 148 149 146
3 150 151 148
3 13 152 150
3 135 137 7
3 137 153 7
3 136 139 137
3 139 154 137
3 137 154 153
3 154 155 153
3 138 141 139
3 141 156 139
3 139 156 154
3 156 157 154
3 154 157 155
3 157 158 155
3 140 143 141
3 143 159 141
3 141 159 156
3 159 160 156
3 156 160 157
3 160 161 157
3 157 161 158
3 161 162 158
3 142 145 143
3 145 163 143
3 143 163 159
3 163 164 159
3 159 164 160
3 164 165 160
3 160 165 161
3 165 166 161
3 161 166 162
3 166 167 162
3 144 147 145
3 147 168 145
3 145 168 163
3 168 169 163
3 163 169 164
3 169 170 164
3 164 170 165
3 170 171 165
3 165 171 166
3 171 172 166
3 166 172 167
3 172 173 167
3 146 149 147
3 149 174 147
3 147 174 168
3 174 175 168
3 168 175 169
3 175 176 169
3 169 176 170
3 176 177 170
3 170 177 171
3 177 178 171
3 171 178 172
3 178 179 172
3 172 179 173
3 179 180 173
3 148 151 149
3 151 181 149
3 149 181 174
3 181 182 174
3 174 182 175
3 182 183 175
3 175 183 176
3 183 184 176
3 176 184 177
3 184 185 177
3 177 185 178
3 185 186 178
3 178 186 179
3 186 187 179
3 179 187 180
3 187 188 180
3 150 152 151
3 152 189 151
3 151 189 181
3 189 190 181
3 181 190 182
3 190 191 182
3 182 191 183
3 191 192 183
3 183 192 184
3 192 193 184
3 184 193 185
3 193 194 185
3 185 194 186
3 194 195 186
3 186 195 187
3 195 196 187
3 187 196 188
3 196 197 188
3 13 62 152
3 62 198 152
3 152 198 189
3 198 199 189
3 189 199 190
3 199 200 190
3 190 200 191
3 200 201 191
3 191 201 192
3 201 202 192
3 192 202 193
3 202 203 193
3 193 203 194
3 203 204 194
3 194 204 195
3 204 205 195
3 195 205 196
3 205 206 196
3 196 206 197
3 206 0 197
3 207 62 12
3 208 209 207
3 210 211 208
3 212 213 210
3 214 215 212
3 216 217 214
3 218 219 216
3 220 221 218
3 222 223 220
3 19 224 222
3 207 209 62
3 209 198 62
3 208 211 209
3 211 225 209
3 209 225 198
3 225 199 198
3 210 213 211
3 213 226 211
3 211 226 225
3 226 227 225
3 225 227 199
3 227 200 199
3 212 215 213
3 215 228 213
3 213 228 226
3 228 229 226
3 226 229 227
3 229 230 227
3 227 230 200
3 230 201 200
3 214 217 215
3 217 231 215
3 215 231 228
3 231 232 228
3 228 232 229
3 232 233 229
3 229 233 230
3 233 234 230
3 230 234 201
3 234 202 201
3 216 219 217
3 219 235 217
3 217 235 231
3 235 236 231
3 231 236 232
3 236 237 232
3 232 237 233
3 237 238 233
3 233 238 234
3 238 239 234
3 234 239 202
3 239 203 202
3 218 221 219
3 221 240 219
3 219 240 235
3 240 241 235
3 235 241 236
3 241 242 236
3 236 242 237
3 242 243 237
3 237 243 238
3 243 244 238
3 238 244 239
3 244 245 239
3 239 245 203
3 245 204 203
3 220 223 221
3 223 246 221
3 221 246 240
3 246 247 240
3 240 247 241
3 247 248 241
3 241 248 242
3 248 249 242
3 242 249 243
3 249 250 243
3 243 250 244
3 250 251 244
3 244 251 245
3 251 252 245
3 245 252 204
3 252 205 204
3 222 224 223
3 224 253 223
3 223 253 246
3 253 254 246
3 246 254 247
3 254 255 247
3 247 255 248
3 255 256 248
3 248 256 249
3 256 257 249
3 249 257 250
3 257 258 250
3 250 258 251
3 258 259 251
3 251 259 252
3 259 260 252
3 252 260 205
3 260 206 205
3 19 61 224
3 61 261 224
3 224 261 253
3 261 262 253
3 253 262 254
3 262 263 254
3 254 263 255
3 263 264 255
3 255 264 256
3 264 265 256
3 256 265 257
3 265 266 257
3 257 266 258
3 266 267 258
3 258 267 259
3 267 268 259
3 259 268 260
3 268 269 260
3 260 269 206
3 269 0 206
3 64 61 18
3 79 270 64
3 77 271 79
3 75 272 77
3 73 273 75
3 71 274 73
3 69 275 71
3 67 276 69
3 65 277 67
3 60 278 65
3 64 270 61
3 270 261 61
3 79 271 270
3 271 279 270
3 270 279 261
3 279 262 261
3 77 272 271
3 272 280 271
3 271 280 279
3 280 281 279
3 279 281 262
3 281 263 262
3 75 273 272
3 273 282 272
3 272 282 280
3 282 283 280
3 280 283 281
3 283 284 281
3 281 284 263
3 284 264 263
3 73 274 273
3 274 285 273
3 273 285 282
3 285 286 282
3 282 286 283
3 286 287 283
3 283 287 284
3 287 288 284
3 284 288 264
3 288 265 264
3 71 275 274
3 275 289 274
3 274 289 285
3 289 290 285
3 285 290 286
3 290 291 286
3 286 291 287
3 291 292 287
3 287 292 288
3 292 293 288
3 288 293 265
3 293 266 265
3 69 276 275
3 276 294 275
3 275 294 289
3 294 295 289
3 289 295 290
3 295 296 290
3 290 296 291
3 296 297 291
3 291 297 292
3 297 298 292
3 292 298 293
3 298 299 293
3 293 299 266
3 299 267 266
3 67 277 276
3 277 300 276
3 276 300 294
3 300 301 294
3 294 301 295
3 301 302 295
3 295 302 296
3 302 303 296
3 296 303 297
3 303 304 297
3 297 304 298
3 304 305 298
3 298 305 299
3 305 306 299
3 299 306 267
3 306 268 267
3 65 278 277
3 278 307 277
3 277 307 300
3 307 308 300
3 300 308 301
3 308 309 301
3 301 309 302
3 309 310 302
3 302 310 303
3 310 311 303
3 303 311 304
3 311 312 304
3 304 312 305
3 312 313 305
3 305 313 306
3 313 314 306
3 306 314 268
3 314 269 268
3 60 59 278
3 59 315 278
3 278 315 307
3 315 316 307
3 307 316 308
3 316 317 308
3 308 317 309
3 317 318 309
3 309 318 310
3 318 319 310
3 310 319 311
3 319 320 311
3 311 320 312
3 320 321 312
3 312 321 313
3 321 322 313
3 313 322 314
3 322 323 314
3 314 323 269
3 323 0 269
3 323 1 0
3 322 324 323
3 321 325 322
3 320 326 321
3 319 327 320
3 318 328 319
3 317 329 318
3 316 330 317
3 315 331 316
3 59 332 315
3 323 324 1
3 324 333 1
3 322 325 324
3 325 334 324
3 324 334 333
3 334 335 333
3 321 326 325
3 326 336 325
3 325 336 334
3 336 337 334
3 334 337 335
3 337 338 335
3 320 327 326
3 327 339 326
3 326 339 336
3 339 340 336
3 336 340 337
3 340 341 337
3 337 341 338
3 341 342 338
3 319 328 327
3 328 343 327
3 327 343 339
3 343 344 339
3 339 344 340
3 344 345 340
3 340 345 341
3 345 346 341
3 341 346 342
3 346 347 342
3 318 329 328
3 329 348 328
3 328 348 343
3 348 349 343
3 343 349 344
3 349 350 344
3 344 350 345
3 350 351 345
3 345 351 346
3 351 352 346
3 346 352 347
3 352 353 347
3 317 330 329
3 330 354 329
3 329 354 348
3 354 355 348
3 348 355 349
3 355 356 349
3 349 356 350
3 356 357 350
3 350 357 351
3 357 358 351
3 351 358 352
3 358 359 352
3 352 359 353
3 359 360 353
3 316 331 330
3 331 361 330
3 330 361 354
3 361 362 354
3 354 362 355
3 362 363 355
3 355 363 356
3 363 364 356
3 356 364 357
3 364 365 357
3 357 365 358
3 365 366 358
3 358 366 359
3 366 367 359
3 359 367 360
3 367 368 360
3 315 332 331
3 332 369 331
3 331 369 361
3 369 370 361
3 361 370 362
3 370 371 362
3 362 371 363
3 371 372 363
3 363 372 364
3 372 373 364
3 364 373 365
3 373 374 365
3 365 374 366
3 374 375 366
3 366 375 367
3 375 376 367
3 367 376 368
3 376 377 368
3 59 58 332
3 58 378 332
3 332 378 369
3 378 379 369
3 369 379 370
3 379 380 370
3 370 380 371
3 380 381 371
3 371 381 372
3 381 382 372
3 372 382 373
3 382 383 373
3 373 383 374
3 383 384 374
3 374 384 375
3 384 385 375
3 375 385 376
3 385 386 376
3 376 386 377
3 386 42 377
3 387 58 30
3 388 389 387
3 390 391 388
3 392 393 390
3 394 395 392
3 396 397 394
3 398 399 396
3 400 401 398
3 402 403 400
3 37 404 402
3 387 389 58
3 389 378 58
3 388 391 389
3 391 405 389
3 389 405 378
3 405 379 378
3 390 393 391
3 393 406 391
3 391 406 405
3 406 407 405
3 405 407 379
3 407 380 379
3 392 395 393
3 395 408 393
3 393 408 406
3 408 409 406
3 406 409 407
3 409 410 407
3 407 410 380
3 410 381 380
3 394 397 395
3 397 411 395
3 395 411 408
3 411 412 408
3 408 412 409
3 412 413 409
3 409 413 410
3 413 414 410
3 410 414 381
3 414 382 381
3 396 399 397
3 399 415 397
3 397 415 411
3 415 416 411
3 411 416 412
3 416 417 412
3 412 417 413
3 417 418 413
3 413 418 414
3 418 419 414
3 414 419 382
3 419 383 382
3 398 401 399
3 401 420 399
3 399 420 415
3 420 421 415
3 415 421 416
3 421 422 416
3 416 422 417
3 422 423 417
3 417 423 418
3 423 424 418
3 418 424 419
3 424 425 419
3 419 425 383
3 425 384 383
3 400 403 401
3 403 426 401
3 401 426 420
3 426 427 420
3 420 427 421
3 427 428 421
3 421 428 422
3 428 429 422
3 422 429 423
3 429 430 423
3 423 430 424
3 430 431 424
3 424 431 425
3 431 432 425
3 425 432 384
3 432 385 384
3 402 404 403
3 404 433 403
3 403 433 426
3 433 434 426
3 426 434 427
3 434 435 427
3 427 435 428
3 435 436 428
3 428 436 429
3 436 437 429
3 429 437 430
3 437 438 430
3 430 438 431
3 438 439 431
3 431 439 432
3 439 440 432
3 432 440 385
3 440 386 385
3 37 57 404
3 57 441 404
3 404 441 433
3 441 442 433
3 433 442 434
3 442 443 434
3 434 443 435
3 443 444 435
3 435 444 436
3 444 445 436
3 436 445 437
3 445 446 437
3 437 446 438
3 446 447 438
3 438 447 439
3 447 448 439
3 439 448 440
3 448 43 440
3 440 43 386
3 43 42 386
3 51 449 3
3 450 451 51
3 452 453 450
3 454 455 452
3 456 457 454
3 458 459 456
3 460 461 458
3 462 463 460
3 464 465 462
3 56 466 464
3 51 451 449
3 451 467 449
3 450 453 451
3 453 468 451
3 451 468 467
3 468 469 467
3 452 455 453
3 455 470 453
3 453 470 468
3 470 471 468
3 468 471 469
3 471 472 469
3 454 457 455
3 457 473 455
3 455 473 470
3 473 474 470
3 470 474 471
3 474 475 471
3 471 475 472
3 475 476 472
3 456 459 457
3 459 477 457
3 457 477 473
3 477 478 473
3 473 478 474
3 478 479 474
3 474 479 475
3 479 480 475
3 475 480 476
3 480 481 476
3 458 461 459
3 461 482 459
3 459 482 477
3 482 483 477
3 477 483 478
3 483 484 478
3 478 484 479
3 484 485 479
3 479 485 480
3 485 486 480
3 480 486 481
3 486 487 481
3 460 463 461
3 463 488 461
3 461 488 482
3 488 489 482
3 482 489 483
3 489 490 483
3 483 490 484
3 490 491 484
3 484 491 485
3 491 492 485
3 485 492 486
3 492 493 486
3 486 493 487
3 493 494 487
3 462 465 463
3 465 495 463
3 463 495 488
3 495 496 488
3 488 496 489
3 496 497 489
3 489 497 490
3 497 498 490
3 490 498 491
3 498 499 491
3 491 499 492
3 499 500 492
3 492 500 493
3 500 501 493
3 493 501 494
3 501 502 494
3 464 466 465
3 466 503 465
3 465 503 495
3 503 504 495
3 495 504 496
3 504 505 496
3 496 505 497
3 505 506 497
3 497 506 498
3 506 507 498
3 498 507 499
3 507 508 499
3 499 508 500
3 508 509 500
3 500 509 501
3 509 510 501
3 501 510 502
3 510 11 502
3 56 17 466
3 17 511 466
3 466 511 503
3 511 512 503
3 503 512 504
3 512 513 504
3 504 513 505
3 513 514 505
3 505 514 506
3 514 515 506
3 506 515 507
3 515 516 507
3 507 516 508
3 516 517 508
3 508 517 509
3 517 518 509
3 509 518 510
3 518 519 510
3 510 519 11
3 519 9 11
3 29 520 27
3 521 522 29
3 523 524 521
3 525 526 523
3 527 528 525
3 529 530 527
3 531 532 529
3 533 534 531
3 535 536 533
3 55 537 535
3 29 522 520
3 522 538 520
3 521 524 522
3 524 539 522
3 522 539 538
3 539 540 538
3 523 526 524
3 526 541 524
3 524 541 539
3 541 542 539
3 539 542 540
3 542 543 540
3 525 528 526
3 528 544 526
3 526 544 541
3 544 545 541
3 541 545 542
3 545 546 542
3 542 546 543
3 546 547 543
3 527 530 528
3 530 548 528
3 528 548 544
3 548 549 544
3 544 549 545
3 549 550 545
3 545 550 546
3 550 551 546
3 546 551 547
3 551 552 547
3 529 532 530
3 532 553 530
3 530 553 548
3 553 554 548
3 548 554 549
3 554 555 549
3 549 555 550
3 555 556 550
3 550 556 551
3 556 557 551
3 551 557 552
3 557 558 552
3 531 534 532
3 534 559 532
3 532 559 553
3 559 560 553
3 553 560 554
3 560 561 554
3 554 561 555
3 561 562 555
3 555 562 556
3 562 563 556
3 556 563 557
3 563 564 557
3 557 564 558
3 564 565 558
3 533 536 534
3 536 566 534
3 534 566 559
3 566 567 559
3 559 567 560
3 567 568 560
3 560 568 561
3 568 569 561
3 561 569 562
3 569 570 562
3 562 570 563
3 570 571 563
3 563 571 564
3 571 572 564
3 564 572 565
3 572 573 565
3 535 537 536
3 537 574 536
3 536 574 566
3 574 575 566
3 566 575 567
3 575 576 567
3 567 576 568
3 576 577 568
3 568 577 569
3 577 578 569
3 569 578 570
3 578 579 570
3 570 579 571
3 579 580 571
3 571 580 572
3 580 581 572
3 572 581 573
3 581 35 573
3 55 54 537
3 54 582 537
3 537 582 574
3 582 583 574
3 574 583 575
3 583 584 575
3 575 584 576
3 584 585 576
3 576 585 577
3 585 586 577
3 577 586 578
3 586 587 578
3 578 587 579
3 587 588 579
3 579 588 580
3 588 589 580
3 580 589 581
3 589 590 581
3 581 590 35
3 590 33 35
3 23 54 21
3 591 592 23
3 593 594 591
3 595 596 593
3 597 598 595
3 599 600 597
3 601 602 599
3 603 604 601
3 605 606 603
3 53 607 605
3 23 592 54
3 592 582 54
3 591 594 592
3 594 608 592
3 592 608 582
3 608 583 582
3 593 596 594
3 596 609 594
3 594 609 608
3 609 610 608
3 608 610 583
3 610 584 583
3 595 598 596
3 598 611 596
3 596 611 609
3 611 612 609
3 609 612 610
3 612 613 610
3 610 613 584
3 613 585 584
3 597 600 598
3 600 614 598
3 598 614 611
3 614 615 611
3 611 615 612
3 615 616 612
3 612 616 613
3 616 617 613
3 613 617 585
3 617 586 585
3 599 602 600
3 602 618 600
3 600 618 614
3 618 619 614
3 614 619 615
3 619 620 615
3 615 620 616
3 620 621 616
3 616 621 617
3 621 622 617
3 617 622 586
3 622 587 586
3 601 604 602
3 604 623 602
3 602 623 618
3 623 624 618
3 618 624 619
3 624 625 619
3 619 625 620
3 625 626 620
3 620 626 621
3 626 627 621
3 621 627 622
3 627 628 622
3 622 628 587
3 628 588 587
3 603 606 604
3 606 629 604
3 604 629 623
3 629 630 623
3 623 630 624
3 630 631 624
3 624 631 625
3 631 632 625
3 625 632 626
3 632 633 626
3 626 633 627
3 633 634 627
3 627 634 628
3 634 635 628
3 628 635 588
3 635 589 588
3 605 607 606
3 607 636 606
3 606 636 629
3 636 637 629
3 629 637 630
3 637 638 630
3 630 638 631
3 638 639 631
3 631 639 632
3 639 640 632
3 632 640 633
3 640 641 633
3 633 641 634
3 641 642 634
3 634 642 635
3 642 643 635
3 635 643 589
3 643 590 589
3 53 52 607
3 52 644 607
3 607 644 636
3 644 645 636
3 636 645 637
3 645 646 637
3 637 646 638
3 646 647 638
3 638 647 639
3 647 648 639
3 639 648 640
3 648 649 640
3 640 649 641
3 649 650 641
3 641 650 642
3 650 651 642
3 642 651 643
3 651 652 643
3 643 652 590
3 652 33 590
3 56 52 15
3 464 653 56
3 462 654 464
3 460 655 462
3 458 656 460
3 456 657 458
3 454 658 456
3 452 659 454
3 450 660 452
3 51 661 450
3 56 653 52
3 653 644 52
3 464 654 653
3 654 662 653
3 653 662 644
3 662 645 644
3 462 655 654
3 655 663 654
3 654 663 662
3 663 664 662
3 662 664 645
3 664 646 645
3 460 656 655
3 656 665 655
3 655 665 663
3 665 666 663
3 663 666 664
3 666 667 664
3 664 667 646
3 667 647 646
3 458 657 656
3 657 668 656
3 656 668 665
3 668 669 665
3 665 669 666
3 669 670 666
3 666 670 667
3 670 671 667
3 667 671 647
3 671 648 647
3 456 658 657
3 658 672 657
3 657 672 668
3 672 673 668
3 668 673 669
3 673 674 669
3 669 674 670
3 674 675 670
3 670 675 671
3 675 676 671
3 671 676 648
3 676 649 648
3 454 659 658
3 659 677 658
3 658 677 672
3 677 678 672
3 672 678 673
3 678 679 673
3 673 679 674
3 679 680 674
3 674 680 675
3 680 681 675
3 675 681 676
3 681 682 676
3 676 682 649
3 682 650 649
3 452 660 659
3 660 683 659
3 659 683 677
3 683 684 677
3 677 684 678
3 684 685 678
3 678 685 679
3 685 686 679
3 679 686 680
3 686 687 680
3 680 687 681
3 687 688 681
3 681 688 682
3 688 689 682
3 682 689 650
3 689 651 650
3 450 661 660
3 661 690 660
3 660 690 683
3 690 691 683
3 683 691 684
3 691 692 684
3 684 692 685
3 692 693 685
3 685 693 686
3 693 694 686
3 686 694 687
3 694 695 687
3 687 695 688
3 695 696 688
3 688 696 689
3 696 697 689
3 689 697 651
3 697 652 651
3 51 50 661
3 50 698 661
3 661 698 690
3 698 699 690
3 690 699 691
3 699 700 691
3 691 700 692
3 700 701 692
3 692 701 693
3 701 702 693
3 693 702 694
3 702 703 694
3 694 703 695
3 703 704 695
3 695 704 696
3 704 705 696
3 696 705 697
3 705 706 697
3 697 706 652
3 706 33 652
3 706 707 33
3 705 708 706
3 704 709 705
3 703 710 704
3 702 711 703
3 701 712 702
3 700 713 701
3 699 714 700
3 698 715 699
3 50 716 698
3 706 708 707
3 708 717 707
3 705 709 708
3 709 718 708
3 708 718 717
3 718 719 717
3 704 710 709
3 710 720 709
3 709 720 718
3 720 721 718
3 718 721 719
3 721 722 719
3 703 711 710
3 711 723 710
3 710 723 720
3 723 724 720
3 720 724 721
3 724 725 721
3 721 725 722
3 725 726 722
3 702 712 711
3 712 727 711
3 711 727 723
3 727 728 723
3 723 728 724
3 728 729 724
3 724 729 725
3 729 730 725
3 725 730 726
3 730 731 726
3 701 713 712
3 713 732 712
3 712 732 727
3 732 733 727
3 727 733 728
3 733 734 728
3 728 734 729
3 734 735 729
3 729 735 730
3 735 736 730
3 730 736 731
3 736 737 731
3 700 714 713
3 714 738 713
3 713 738 732
3 738 739 732
3 732 739 733
3 739 740 733
3 733 740 734
3 740 741 734
3 734 741 735
3 741 742 735
3 735 742 736
3 742 743 736
3 736 743 737
3 743 744 737
3 699 715 714
3 715 745 714
3 714 745 738
3 745 746 738
3 738 746 739
3 746 747 739
3 739 747 740
3 747 748 740
3 740 748 741
3 748 749 741
3 741 749 742
3 749 750 742
3 742 750 743
3 750 751 743
3 743 751 744
3 751 752 744
3 698 716 715
3 716 753 715
3 715 753 745
3 753 754 745
3 745 754 746
3 754 755 746
3 746 755 747
3 755 756 747
3 747 756 748
3 756 757 748
3 748 757 749
3 757 758 749
3 749 758 750
3 758 759 750
3 750 759 751
3 759 760 751
3 751 760 752
3 760 41 752
3 50 49 716
3 49 761 716
3 716 761 753
3 761 762 753
3 753 762 754
3 762 763 754
3 754 763 755
3 763 764 755
3 755 764 756
3 764 765 756
3 756 765 757
3 765 766 757
3 757 766 758
3 766 767 758
3 758 767 759
3 767 768 759
3 759 768 760
3 768 769 760
3 760 769 41
3 769 39 41
3 5 49 3
3 770 771 5
3 772 773 770
3 774 775 772
3 776 777 774
3 778 779 776
3 780 781 778
3 782 783 780
3 784 785 782
3 48 786 784
3 5 771 49
3 771 761 49
3 770 773 771
3 773 787 771
3 771 787 761
3 787 762 761
3 772 775 773
3 775 788 773
3 773 788 787
3 788 789 787
3 787 789 762
3 789 763 762
3 774 777 775
3 777 790 775
3 775 790 788
3 790 791 788
3 788 791 789
3 791 792 789
3 789 792 763
3 792 764 763
3 776 779 777
3 779 793 777
3 777 793 790
3 793 794 790
3 790 794 791
3 794 795 791
3 791 795 792
3 795 796 792
3 792 796 764
3 796 765 764
3 778 781 779
3 781 797 779
3 779 797 793
3 797 798 793
3 793 798 794
3 798 799 794
3 794 799 795
3 799 800 795
3 795 800 796
3 800 801 796
3 796 801 765
3 801 766 765
3 780 783 781
3 783 802 781
3 781 802 797
3 802 803 797
3 797 803 798
3 803 804 798
3 798 804 799
3 804 805 799
3 799 805 800
3 805 806 800
3 800 806 801
3 806 807 801
3 801 807 766
3 807 767 766
3 782 785 783
3 785 808 783
3 783 808 802
3 808 809 802
3 802 809 803
3 809 810 803
3 803 810 804
3 810 811 804
3 804 811 805
3 811 812 805
3 805 812 806
3 812 813 806
3 806 813 807
3 813 814 807
3 807 814 767
3 814 768 767
3 784 786 785
3 786 815 785
3 785 815 808
3 815 816 808
3 808 816 809
3 816 817 809
3 809 817 810
3 817 818 810
3 810 818 811
3 818 819 811
3 811 819 812
3 819 820 812
3 812 820 813
3 820 821 813
3 813 821 814
3 821 822 814
3 814 822 768
3 822 769 768
3 48 47 786
3 47 823 786
3 786 823 815
3 823 824 815
3 815 824 816
3 824 825 816
3 816 825 817
3 825 826 817
3 817 826 818
3 826 827 818
3 818 827 819
3 827 828 819
3 819 828 820
3 828 829 820
3 820 829 821
3 829 830 821
3 821 830 822
3 830 831 822
3 822 831 769
3 831 39 769
3 831 832 39
3 830 833 831
3 829 834 830
3 828 835 829
3 827 836 828
3 826 837 827
3 825 838 826
3 824 839 825
3 823 840 824
3 47 841 823
3 831 833 832
3 833 842 832
3 830 834 833
3 834 843 833
3 833 843 842
3 843 844 842
3 829 835 834
3 835 845 834
3 834 845 843
3 845 846 843
3 843 846 844
3 846 847 844
3 828 836 835
3 836 848 835
3 835 848 845
3 848 849 845
3 845 849 846
3 849 850 846
3 846 850 847
3 850 851 847
3 827 837 836
3 837 852 836
3 836 852 848
3 852 853 848
3 848 853 849
3 853 854 849
3 849 854 850
3 854 855 850
3 850 855 851
3 855 856 851
3 826 838 837
3 838 857 837
3 837 857 852
3 857 858 852
3 852 858 853
3 858 859 853
3 853 859 854
3 859 860 854
3 854 860 855
3 860 861 855
3 855 861 856
3 861 862 856
3 825 839 838
3 839 863 838
3 838 863 857
3 863 864 857
3 857 864 858
3 864 865 858
3 858 865 859
3 865 866 859
3 859 866 860
3 866 867 860
3 860 867 861
3 867 868 861
3 861 868 862
3 868 869 862
3 824 840 839
3 840 870 839
3 839 870 863
3 870 871 863
3 863 871 864
3 871 872 864
3 864 872 865
3 872 873 865
3 865 873 866
3 873 874 866
3 866 874 867
3 874 875 867
3 867 875 868
3 875 876 868
3 868 876 869
3 876 877 869
3 823 841 840
3 841 878 840
3 840 878 870
3 878 879 870
3 870 879 871
3 879 880 871
3 871 880 872
3 880 881 872
3 872 881 873
3 881 882 873
3 873 882 874
3 882 883 874
3 874 883 875
3 883 884 875
3 875 884 876
3 884 885 876
3 876 885 877
3 885 38 877
3 47 46 841
3 46 886 841
3 841 886 878
3 886 887 878
3 878 887 879
3 887 888 879
3 879 888 880
3 888 889 880
3 880 889 881
3 889 890 881
3 881 890 882
3 890 891 882
3 882 891 883
3 891 892 883
3 883 892 884
3 892 893 884
3 884 893 885
3 893 894 885
3 885 894 38
3 894 36 38
3 895 46 45
3 896 897 895
3 898 899 896
3 900 901 898
3 902 903 900
3 904 905 902
3 906 907 904
3 908 909 906
3 910 911 908
3 44 912 910
3 895 897 46
3 897 886 46
3 896 899 897
3 899 913 897
3 897 913 886
3 913 887 886
3 898 901 899
3 901 914 899
3 899 914 913
3 914 915 913
3 913 915 887
3 915 888 887
3 900 903 901
3 903 916 901
3 901 916 914
3 916 917 914
3 914 917 915
3 917 918 915
3 915 918 888
3 918 889 888
3 902 905 903
3 905 919 903
3 903 919 916
3 919 920 916
3 916 920 917
3 920 921 917
3 917 921 918
3 921 922 918
3 918 922 889
3 922 890 889
3 904 907 905
3 907 923 905
3 905 923 919
3 923 924 919
3 919 924 920
3 924 925 920
3 920 925 921
3 925 926 921
3 921 926 922
3 926 927 922
3 922 927 890
3 927 891 890
3 906 909 907
3 909 928 907
3 907 928 923
3 928 929 923
3 923 929 924
3 929 930 924
3 924 930 925
3 930 931 925
3 925 931 926
3 931 932 926
3 926 932 927
3 932 933 927
3 927 933 891
3 933 892 891
3 908 911 909
3 911 934 909
3 909 934 928
3 934 935 928
3 928 935 929
3 935 936 929
3 929 936 930
3 936 937 930
3 930 937 931
3 937 938 931
3 931 938 932
3 938 939 932
3 932 939 933
3 939 940 933
3 933 940 892
3 940 893 892
3 910 912 911
3 912 941 911
3 911 941 934
3 941 942 934
3 934 942 935
3 942 943 935
3 935 943 936
3 943 944 936
3 936 944 937
3 944 945 937
3 937 945 938
3 945 946 938
3 938 946 939
3 946 947 939
3 939 947 940
3 947 948 940
3 940 948 893
3 948 894 893
3 44 43 912
3 43 448 912
3 912 448 941
3 448 447 941
3 941 447 942
3 447 446 942
3 942 446 943
3 446 445 943
3 943 445 944
3 445 444 944
3 944 444 945
3 444 443 945
3 945 443 946
3 443 442 946
3 946 442 947
3 442 441 947
3 947 441 948
3 441 57 948
3 948 57 894
3 57 36 894
3 707 949 33
3 717 950 707
3 719 951 717
3 722 952 719
3 726 953 722
3 731 954 726
3 737 955 731
3 744 956 737
3 752 957 744
3 41 958 752
3 707 950 949
3 950 959 949
3 717 951 950
3 951 960 950
3 950 960 959
3 960 961 959
3 719 952 951
3 952 962 951
3 951 962 960
3 962 963 960
3 960 963 961
3 963 964 961
3 722 953 952
3 953 965 952
3 952 965 962
3 965 966 962
3 962 966 963
3 966 967 963
3 963 967 964
3 967 968 964
3 726 954 953
3 954 969 953
3 953 969 965
3 969 970 965
3 965 970 966
3 970 971 966
3 966 971 967
3 971 972 967
3 967 972 968
3 972 973 968
3 731 955 954
3 955 974 954
3 954 974 969
3 974 975 969
3 969 975 970
3 975 976 970
3 970 976 971
3 976 977 971
3 971 977 972
3 977 978 972
3 972 978 973
3 978 979 973
3 737 956 955
3 956 980 955
3 955 980 974
3 980 981 974
3 974 981 975
3 981 982 975
3 975 982 976
3 982 983 976
3 976 983 977
3 983 984 977
3 977 984 978
3 984 985 978
3 978 985 979
3 985 986 979
3 744 957 956
3 957 987 956
3 956 987 980
3 987 988 980
3 980 988 981
3 988 989 981
3 981 989 982
3 989 990 982
3 982 990 983
3 990 991 983
3 983 991 984
3 991 992 984
3 984 992 985
3 992 993 985
3 985 993 986
3 993 994 986
3 752 958 957
3 958 995 957
3 957 995 987
3 995 996 987
3 987 996 988
3 996 997 988
3 988 997 989
3 997 998 989
3 989 998 990
3 998 999 990
3 990 999 991
3 999 1000 991
3 991 1000 992
3 1000 1001 992
3 992 1001 993
3 1001 1002 993
3 993 1002 994
3 1002 32 994
3 41 40 958
3 40 1003 958
3 958 1003 995
3 1003 1004 995
3 995 1004 996
3 1004 1005 996
3 996 1005 997
3 1005 1006 997
3 997 1006 998
3 1006 1007 998
3 998 1007 999
3 1007 1008 999
3 999 1008 1000
3 1008 1009 1000
3 1000 1009 1001
3 1009 1010 1001
3 1001 1010 1002
3 1010 1011 1002
3 1002 1011 32
3 1011 30 32
3 832 40 39
3 842 1012 832
3 844 1013 842
3 847 1014 844
3 851 1015 847
3 856 1016 851
3 862 1017 856
3 869 1018 862
3 877 1019 869
3 38 1020 877
3 832 1012 40
3 1012 1003 40
3 842 1013 1012
3 1013 1021 1012
3 1012 1021 1003
3 1021 1004 1003
3 844 1014 1013
3 1014 1022 1013
3 1013 1022 1021
3 1022 1023 1021
3 1021 1023 1004
3 1023 1005 1004
3 847 1015 1014
3 1015 1024 1014
3 1014 1024 1022
3 1024 1025 1022
3 1022 1025 1023
3 1025 1026 1023
3 1023 1026 1005
3 1026 1006 1005
3 851 1016 1015
3 1016 1027 1015
3 1015 1027 1024
3 1027 1028 1024
3 1024 1028 1025
3 1028 1029 1025
3 1025 1029 1026
3 1029 1030 1026
3 1026 1030 1006
3 1030 1007 1006
3 856 1017 1016
3 1017 1031 1016
3 1016 1031 1027
3 1031 1032 1027
3 1027 1032 1028
3 1032 1033 1028
3 1028 1033 1029
3 1033 1034 1029
3 1029 1034 1030
3 1034 1035 1030
3 1030 1035 1007
3 1035 1008 1007
3 862 1018 1017
3 1018 1036 1017
3 1017 1036 1031
3 1036 1037 1031
3 1031 1037 1032
3 1037 1038 1032
3 1032 1038 1033
3 1038 1039 1033
3 1033 1039 1034
3 1039 1040 1034
3 1034 1040 1035
3 1040 1041 1035
3 1035 1041 1008
3 1041 1009 1008
3 869 1019 1018
3 1019 1042 1018
3 1018 1042 1036
3 1042 1043 1036
3 1036 1043 1037
3 1043 1044 1037
3 1037 1044 1038
3 1044 1045 1038
3 1038 1045 1039
3 1045 1046 1039
3 1039 1046 1040
3 1046 1047 1040
3 1040 1047 1041
3 1047 1048 1041
3 1041 1048 1009
3 1048 1010 1009
3 877 1020 1019
3 1020 1049 1019
3 1019 1049 1042
3 1049 1050 1042
3 1042 1050 1043
3 1050 1051 1043
3 1043 1051 1044
3 1051 1052 1044
3 1044 1052 1045
3 1052 1053 1045
3 1045 1053 1046
3 1053 1054 1046
3 1046 1054 1047
3 1054 1055 1047
3 1047 1055 1048
3 1055 1056 1048
3 1048 1056 1010
3 1056 1011 1010
3 38 37 1020
3 37 402 1020
3 1020 402 1049
3 402 400 1049
3 1049 400 1050
3 400 398 1050
3 1050 398 1051
3 398 396 1051
3 1051 396 1052
3 396 394 1052
3 1052 394 1053
3 394 392 1053
3 1053 392 1054
3 392 390 1054
3 1054 390 1055
3 390 388 1055
3 1055 388 1056
3 388 387 1056
3 1056 387 1011
3 387 30 1011
3 520 1057 27
3 538 1058 520
3 540 1059 538
3 543 1060 540
3 547 1061 543
3 552 1062 547
3 558 1063 552
3 565 1064 558
3 573 1065 565
3 35 1066 573
3 520 1058 1057
3 1058 1067 1057
3 538 1059 1058
3 1059 1068 1058
3 1058 1068 1067
3 1068 1069 1067
3 540 1060 1059
3 1060 1070 1059
3 1059 1070 1068
3 1070 1071 1068
3 1068 1071 1069
3 1071 1072 1069
3 543 1061 1060
3 1061 1073 1060
3 1060 1073 1070
3 1073 1074 1070
3 1070 1074 1071
3 1074 1075 1071
3 1071 1075 1072
3 1075 1076 1072
3 547 1062 1061
3 1062 1077 1061
3 1061 1077 1073
3 1077 1078 1073
3 1073 1078 1074
3 1078 1079 1074
3 1074 1079 1075
3 1079 1080 1075
3 1075 1080 1076
3 1080 1081 1076
3 552 1063 1062
3 1063 1082 1062
3 1062 1082 1077
3 1082 1083 1077
3 1077 1083 1078
3 1083 1084 1078
3 1078 1084 1079
3 1084 1085 1079
3 1079 1085 1080
3 1085 1086 1080
3 1080 1086 1081
3 1086 1087 1081
3 558 1064 1063
3 1064 1088 1063
3 1063 1088 1082
3 1088 1089 1082
3 1082 1089 1083
3 1089 1090 1083
3 1083 1090 1084
3 1090 1091 1084
3 1084 1091 1085
3 1091 1092 1085
3 1085 1092 1086
3 1092 1093 1086
3 1086 1093 1087
3 1093 1094 1087
3 565 1065 1064
3 1065 1095 1064
3 1064 1095 1088
3 1095 1096 1088
3 1088 1096 1089
3 1096 1097 1089
3 1089 1097 1090
3 1097 1098 1090
3 1090 1098 1091
3 1098 1099 1091
3 1091 1099 1092
3 1099 1100 1092
3 1092 1100 1093
3 1100 1101 1093
3 1093 1101 1094
3 1101 1102 1094
3 573 1066 1065
3 1066 1103 1065
3 1065 1103 1095
3 1103 1104 1095
3 1095 1104 1096
3 1104 1105 1096
3 1096 1105 1097
3 1105 1106 1097
3 1097 1106 1098
3 1106 1107 1098
3 1098 1107 1099
3 1107 1108 1099
3 1099 1108 1100
3 1108 1109 1100
3 1100 1109 1101
3 1109 1110 1101
3 1101 1110 1102
3 1110 26 1102
3 35 34 1066
3 34 1111 1066
3 1066 1111 1103
3 1111 1112 1103
3 1103 1112 1104
3 1112 1113 1104
3 1104 1113 1105
3 1113 1114 1105
3 1105 1114 1106
3 1114 1115 1106
3 1106 1115 1107
3 1115 1116 1107
3 1107 1116 1108
3 1116 1117 1108
3 1108 1117 1109
3 1117 1118 1109
3 1109 1118 1110
3 1118 1119 1110
3 1110 1119 26
3 1119 24 26
3 949 34 33
3 959 1120 949
3 961 1121 959
3 964 1122 961
3 968 1123 964
3 973 1124 968
3 979 1125 973
3 986 1126 979
3 994 1127 986
3 32 1128 994
3 949 1120 34
3 1120 1111 34
3 959 1121 1120
3 1121 1129 1120
3 1120 1129 1111
3 1129 1112 1111
3 961 1122 1121
3 1122 1130 1121
3 1121 1130 1129
3 1130 1131 1129
3 1129 1131 1112
3 1131 1113 1112
3 964 1123 1122
3 1123 1132 1122
3 1122 1132 1130
3 1132 1133 1130
3 1130 1133 1131
3 1133 1134 1131
3 1131 1134 1113
3 1134 1114 1113
3 968 1124 1123
3 1124 1135 1123
3 1123 1135 1132
3 1135 1136 1132
3 1132 1136 1133
3 1136 1137 1133
3 1133 1137 1134
3 1137 1138 1134
3 1134 1138 1114
3 1138 1115 1114
3 973 1125 1124
3 1125 1139 1124
3 1124 1139 1135
3 1139 1140 1135
3 1135 1140 1136
3 1140 1141 1136
3 1136 1141 1137
3 1141 1142 1137
3 1137 1142 1138
3 1142 1143 1138
3 1138 1143 1115
3 1143 1116 1115
3 979 1126 1125
3 1126 1144 1125
3 1125 1144 1139
3 1144 1145 1139
3 1139 1145 1140
3 1145 1146 1140
3 1140 1146 1141
3 1146 1147 1141
3 1141 1147 1142
3 1147 1148 1142
3 1142 1148 1143
3 1148 1149 1143
3 1143 1149 1116
3 1149 1117 1116
3 986 1127 1126
3 1127 1150 1126
3 1126 1150 1144
3 1150 1151 1144
3 1144 1151 1145
3 1151 1152 1145
3 1145 1152 1146
3 1152 1153 1146
3 1146 1153 1147
3 1153 1154 1147
3 1147 1154 1148
3 1154 1155 1148
3 1148 1155 1149
3 1155 1156 1149
3 1149 1156 1117
3 1156 1118 1117
3 994 1128 1127
3 1128 1157 1127
3 1127 1157 1150
3 1157 1158 1150
3 1150 1158 1151
3 1158 1159 1151
3 1151 1159 1152
3 1159 1160 1152
3 1152 1160 1153
3 1160 1161 1153
3 1153 1161 1154
3 1161 1162 1154
3 1154 1162 1155
3 1162 1163 1155
3 1155 1163 1156
3 1163 1164 1156
3 1156 1164 1118
3 1164 1119 1118
3 32 31 1128
3 31 82 1128
3 1128 82 1157
3 82 84 1157
3 1157 84 1158
3 84 87 1158
3 1158 87 1159
3 87 91 1159
3 1159 91 1160
3 91 96 1160
3 1160 96 1161
3 96 102 1161
3 1161 102 1162
3 102 109 1162
3 1162 109 1163
3 109 117 1163
3 1163 117 1164
3 117 126 1164
3 1164 126 1119
3 126 24 1119
3 55 1165 21
3 535 1166 55
3 533 1167 535
3 531 1168 533
3 529 1169 531
3 527 1170 529
3 525 1171 527
3 523 1172 525
3 521 1173 523
3 29 1174 521
3 55 1166 1165
3 1166 1175 1165
3 535 1167 1166
3 1167 1176 1166
3 1166 1176 1175
3 1176 1177 1175
3 533 1168 1167
3 1168 1178 1167
3 1167 1178 1176
3 1178 1179 1176
3 1176 1179 1177
3 1179 1180 1177
3 531 1169 1168
3 1169 1181 1168
3 1168 1181 1178
3 1181 1182 1178
3 1178 1182 1179
3 1182 1183 1179
3 1179 1183 1180
3 1183 1184 1180
3 529 1170 1169
3 1170 1185 1169
3 1169 1185 1181
3 1185 1186 1181
3 1181 1186 1182
3 1186 1187 1182
3 1182 1187 1183
3 1187 1188 1183
3 1183 1188 1184
3 1188 1189 1184
3 527 1171 1170
3 1171 1190 1170
3 1170 1190 1185
3 1190 1191 1185
3 1185 1191 1186
3 1191 1192 1186
3 1186 1192 1187
3 1192 1193 1187
3 1187 1193 1188
3 1193 1194 1188
3 1188 1194 1189
3 1194 1195 1189
3 525 1172 1171
3 1172 1196 1171
3 1171 1196 1190
3 1196 1197 1190
3 1190 1197 1191
3 1197 1198 1191
3 1191 1198 1192
3 1198 1199 1192
3 1192 1199 1193
3 1199 1200 1193
3 1193 1200 1194
3 1200 1201 1194
3 1194 1201 1195
3 1201 1202 1195
3 523 1173 1172
3 1173 1203 1172
3 1172 1203 1196
3 1203 1204 1196
3 1196 1204 1197
3 1204 1205 1197
3 1197 1205 1198
3 1205 1206 1198
3 1198 1206 1199
3 1206 1207 1199
3 1199 1207 1200
3 1207 1208 1200
3 1200 1208 1201
3 1208 1209 1201
3 1201 1209 1202
3 1209 1210 1202
3 521 1174 1173
3 1174 1211 1173
3 1173 1211 1203
3 1211 1212 1203
3 1203 1212 1204
3 1212 1213 1204
3 1204 1213 1205
3 1213 1214 1205
3 1205 1214 1206
3 1214 1215 1206
3 1206 1215 1207
3 1215 1216 1207
3 1207 1216 1208
3 1216 1217 1208
3 1208 1217 1209
3 1217 1218 1209
3 1209 1218 1210
3 1218 20 1210
3 29 28 1174
3 28 1219 1174
3 1174 1219 1211
3 1219 1220 1211
3 1211 1220 1212
3 1220 1221 1212
3 1212 1221 1213
3 1221 1222 1213
3 1213 1222 1214
3 1222 1223 1214
3 1214 1223 1215
3 1223 1224 1215
3 1215 1224 1216
3 1224 1225 1216
3 1216 1225 1217
3 1225 1226 1217
3 1217 1226 1218
3 1226 1227 1218
3 1218 1227 20
3 1227 18 20
3 1057 28 27
3 1067 1228 1057
3 1069 1229 1067
3 1072 1230 1069
3 1076 1231 1072
3 1081 1232 1076
3 1087 1233 1081
3 1094 1234 1087
3 1102 1235 1094
3 26 1236 1102
3 1057 1228 28
3 1228 1219 28
3 1067 1229 1228
3 1229 1237 1228
3 1228 1237 1219
3 1237 1220 1219
3 1069 1230 1229
3 1230 1238 1229
3 1229 1238 1237
3 1238 1239 1237
3 1237 1239 1220
3 1239 1221 1220
3 1072 1231 1230
3 1231 1240 1230
3 1230 1240 1238
3 1240 1241 1238
3 1238 1241 1239
3 1241 1242 1239
3 1239 1242 1221
3 1242 1222 1221
3 1076 1232 1231
3 1232 1243 1231
3 1231 1243 1240
3 1243 1244 1240
3 1240 1244 1241
3 1244 1245 1241
3 1241 1245 1242
3 1245 1246 1242
3 1242 1246 1222
3 1246 1223 1222
3 1081 1233 1232
3 1233 1247 1232
3 1232 1247 1243
3 1247 1248 1243
3 1243 1248 1244
3 1248 1249 1244
3 1244 1249 1245
3 1249 1250 1245
3 1245 1250 1246
3 1250 1251 1246
3 1246 1251 1223
3 1251 1224 1223
3 1087 1234 1233
3 1234 1252 1233
3 1233 1252 1247
3 1252 1253 1247
3 1247 1253 1248
3 1253 1254 1248
3 1248 1254 1249
3 1254 1255 1249
3 1249 1255 1250
3 1255 1256 1250
3 1250 1256 1251
3 1256 1257 1251
3 1251 1257 1224
3 1257 1225 1224
3 1094 1235 1234
3 1235 1258 1234
3 1234 1258 1252
3 1258 1259 1252
3 1252 1259 1253
3 1259 1260 1253
3 1253 1260 1254
3 1260 1261 1254
3 1254 1261 1255
3 1261 1262 1255
3 1255 1262 1256
3 1262 1263 1256
3 1256 1263 1257
3 1263 1264 1257
3 1257 1264 1225
3 1264 1226 1225
3 1102 1236 1235
3 1236 1265 1235
3 1235 1265 1258
3 1265 1266 1258
3 1258 1266 1259
3 1266 1267 1259
3 1259 1267 1260
3 1267 1268 1260
3 1260 1268 1261
3 1268 1269 1261
3 1261 1269 1262
3 1269 1270 1262
3 1262 1270 1263
3 1270 1271 1263
3 1263 1271 1264
3 1271 1272 1264
3 1264 1272 1226
3 1272 1227 1226
3 26 25 1236
3 25 134 1236
3 1236 134 1265
3 134 133 1265
3 1265 133 1266
3 133 132 1266
3 1266 132 1267
3 132 131 1267
3 1267 131 1268
3 131 130 1268
3 1268 130 1269
3 130 129 1269
3 1269 129 1270
3 129 128 1270
3 1270 128 1271
3 128 127 1271
3 1271 127 1272
3 127 63 1272
3 1272 63 1227
3 63 18 1227
3 53 1273 15
3 605 1274 53
3 603 1275 605
3 601 1276 603
3 599 1277 601
3 597 1278 599
3 595 1279 597
3 593 1280 595
3 591 1281 593
3 23 1282 591
3 53 1274 1273
3 1274 1283 1273
3 605 1275 1274
3 1275 1284 1274
3 1274 1284 1283
3 1284 1285 1283
3 603 1276 1275
3 1276 1286 1275
3 1275 1286 1284
3 1286 1287 1284
3 1284 1287 1285
3 1287 1288 1285
3 601 1277 1276
3 1277 1289 1276
3 1276 1289 1286
3 1289 1290 1286
3 1286 1290 1287
3 1290 1291 1287
3 1287 1291 1288
3 1291 1292 1288
3 599 1278 1277
3 1278 1293 1277
3 1277 1293 1289
3 1293 1294 1289
3 1289 1294 1290
3 1294 1295 1290
3 1290 1295 1291
3 1295 1296 1291
3 1291 1296 1292
3 1296 1297 1292
3 597 1279 1278
3 1279 1298 1278
3 1278 1298 1293
3 1298 1299 1293
3 1293 1299 1294
3 1299 1300 1294
3 1294 1300 1295
3 1300 1301 1295
3 1295 1301 1296
3 1301 1302 1296
3 1296 1302 1297
3 1302 1303 1297
3 595 1280 1279
3 1280 1304 1279
3 1279 1304 1298
3 1304 1305 1298
3 1298 1305 1299
3 1305 1306 1299
3 1299 1306 1300
3 1306 1307 1300
3 1300 1307 1301
3 1307 1308 1301
3 1301 1308 1302
3 1308 1309 1302
3 1302 1309 1303
3 1309 1310 1303
3 593 1281 1280
3 1281 1311 1280
3 1280 1311 1304
3 1311 1312 1304
3 1304 1312 1305
3 1312 1313 1305
3 1305 1313 1306
3 1313 1314 1306
3 1306 1314 1307
3 1314 1315 1307
3 1307 1315 1308
3 1315 1316 1308
3 1308 1316 1309
3 1316 1317 1309
3 1309 1317 1310
3 1317 1318 1310
3 591 1282 1281
3 1282 1319 1281
3 1281 1319 1311
3 1319 1320 1311
3 1311 1320 1312
3 1320 1321 1312
3 1312 1321 1313
3 1321 1322 1313
3 1313 1322 1314
3 1322 1323 1314
3 1314 1323 1315
3 1323 1324 1315
3 1315 1324 1316
3 1324 1325 1316
3 1316 1325 1317
3 1325 1326 1317
3 1317 1326 1318
3 1326 14 1318
3 23 22 1282
3 22 1327 1282
3 1282 1327 1319
3 1327 1328 1319
3 1319 1328 1320
3 1328 1329 1320
3 1320 1329 1321
3 1329 1330 1321
3 1321 1330 1322
3 1330 1331 1322
3 1322 1331 1323
3 1331 1332 1323
3 1323 1332 1324
3 1332 1333 1324
3 1324 1333 1325
3 1333 1334 1325
3 1325 1334 1326
3 1334 1335 1326
3 1326 1335 14
3 1335 12 14
3 1165 22 21
3 1175 1336 1165
3 1177 1337 1175
3 1180 1338 1177
3 1184 1339 1180
3 1189 1340 1184
3 1195 1341 1189
3 1202 1342 1195
3 1210 1343 1202
3 20 1344 1210
3 1165 1336 22
3 1336 1327 22
3 1175 1337 1336
3 1337 1345 1336
3 1336 1345 1327
3 1345 1328 1327
3 1177 1338 1337
3 1338 1346 1337
3 1337 1346 1345
3 1346 1347 1345
3 1345 1347 1328
3 1347 1329 1328
3 1180 1339 1338
3 1339 1348 1338
3 1338 1348 1346
3 1348 1349 1346
3 1346 1349 1347
3 1349 1350 1347
3 1347 1350 1329
3 1350 1330 1329
3 1184 1340 1339
3 1340 1351 1339
3 1339 1351 1348
3 1351 1352 1348
3 1348 1352 1349
3 1352 1353 1349
3 1349 1353 1350
3 1353 1354 1350
3 1350 1354 1330
3 1354 1331 1330
3 1189 1341 1340
3 1341 1355 1340
3 1340 1355 1351
3 1355 1356 1351
3 1351 1356 1352
3 1356 1357 1352
3 1352 1357 1353
3 1357 1358 1353
3 1353 1358 1354
3 1358 1359 1354
3 1354 1359 1331
3 1359 1332 1331
3 1195 1342 1341
3 1342 1360 1341
3 1341 1360 1355
3 1360 1361 1355
3 1355 1361 1356
3 1361 1362 1356
3 1356 1362 1357
3 1362 1363 1357
3 1357 1363 1358
3 1363 1364 1358
3 1358 1364 1359
3 1364 1365 1359
3 1359 1365 1332
3 1365 1333 1332
3 1202 1343 1342
3 1343 1366 1342
3 1342 1366 1360
3 1366 1367 1360
3 1360 1367 1361
3 1367 1368 1361
3 1361 1368 1362
3 1368 1369 1362
3 1362 1369 1363
3 1369 1370 1363
3 1363 1370 1364
3 1370 1371 1364
3 1364 1371 1365
3 1371 1372 1365
3 1365 1372 1333
3 1372 1334 1333
3 1210 1344 1343
3 1344 1373 1343
3 1343 1373 1366
3 1373 1374 1366
3 1366 1374 1367
3 1374 1375 1367
3 1367 1375 1368
3 1375 1376 1368
3 1368 1376 1369
3 1376 1377 1369
3 1369 1377 1370
3 1377 1378 1370
3 1370 1378 1371
3 1378 1379 1371
3 1371 1379 1372
3 1379 1380 1372
3 1372 1380 1334
3 1380 1335 1334
3 20 19 1344
3 19 222 1344
3 1344 222 1373
3 222 220 1373
3 1373 220 1374
3 220 218 1374
3 1374 218 1375
3 218 216 1375
3 1375 216 1376
3 216 214 1376
3 1376 214 1377
3 214 212 1377
3 1377 212 1378
3 212 210 1378
3 1378 210 1379
3 210 208 1379
3 1379 208 1380
3 208 207 1380
3 1380 207 1335
3 207 12 1335
3 519 1381 9
3 518 1382 519
3 517 1383 518
3 516 1384 517
3 515 1385 516
3 514 1386 515
3 513 1387 514
3 512 1388 513
3 511 1389 512
3 17 1390 511
3 519 1382 1381
3 1382 1391 1381
3 518 1383 1382
3 1383 1392 1382
3 1382 1392 1391
3 1392 1393 1391
3 517 1384 1383
3 1384 1394 1383
3 1383 1394 1392
3 1394 1395 1392
3 1392 1395 1393
3 1395 1396 1393
3 516 1385 1384
3 1385 1397 1384
3 1384 1397 1394
3 1397 1398 1394
3 1394 1398 1395
3 1398 1399 1395
3 1395 1399 1396
3 1399 1400 1396
3 515 1386 1385
3 1386 1401 1385
3 1385 1401 1397
3 1401 1402 1397
3 1397 1402 1398
3 1402 1403 1398
3 1398 1403 1399
3 1403 1404 1399
3 1399 1404 1400
3 1404 1405 1400
3 514 1387 1386
3 1387 1406 1386
3 1386 1406 1401
3 1406 1407 1401
3 1401 1407 1402
3 1407 1408 1402
3 1402 1408 1403
3 1408 1409 1403
3 1403 1409 1404
3 1409 1410 1404
3 1404 1410 1405
3 1410 1411 1405
3 513 1388 1387
3 1388 1412 1387
3 1387 1412 1406
3 1412 1413 1406
3 1406 1413 1407
3 1413 1414 1407
3 1407 1414 1408
3 1414 1415 1408
3 1408 1415 1409
3 1415 1416 1409
3 1409 1416 1410
3 1416 1417 1410
3 1410 1417 1411
3 1417 1418 1411
3 512 1389 1388
3 1389 1419 1388
3 1388 1419 1412
3 1419 1420 1412
3 1412 1420 1413
3 1420 1421 1413
3 1413 1421 1414
3 1421 1422 1414
3 1414 1422 1415
3 1422 1423 1415
3 1415 1423 1416
3 1423 1424 1416
3 1416 1424 1417
3 1424 1425 1417
3 1417 1425 1418
3 1425 1426 1418
3 511 1390 1389
3 1390 1427 1389
3 1389 1427 1419
3 1427 1428 1419
3 1419 1428 1420
3 1428 1429 1420
3 1420 1429 1421
3 1429 1430 1421
3 1421 1430 1422
3 1430 1431 1422
3 1422 1431 1423
3 1431 1432 1423
3 1423 1432 1424
3 1432 1433 1424
3 1424 1433 1425
3 1433 1434 1425
3 1425 1434 1426
3 1434 8 1426
3 17 16 1390
3 16 1435 1390
3 1390 1435 1427
3 1435 1436 1427
3 1427 1436 1428
3 1436 1437 1428
3 1428 1437 1429
3 1437 1438 1429
3 1429 1438 1430
3 1438 1439 1430
3 1430 1439 1431
3 1439 1440 1431
3 1431 1440 1432
3 1440 1441 1432
3 1432 1441 1433
3 1441 1442 1433
3 1433 1442 1434
3 1442 1443 1434
3 1434 1443 8
3 1443 6 8
3 1273 16 15
3 1283 1444 1273
3 1285 1445 1283
3 1288 1446 1285
3 1292 1447 1288
3 1297 1448 1292
3 1303 1449 1297
3 1310 1450 1303
3 1318 1451 1310
3 14 1452 1318
3 1273 1444 16
3 1444 1435 16
3 1283 1445 1444
3 1445 1453 1444
3 1444 1453 1435
3 1453 1436 1435
3 1285 1446 1445
3 1446 1454 1445
3 1445 1454 1453
3 1454 1455 1453
3 1453 1455 1436
3 1455 1437 1436
3 1288 1447 1446
3 1447 1456 1446
3 1446 1456 1454
3 1456 1457 1454
3 1454 1457 1455
3 1457 1458 1455
3 1455 1458 1437
3 1458 1438 1437
3 1292 1448 1447
3 1448 1459 1447
3 1447 1459 1456
3 1459 1460 1456
3 1456 1460 1457
3 1460 1461 1457
3 1457 1461 1458
3 1461 1462 1458
3 1458 1462 1438
3 1462 1439 1438
3 1297 1449 1448
3 1449 1463 1448
3 1448 1463 1459
3 1463 1464 1459
3 1459 1464 1460
3 1464 1465 1460
3 1460 1465 1461
3 1465 1466 1461
3 1461 1466 1462
3 1466 1467 1462
3 1462 1467 1439
3 1467 1440 1439
3 1303 1450 1449
3 1450 1468 1449
3 1449 1468 1463
3 1468 1469 1463
3 1463 1469 1464
3 1469 1470 1464
3 1464 1470 1465
3 1470 1471 1465
3 1465 1471 1466
3 1471 1472 1466
3 1466 1472 1467
3 1472 1473 1467
3 1467 1473 1440
3 1473 1441 1440
3 1310 1451 1450
3 1451 1474 1450
3 1450 1474 1468
3 1474 1475 1468
3 1468 1475 1469
3 1475 1476 1469
3 1469 1476 1470
3 1476 1477 1470
3 1470 1477 1471
3 1477 1478 1471
3 1471 1478 1472
3 1478 1479 1472
3 1472 1479 1473
3 1479 1480 1473
3 1473 1480 1441
3 1480 1442 1441
3 1318 1452 1451
3 1452 1481 1451
3 1451 1481 1474
3 1481 1482 1474
3 1474 1482 1475
3 1482 1483 1475
3 1475 1483 1476
3 1483 1484 1476
3 1476 1484 1477
3 1484 1485 1477
3 1477 1485 1478
3 1485 1486 1478
3 1478 1486 1479
3 1486 1487 1479
3 1479 1487 1480
3 1487 1488 1480
3 1480 1488 1442
3 1488 1443 1442
3 14 13 1452
3 13 150 1452
3 1452 150 1481
3 150 148 1481
3 1481 148 1482
3 148 146 1482
3 1482 146 1483
3 146 144 1483
3 1483 144 1484
3 144 142 1484
3 1484 142 1485
3 142 140 1485
3 1485 140 1486
3 140 138 1486
3 1486 138 1487
3 138 136 1487
3 1487 136 1488
3 136 135 1488
3 1488 135 1443
3 135 6 1443
3 449 1489 3
3 467 1490 449
3 469 1491 467
3 472 1492 469
3 476 1493 472
3 481 1494 476
3 487 1495 481
3 494 1496 487
3 502 1497 494
3 11 1498 502
3 449 1490 1489
3 1490 1499 1489
3 467 1491 1490
3 1491 1500 1490
3 1490 1500 1499
3 1500 1501 1499
3 469 1492 1491
3 1492 1502 1491
3 1491 1502 1500
3 1502 1503 1500
3 1500 1503 1501
3 1503 1504 1501
3 472 1493 1492
3 1493 1505 1492
3 1492 1505 1502
3 1505 1506 1502
3 1502 1506 1503
3 1506 1507 1503
3 1503 1507 1504
3 1507 1508 1504
3 476 1494 1493
3 1494 1509 1493
3 1493 1509 1505
3 1509 1510 1505
3 1505 1510 1506
3 1510 1511 1506
3 1506 1511 1507
3 1511 1512 1507
3 1507 1512 1508
3 1512 1513 1508
3 481 1495 1494
3 1495 1514 1494
3 1494 1514 1509
3 1514 1515 1509
3 1509 1515 1510
3 1515 1516 1510
3 1510 1516 1511
3 1516 1517 1511
3 1511 1517 1512
3 1517 1518 1512
3 1512 1518 1513
3 1518 1519 1513
3 487 1496 1495
3 1496 1520 1495
3 1495 1520 1514
3 1520 1521 1514
3 1514 1521 1515
3 1521 1522 1515
3 1515 1522 1516
3 1522 1523 1516
3 1516 1523 1517
3 1523 1524 1517
3 1517 1524 1518
3 1524 1525 1518
3 1518 1525 1519
3 1525 1526 1519
3 494 1497 1496
3 1497 1527 1496
3 1496 1527 1520
3 1527 1528 1520
3 1520 1528 1521
3 1528 1529 1521
3 1521 1529 1522
3 1529 1530 1522
3 1522 1530 1523
3 1530 1531 1523
3 1523 1531 1524
3 1531 1532 1524
3 1524 1532 1525
3 1532 1533 1525
3 1525 1533 1526
3 1533 1534 1526
3 502 1498 1497
3 1498 1535 1497
3 1497 1535 1527
3 1535 1536 1527
3 1527 1536 1528
3 1536 1537 1528
3 1528 1537 1529
3 1537 1538 1529
3 1529 1538 1530
3 1538 1539 1530
3 1530 1539 1531
3 1539 1540 1531
3 1531 1540 1532
3 1540 1541 1532
3 1532 1541 1533
3 1541 1542 1533
3 1533 1542 1534
3 1542 2 1534
3 11 10 1498
3 10 1543 1498
3 1498 1543 1535
3 1543 1544 1535
3 1535 1544 1536
3 1544 1545 1536
3 1536 1545 1537
3 1545 1546 1537
3 1537 1546 1538
3 1546 1547 1538
3 1538 1547 1539
3 1547 1548 1539
3 1539 1548 1540
3 1548 1549 1540
3 1540 1549 1541
3 1549 1550 1541
3 1541 1550 1542
3 1550 1551 1542
3 1542 1551 2
3 1551 0 2
3 1381 10 9
3 1391 1552 1381
3 1393 1553 1391
3 1396 1554 1393
3 1400 1555 1396
3 1405 1556 1400
3 1411 1557 1405
3 1418 1558 1411
3 1426 1559 1418
3 8 1560 1426
3 1381 1552 10
3 1552 1543 10
3 1391 1553 1552
3 1553 1561 1552
3 1552 1561 1543
3 1561 1544 1543
3 1393 1554 1553
3 1554 1562 1553
3 1553 1562 1561
3 1562 1563 1561
3 1561 1563 1544
3 1563 1545 1544
3 1396 1555 1554
3 1555 1564 1554
3 1554 1564 1562
3 1564 1565 1562
3 1562 1565 1563
3 1565 1566 1563
3 1563 1566 1545
3 1566 1546 1545
3 1400 1556 1555
3 1556 1567 1555
3 1555 1567 1564
3 1567 1568 1564
3 1564 1568 1565
3 1568 1569 1565
3 1565 1569 1566
3 1569 1570 1566
3 1566 1570 1546
3 1570 1547 1546
3 1405 1557 1556
3 1557 1571 1556
3 1556 1571 1567
3 1571 1572 1567
3 1567 1572 1568
3 1572 1573 1568
3 1568 1573 1569
3 1573 1574 1569
3 1569 1574 1570
3 1574 1575 1570
3 1570 1575 1547
3 1575 1548 1547
3 1411 1558 1557
3 1558 1576 1557
3 1557 1576 1571
3 1576 1577 1571
3 1571 1577 1572
3 1577 1578 1572
3 1572 1578 1573
3 1578 1579 1573
3 1573 1579 1574
3 1579 1580 1574
3 1574 1580 1575
3 1580 1581 1575
3 1575 1581 1548
3 1581 1549 1548
3 1418 1559 1558
3 1559 1582 1558
3 1558 1582 1576
3 1582 1583 1576
3 1576 1583 1577
3 1583 1584 1577
3 1577 1584 1578
3 1584 1585 1578
3 1578 1585 1579
3 1585 1586 1579
3 1579 1586 1580
3 1586 1587 1580
3 1580 1587 1581
3 1587 1588 1581
3 1581 1588 1549
3 1588 1550 1549
3 1426 1560 1559
3 1560 1589 1559
3 1559 1589 1582
3 1589 1590 1582
3 1582 1590 1583
3 1590 1591 1583
3 1583 1591 1584
3 1591 1592 1584
3 1584 1592 1585
3 1592 1593 1585
3 1585 1593 1586
3 1593 1594 1586
3 1586 1594 1587
3 1594 1595 1587
3 1587 1595 1588
3 1595 1596 1588
3 1588 1596 1550
3 1596 1551 1550
3 8 7 1560
3 7 153 1560
3 1560 153 1589
3 153 155 1589
3 1589 155 1590
3 155 158 1590
3 1590 158 1591
3 158 162 1591
3 1591 162 1592
3 162 167 1592
3 1592 167 1593
3 167 173 1593
3 1593 173 1594
3 173 180 1594
3 1594 180 1595
3 180 188 1595
3 1595 188 1596
3 188 197 1596
3 1596 197 1551
3 197 0 1551
3 48 895 45
3 784 1597 48
3 782 1598 784
3 780 1599 782
3 778 1600 780
3 776 1601 778
3 774 1602 776
3 772 1603 774
3 770 1604 772
3 5 1605 770
3 48 1597 895
3 1597 896 895
3 784 1598 1597
3 1598 1606 1597
3 1597 1606 896
3 1606 898 896
3 782 1599 1598
3 1599 1607 1598
3 1598 1607 1606
3 1607 1608 1606
3 1606 1608 898
3 1608 900 898
3 780 1600 1599
3 1600 1609 1599
3 1599 1609 1607
3 1609 1610 1607
3 1607 1610 1608
3 1610 1611 1608
3 1608 1611 900
3 1611 902 900
3 778 1601 1600
3 1601 1612 1600
3 1600 1612 1609
3 1612 1613 1609
3 1609 1613 1610
3 1613 1614 1610
3 1610 1614 1611
3 1614 1615 1611
3 1611 1615 902
3 1615 904 902
3 776 1602 1601
3 1602 1616 1601
3 1601 1616 1612
3 1616 1617 1612
3 1612 1617 1613
3 1617 1618 1613
3 1613 1618 1614
3 1618 1619 1614
3 1614 1619 1615
3 1619 1620 1615
3 1615 1620 904
3 1620 906 904
3 774 1603 1602
3 1603 1621 1602
3 1602 1621 1616
3 1621 1622 1616
3 1616 1622 1617
3 1622 1623 1617
3 1617 1623 1618
3 1623 1624 1618
3 1618 1624 1619
3 1624 1625 1619
3 1619 1625 1620
3 1625 1626 1620
3 1620 1626 906
3 1626 908 906
3 772 1604 1603
3 1604 1627 1603
3 1603 1627 1621
3 1627 1628 1621
3 1621 1628 1622
3 1628 1629 1622
3 1622 1629 1623
3 1629 1630 1623
3 1623 1630 1624
3 1630 1631 1624
3 1624 1631 1625
3 1631 1632 1625
3 1625 1632 1626
3 1632 1633 1626
3 1626 1633 908
3 1633 910 908
3 770 1605 1604
3 1605 1634 1604
3 1604 1634 1627
3 1634 1635 1627
3 1627 1635 1628
3 1635 1636 1628
3 1628 1636 1629
3 1636 1637 1629
3 1629 1637 1630
3 1637 1638 1630
3 1630 1638 1631
3 1638 1639 1631
3 1631 1639 1632
3 1639 1640 1632
3 1632 1640 1633
3 1640 1641 1633
3 1633 1641 910
3 1641 44 910
3 5 4 1605
3 4 1642 1605
3 1605 1642 1634
3 1642 1643 1634
3 1634 1643 1635
3 1643 1644 1635
3 1635 1644 1636
3 1644 1645 1636
3 1636 1645 1637
3 1645 1646 1637
3 1637 1646 1638
3 1646 1647 1638
3 1638 1647 1639
3 1647 1648 1639
3 1639 1648 1640
3 1648 1649 1640
3 1640 1649 1641
3 1649 1650 1641
3 1641 1650 44
3 1650 42 44
3 1489 4 3
3 1499 1651 1489
3 1501 1652 1499
3 1504 1653 1501
3 1508 1654 1504
3 1513 1655 1508
3 1519 1656 1513
3 1526 1657 1519
3 1534 1658 1526
3 2 1659 1534
3 1489 1651 4
3 1651 1642 4
3 1499 1652 1651
3 1652 1660 1651
3 1651 1660 1642
3 1660 1643 1642
3 1501 1653 1652
3 1653 1661 1652
3 1652 1661 1660
3 1661 1662 1660
3 1660 1662 1643
3 1662 1644 1643
3 1504 1654 1653
3 1654 1663 1653
3 1653 1663 1661
3 1663 1664 1661
3 1661 1664 1662
3 1664 1665 1662
3 1662 1665 1644
3 1665 1645 1644
3 1508 1655 1654
3 1655 1666 1654
3 1654 1666 1663
3 1666 1667 1663
3 1663 1667 1664
3 1667 1668 1664
3 1664 1668 1665
3 1668 1669 1665
3 1665 1669 1645
3 1669 1646 1645
3 1513 1656 1655
3 1656 1670 1655
3 1655 1670 1666
3 1670 1671 1666
3 1666 1671 1667
3 1671 1672 1667
3 1667 1672 1668
3 1672 1673 1668
3 1668 1673 1669
3 1673 1674 1669
3 1669 1674 1646
3 1674 1647 1646
3 1519 1657 1656
3 1657 1675 1656
3 1656 1675 1670
3 1675 1676 1670
3 1670 1676 1671
3 1676 1677 1671
3 1671 1677 1672
3 1677 1678 1672
3 1672 1678 1673
3 1678 1679 1673
3 1673 1679 1674
3 1679 1680 1674
3 1674 1680 1647
3 1680 1648 1647
3 1526 1658 1657
3 1658 1681 1657
3 1657 1681 1675
3 1681 1682 1675
3 1675 1682 1676
3 1682 1683 1676
3 1676 1683 1677
3 1683 1684 1677
3 1677 1684 1678
3 1684 1685 1678
3 1678 1685 1679
3 1685 1686 1679
3 1679 1686 1680
3 1686 1687 1680
3 1680 1687 1648
3 1687 1649 1648
3 1534 1659 1658
3 1659 1688 1658
3 1658 1688 1681
3 1688 1689 1681
3 1681 1689 1682
3 1689 1690 1682
3 1682 1690 1683
3 1690 1691 1683
3 1683 1691 1684
3 1691 1692 1684
3 1684 1692 1685
3 1692 1693 1685
3 1685 1693 1686
3 1693 1694 1686
3 1686 1694 1687
3 1694 1695 1687
3 1687 1695 1649
3 1695 1650 1649
3 2 1 1659
3 1 333 1659
3 1659 333 1688
3 333 335 1688
3 1688 335 1689
3 335 338 1689
3 1689 338 1690
3 338 342 1690
3 1690 342 1691
3 342 347 1691
3 1691 347 1692
3 347 353 1692
3 1692 353 1693
3 353 360 1693
3 1693 360 1694
3 360 368 1694
3 1694 368 1695
3 368 377 1695
3 1695 377 1650
3 377 42 1650
